name,reference product
"ethanol production, via fermentation, from wheat, with carbon capture and storage","ethanol, from wheat grains"
"ethanol, from wheat grains, with carbon capture and storage, energy allocation, at fuelling station","ethanol, without water, in 99.7% solution state, vehicle grade"
"bioethanol, from non-residual cellulosic biomass, burned in passenger car",heat
"softwood forestry, spruce, sustainable forest management","sawlog and veneer log, softwood, with bark, green, measured as green volume over bark"
"softwood forestry, spruce, sustainable forest management","sawlog and veneer log, softwood, with bark, green, measured as green volume over bark"
"softwood forestry, spruce, sustainable forest management","sawlog and veneer log, softwood, with bark, green, measured as green volume over bark"
"softwood forestry, spruce, sustainable forest management","sawlog and veneer log, softwood, with bark, green, measured as green volume over bark"
"softwood forestry, spruce, sustainable forest management","sawlog and veneer log, softwood, with bark, green, measured as green volume over bark"
"softwood forestry, spruce, sustainable forest management","sawlog and veneer log, softwood, with bark, green, measured as green volume over bark"
"softwood forestry, spruce, sustainable forest management","sawlog and veneer log, softwood, with bark, green, measured as green volume over bark"
"softwood forestry, spruce, sustainable forest management","sawlog and veneer log, softwood, with bark, green, measured as green volume over bark"
"softwood forestry, spruce, sustainable forest management","sawlog and veneer log, softwood, with bark, green, measured as green volume over bark"
"softwood forestry, spruce, sustainable forest management","sawlog and veneer log, softwood, with bark, green, measured as green volume over bark"
"softwood forestry, spruce, sustainable forest management","sawlog and veneer log, softwood, with bark, green, measured as green volume over bark"
"softwood forestry, spruce, sustainable forest management","sawlog and veneer log, softwood, with bark, green, measured as green volume over bark"
"softwood forestry, spruce, sustainable forest management","sawlog and veneer log, softwood, with bark, green, measured as green volume under bark"
"softwood forestry, spruce, sustainable forest management","sawlog and veneer log, softwood, with bark, green, measured as green volume under bark"
"softwood forestry, spruce, sustainable forest management","sawlog and veneer log, softwood, with bark, green, measured as green volume under bark"
"softwood forestry, spruce, sustainable forest management","sawlog and veneer log, softwood, with bark, green, measured as green volume under bark"
"softwood forestry, spruce, sustainable forest management","sawlog and veneer log, softwood, with bark, green, measured as green volume under bark"
"softwood forestry, spruce, sustainable forest management","sawlog and veneer log, softwood, with bark, green, measured as green volume under bark"
"softwood forestry, spruce, sustainable forest management","sawlog and veneer log, softwood, with bark, green, measured as green volume under bark"
"softwood forestry, spruce, sustainable forest management","sawlog and veneer log, softwood, with bark, green, measured as green volume under bark"
"softwood forestry, spruce, sustainable forest management","sawlog and veneer log, softwood, with bark, green, measured as green volume under bark"
"softwood forestry, spruce, sustainable forest management","sawlog and veneer log, softwood, with bark, green, measured as green volume under bark"
"softwood forestry, spruce, sustainable forest management","sawlog and veneer log, softwood, with bark, green, measured as green volume under bark"
"softwood forestry, spruce, sustainable forest management","sawlog and veneer log, softwood, with bark, green, measured as green volume under bark"
"softwood forestry, spruce, sustainable forest management","wood chips, green, measured as dry mass"
"softwood forestry, spruce, sustainable forest management","wood chips, green, measured as dry mass"
"softwood forestry, spruce, sustainable forest management","wood chips, green, measured as dry mass"
"softwood forestry, spruce, sustainable forest management","wood chips, green, measured as dry mass"
"softwood forestry, spruce, sustainable forest management","wood chips, green, measured as dry mass"
"softwood forestry, spruce, sustainable forest management","wood chips, green, measured as dry mass"
"softwood forestry, spruce, sustainable forest management","wood chips, green, measured as dry mass"
"softwood forestry, spruce, sustainable forest management","wood chips, green, measured as dry mass"
"softwood forestry, spruce, sustainable forest management","wood chips, green, measured as dry mass"
"softwood forestry, spruce, sustainable forest management","wood chips, green, measured as dry mass"
"softwood forestry, spruce, sustainable forest management","wood chips, green, measured as dry mass"
"softwood forestry, spruce, sustainable forest management","wood chips, green, measured as dry mass"
"softwood forestry, spruce, sustainable forest management","pulpwood, softwood, with bark, green, measured as green volume under bark"
"softwood forestry, spruce, sustainable forest management","pulpwood, softwood, with bark, green, measured as green volume under bark"
"softwood forestry, spruce, sustainable forest management","pulpwood, softwood, with bark, green, measured as green volume under bark"
"softwood forestry, spruce, sustainable forest management","pulpwood, softwood, with bark, green, measured as green volume under bark"
"softwood forestry, spruce, sustainable forest management","pulpwood, softwood, with bark, green, measured as green volume under bark"
"softwood forestry, spruce, sustainable forest management","pulpwood, softwood, with bark, green, measured as green volume under bark"
"softwood forestry, spruce, sustainable forest management","pulpwood, softwood, with bark, green, measured as green volume under bark"
"softwood forestry, spruce, sustainable forest management","pulpwood, softwood, with bark, green, measured as green volume under bark"
"softwood forestry, spruce, sustainable forest management","pulpwood, softwood, with bark, green, measured as green volume under bark"
"softwood forestry, spruce, sustainable forest management","pulpwood, softwood, with bark, green, measured as green volume under bark"
"softwood forestry, spruce, sustainable forest management","pulpwood, softwood, with bark, green, measured as green volume under bark"
"softwood forestry, spruce, sustainable forest management","pulpwood, softwood, with bark, green, measured as green volume under bark"
"softwood forestry, spruce, sustainable forest management","forest chips, green, from logging residues, measured as dry mass"
"softwood forestry, spruce, sustainable forest management","forest chips, green, from logging residues, measured as dry mass"
"softwood forestry, spruce, sustainable forest management","forest chips, green, from logging residues, measured as dry mass"
"softwood forestry, spruce, sustainable forest management","forest chips, green, from logging residues, measured as dry mass"
"softwood forestry, spruce, sustainable forest management","forest chips, green, from logging residues, measured as dry mass"
"softwood forestry, spruce, sustainable forest management","forest chips, green, from logging residues, measured as dry mass"
"softwood forestry, spruce, sustainable forest management","forest chips, green, from logging residues, measured as dry mass"
"softwood forestry, spruce, sustainable forest management","forest chips, green, from logging residues, measured as dry mass"
"softwood forestry, spruce, sustainable forest management","forest chips, green, from logging residues, measured as dry mass"
"softwood forestry, spruce, sustainable forest management","forest chips, green, from logging residues, measured as dry mass"
"softwood forestry, spruce, sustainable forest management","forest chips, green, from logging residues, measured as dry mass"
"softwood forestry, spruce, sustainable forest management","forest chips, green, from logging residues, measured as dry mass"
"softwood forestry, spruce, sustainable forest management","energy wood, green, from young stand, measured as dry mass"
"softwood forestry, spruce, sustainable forest management","energy wood, green, from young stand, measured as dry mass"
"softwood forestry, spruce, sustainable forest management","energy wood, green, from young stand, measured as dry mass"
"softwood forestry, spruce, sustainable forest management","energy wood, green, from young stand, measured as dry mass"
"softwood forestry, spruce, sustainable forest management","energy wood, green, from young stand, measured as dry mass"
"softwood forestry, spruce, sustainable forest management","energy wood, green, from young stand, measured as dry mass"
"softwood forestry, spruce, sustainable forest management","energy wood, green, from young stand, measured as dry mass"
"softwood forestry, spruce, sustainable forest management","energy wood, green, from young stand, measured as dry mass"
"softwood forestry, spruce, sustainable forest management","energy wood, green, from young stand, measured as dry mass"
"softwood forestry, spruce, sustainable forest management","energy wood, green, from young stand, measured as dry mass"
"softwood forestry, spruce, sustainable forest management","energy wood, green, from young stand, measured as dry mass"
"softwood forestry, spruce, sustainable forest management","energy wood, green, from young stand, measured as dry mass"
"softwood forestry, spruce, sustainable forest management","cleft timber, green, measured as dry mass"
"softwood forestry, spruce, sustainable forest management","cleft timber, green, measured as dry mass"
"softwood forestry, spruce, sustainable forest management","cleft timber, green, measured as dry mass"
"softwood forestry, spruce, sustainable forest management","cleft timber, green, measured as dry mass"
"softwood forestry, spruce, sustainable forest management","cleft timber, green, measured as dry mass"
"softwood forestry, spruce, sustainable forest management","cleft timber, green, measured as dry mass"
"softwood forestry, spruce, sustainable forest management","cleft timber, green, measured as dry mass"
"softwood forestry, spruce, sustainable forest management","cleft timber, green, measured as dry mass"
"softwood forestry, spruce, sustainable forest management","cleft timber, green, measured as dry mass"
"softwood forestry, spruce, sustainable forest management","cleft timber, green, measured as dry mass"
"softwood forestry, spruce, sustainable forest management","cleft timber, green, measured as dry mass"
"softwood forestry, spruce, sustainable forest management","cleft timber, green, measured as dry mass"
"softwood forestry, spruce, sustainable forest management","pulpwood, softwood, with bark, green, measured as green volume over bark"
"softwood forestry, spruce, sustainable forest management","pulpwood, softwood, with bark, green, measured as green volume over bark"
"softwood forestry, spruce, sustainable forest management","pulpwood, softwood, with bark, green, measured as green volume over bark"
"softwood forestry, spruce, sustainable forest management","pulpwood, softwood, with bark, green, measured as green volume over bark"
"softwood forestry, spruce, sustainable forest management","pulpwood, softwood, with bark, green, measured as green volume over bark"
"softwood forestry, spruce, sustainable forest management","pulpwood, softwood, with bark, green, measured as green volume over bark"
"softwood forestry, spruce, sustainable forest management","pulpwood, softwood, with bark, green, measured as green volume over bark"
"softwood forestry, spruce, sustainable forest management","pulpwood, softwood, with bark, green, measured as green volume over bark"
"softwood forestry, spruce, sustainable forest management","pulpwood, softwood, with bark, green, measured as green volume over bark"
"softwood forestry, spruce, sustainable forest management","pulpwood, softwood, with bark, green, measured as green volume over bark"
"softwood forestry, spruce, sustainable forest management","pulpwood, softwood, with bark, green, measured as green volume over bark"
"softwood forestry, spruce, sustainable forest management","pulpwood, softwood, with bark, green, measured as green volume over bark"
"softwood forestry, spruce, sustainable forest management","fuel wood, green, measured as dry mass"
"softwood forestry, spruce, sustainable forest management","fuel wood, green, measured as dry mass"
"softwood forestry, spruce, sustainable forest management","fuel wood, green, measured as dry mass"
"softwood forestry, spruce, sustainable forest management","fuel wood, green, measured as dry mass"
"softwood forestry, spruce, sustainable forest management","fuel wood, green, measured as dry mass"
"softwood forestry, spruce, sustainable forest management","fuel wood, green, measured as dry mass"
"softwood forestry, spruce, sustainable forest management","fuel wood, green, measured as dry mass"
"softwood forestry, spruce, sustainable forest management","fuel wood, green, measured as dry mass"
"softwood forestry, spruce, sustainable forest management","fuel wood, green, measured as dry mass"
"softwood forestry, spruce, sustainable forest management","fuel wood, green, measured as dry mass"
"softwood forestry, spruce, sustainable forest management","fuel wood, green, measured as dry mass"
"softwood forestry, spruce, sustainable forest management","fuel wood, green, measured as dry mass"
"softwood forestry, spruce, sustainable forest management","bundle, energy wood, green, measured as dry mass"
"softwood forestry, spruce, sustainable forest management","bundle, energy wood, green, measured as dry mass"
"softwood forestry, spruce, sustainable forest management","bundle, energy wood, green, measured as dry mass"
"softwood forestry, spruce, sustainable forest management","bundle, energy wood, green, measured as dry mass"
"softwood forestry, spruce, sustainable forest management","bundle, energy wood, green, measured as dry mass"
"softwood forestry, spruce, sustainable forest management","bundle, energy wood, green, measured as dry mass"
"softwood forestry, spruce, sustainable forest management","bundle, energy wood, green, measured as dry mass"
"softwood forestry, spruce, sustainable forest management","bundle, energy wood, green, measured as dry mass"
"softwood forestry, spruce, sustainable forest management","bundle, energy wood, green, measured as dry mass"
"softwood forestry, spruce, sustainable forest management","bundle, energy wood, green, measured as dry mass"
"softwood forestry, spruce, sustainable forest management","bundle, energy wood, green, measured as dry mass"
"softwood forestry, spruce, sustainable forest management","bundle, energy wood, green, measured as dry mass"
"softwood forestry, pine, sustainable forest management","forest chips, green, from logging residues, measured as dry mass"
"softwood forestry, pine, sustainable forest management","forest chips, green, from logging residues, measured as dry mass"
"softwood forestry, pine, sustainable forest management","forest chips, green, from logging residues, measured as dry mass"
"softwood forestry, pine, sustainable forest management","forest chips, green, from logging residues, measured as dry mass"
"softwood forestry, pine, sustainable forest management","forest chips, green, from logging residues, measured as dry mass"
"softwood forestry, pine, sustainable forest management","forest chips, green, from logging residues, measured as dry mass"
"softwood forestry, pine, sustainable forest management","forest chips, green, from logging residues, measured as dry mass"
"softwood forestry, pine, sustainable forest management","forest chips, green, from logging residues, measured as dry mass"
"softwood forestry, pine, sustainable forest management","forest chips, green, from logging residues, measured as dry mass"
"softwood forestry, pine, sustainable forest management","forest chips, green, from logging residues, measured as dry mass"
"softwood forestry, pine, sustainable forest management","forest chips, green, from logging residues, measured as dry mass"
"softwood forestry, pine, sustainable forest management","forest chips, green, from logging residues, measured as dry mass"
"softwood forestry, pine, sustainable forest management","sawlog and veneer log, softwood, with bark, green, measured as green volume over bark"
"softwood forestry, pine, sustainable forest management","sawlog and veneer log, softwood, with bark, green, measured as green volume over bark"
"softwood forestry, pine, sustainable forest management","sawlog and veneer log, softwood, with bark, green, measured as green volume over bark"
"softwood forestry, pine, sustainable forest management","sawlog and veneer log, softwood, with bark, green, measured as green volume over bark"
"softwood forestry, pine, sustainable forest management","sawlog and veneer log, softwood, with bark, green, measured as green volume over bark"
"softwood forestry, pine, sustainable forest management","sawlog and veneer log, softwood, with bark, green, measured as green volume over bark"
"softwood forestry, pine, sustainable forest management","sawlog and veneer log, softwood, with bark, green, measured as green volume over bark"
"softwood forestry, pine, sustainable forest management","sawlog and veneer log, softwood, with bark, green, measured as green volume over bark"
"softwood forestry, pine, sustainable forest management","sawlog and veneer log, softwood, with bark, green, measured as green volume over bark"
"softwood forestry, pine, sustainable forest management","sawlog and veneer log, softwood, with bark, green, measured as green volume over bark"
"softwood forestry, pine, sustainable forest management","sawlog and veneer log, softwood, with bark, green, measured as green volume over bark"
"softwood forestry, pine, sustainable forest management","sawlog and veneer log, softwood, with bark, green, measured as green volume over bark"
"softwood forestry, pine, sustainable forest management","sawlog and veneer log, softwood, with bark, green, measured as green volume under bark"
"softwood forestry, pine, sustainable forest management","sawlog and veneer log, softwood, with bark, green, measured as green volume under bark"
"softwood forestry, pine, sustainable forest management","sawlog and veneer log, softwood, with bark, green, measured as green volume under bark"
"softwood forestry, pine, sustainable forest management","sawlog and veneer log, softwood, with bark, green, measured as green volume under bark"
"softwood forestry, pine, sustainable forest management","sawlog and veneer log, softwood, with bark, green, measured as green volume under bark"
"softwood forestry, pine, sustainable forest management","sawlog and veneer log, softwood, with bark, green, measured as green volume under bark"
"softwood forestry, pine, sustainable forest management","sawlog and veneer log, softwood, with bark, green, measured as green volume under bark"
"softwood forestry, pine, sustainable forest management","sawlog and veneer log, softwood, with bark, green, measured as green volume under bark"
"softwood forestry, pine, sustainable forest management","sawlog and veneer log, softwood, with bark, green, measured as green volume under bark"
"softwood forestry, pine, sustainable forest management","sawlog and veneer log, softwood, with bark, green, measured as green volume under bark"
"softwood forestry, pine, sustainable forest management","sawlog and veneer log, softwood, with bark, green, measured as green volume under bark"
"softwood forestry, pine, sustainable forest management","sawlog and veneer log, softwood, with bark, green, measured as green volume under bark"
"softwood forestry, pine, sustainable forest management","energy wood, green, from young stand, measured as dry mass"
"softwood forestry, pine, sustainable forest management","energy wood, green, from young stand, measured as dry mass"
"softwood forestry, pine, sustainable forest management","energy wood, green, from young stand, measured as dry mass"
"softwood forestry, pine, sustainable forest management","energy wood, green, from young stand, measured as dry mass"
"softwood forestry, pine, sustainable forest management","energy wood, green, from young stand, measured as dry mass"
"softwood forestry, pine, sustainable forest management","energy wood, green, from young stand, measured as dry mass"
"softwood forestry, pine, sustainable forest management","energy wood, green, from young stand, measured as dry mass"
"softwood forestry, pine, sustainable forest management","energy wood, green, from young stand, measured as dry mass"
"softwood forestry, pine, sustainable forest management","energy wood, green, from young stand, measured as dry mass"
"softwood forestry, pine, sustainable forest management","energy wood, green, from young stand, measured as dry mass"
"softwood forestry, pine, sustainable forest management","energy wood, green, from young stand, measured as dry mass"
"softwood forestry, pine, sustainable forest management","energy wood, green, from young stand, measured as dry mass"
"softwood forestry, pine, sustainable forest management","fuel wood, green, measured as dry mass"
"softwood forestry, pine, sustainable forest management","fuel wood, green, measured as dry mass"
"softwood forestry, pine, sustainable forest management","fuel wood, green, measured as dry mass"
"softwood forestry, pine, sustainable forest management","fuel wood, green, measured as dry mass"
"softwood forestry, pine, sustainable forest management","fuel wood, green, measured as dry mass"
"softwood forestry, pine, sustainable forest management","fuel wood, green, measured as dry mass"
"softwood forestry, pine, sustainable forest management","fuel wood, green, measured as dry mass"
"softwood forestry, pine, sustainable forest management","fuel wood, green, measured as dry mass"
"softwood forestry, pine, sustainable forest management","fuel wood, green, measured as dry mass"
"softwood forestry, pine, sustainable forest management","fuel wood, green, measured as dry mass"
"softwood forestry, pine, sustainable forest management","fuel wood, green, measured as dry mass"
"softwood forestry, pine, sustainable forest management","fuel wood, green, measured as dry mass"
"softwood forestry, pine, sustainable forest management","pulpwood, softwood, with bark, green, measured as green volume under bark"
"softwood forestry, pine, sustainable forest management","pulpwood, softwood, with bark, green, measured as green volume under bark"
"softwood forestry, pine, sustainable forest management","pulpwood, softwood, with bark, green, measured as green volume under bark"
"softwood forestry, pine, sustainable forest management","pulpwood, softwood, with bark, green, measured as green volume under bark"
"softwood forestry, pine, sustainable forest management","pulpwood, softwood, with bark, green, measured as green volume under bark"
"softwood forestry, pine, sustainable forest management","pulpwood, softwood, with bark, green, measured as green volume under bark"
"softwood forestry, pine, sustainable forest management","pulpwood, softwood, with bark, green, measured as green volume under bark"
"softwood forestry, pine, sustainable forest management","pulpwood, softwood, with bark, green, measured as green volume under bark"
"softwood forestry, pine, sustainable forest management","pulpwood, softwood, with bark, green, measured as green volume under bark"
"softwood forestry, pine, sustainable forest management","pulpwood, softwood, with bark, green, measured as green volume under bark"
"softwood forestry, pine, sustainable forest management","pulpwood, softwood, with bark, green, measured as green volume under bark"
"softwood forestry, pine, sustainable forest management","pulpwood, softwood, with bark, green, measured as green volume under bark"
"softwood forestry, pine, sustainable forest management","cleft timber, green, measured as dry mass"
"softwood forestry, pine, sustainable forest management","cleft timber, green, measured as dry mass"
"softwood forestry, pine, sustainable forest management","cleft timber, green, measured as dry mass"
"softwood forestry, pine, sustainable forest management","cleft timber, green, measured as dry mass"
"softwood forestry, pine, sustainable forest management","cleft timber, green, measured as dry mass"
"softwood forestry, pine, sustainable forest management","cleft timber, green, measured as dry mass"
"softwood forestry, pine, sustainable forest management","cleft timber, green, measured as dry mass"
"softwood forestry, pine, sustainable forest management","cleft timber, green, measured as dry mass"
"softwood forestry, pine, sustainable forest management","cleft timber, green, measured as dry mass"
"softwood forestry, pine, sustainable forest management","cleft timber, green, measured as dry mass"
"softwood forestry, pine, sustainable forest management","cleft timber, green, measured as dry mass"
"softwood forestry, pine, sustainable forest management","cleft timber, green, measured as dry mass"
"softwood forestry, pine, sustainable forest management","pulpwood, softwood, with bark, green, measured as green volume over bark"
"softwood forestry, pine, sustainable forest management","pulpwood, softwood, with bark, green, measured as green volume over bark"
"softwood forestry, pine, sustainable forest management","pulpwood, softwood, with bark, green, measured as green volume over bark"
"softwood forestry, pine, sustainable forest management","pulpwood, softwood, with bark, green, measured as green volume over bark"
"softwood forestry, pine, sustainable forest management","pulpwood, softwood, with bark, green, measured as green volume over bark"
"softwood forestry, pine, sustainable forest management","pulpwood, softwood, with bark, green, measured as green volume over bark"
"softwood forestry, pine, sustainable forest management","pulpwood, softwood, with bark, green, measured as green volume over bark"
"softwood forestry, pine, sustainable forest management","pulpwood, softwood, with bark, green, measured as green volume over bark"
"softwood forestry, pine, sustainable forest management","pulpwood, softwood, with bark, green, measured as green volume over bark"
"softwood forestry, pine, sustainable forest management","pulpwood, softwood, with bark, green, measured as green volume over bark"
"softwood forestry, pine, sustainable forest management","pulpwood, softwood, with bark, green, measured as green volume over bark"
"softwood forestry, pine, sustainable forest management","pulpwood, softwood, with bark, green, measured as green volume over bark"
"softwood forestry, pine, sustainable forest management","wood chips, green, measured as dry mass"
"softwood forestry, pine, sustainable forest management","wood chips, green, measured as dry mass"
"softwood forestry, pine, sustainable forest management","wood chips, green, measured as dry mass"
"softwood forestry, pine, sustainable forest management","wood chips, green, measured as dry mass"
"softwood forestry, pine, sustainable forest management","wood chips, green, measured as dry mass"
"softwood forestry, pine, sustainable forest management","wood chips, green, measured as dry mass"
"softwood forestry, pine, sustainable forest management","wood chips, green, measured as dry mass"
"softwood forestry, pine, sustainable forest management","wood chips, green, measured as dry mass"
"softwood forestry, pine, sustainable forest management","wood chips, green, measured as dry mass"
"softwood forestry, pine, sustainable forest management","wood chips, green, measured as dry mass"
"softwood forestry, pine, sustainable forest management","wood chips, green, measured as dry mass"
"softwood forestry, pine, sustainable forest management","wood chips, green, measured as dry mass"
"softwood forestry, pine, sustainable forest management","bundle, energy wood, green, measured as dry mass"
"softwood forestry, pine, sustainable forest management","bundle, energy wood, green, measured as dry mass"
"softwood forestry, pine, sustainable forest management","bundle, energy wood, green, measured as dry mass"
"softwood forestry, pine, sustainable forest management","bundle, energy wood, green, measured as dry mass"
"softwood forestry, pine, sustainable forest management","bundle, energy wood, green, measured as dry mass"
"softwood forestry, pine, sustainable forest management","bundle, energy wood, green, measured as dry mass"
"softwood forestry, pine, sustainable forest management","bundle, energy wood, green, measured as dry mass"
"softwood forestry, pine, sustainable forest management","bundle, energy wood, green, measured as dry mass"
"softwood forestry, pine, sustainable forest management","bundle, energy wood, green, measured as dry mass"
"softwood forestry, pine, sustainable forest management","bundle, energy wood, green, measured as dry mass"
"softwood forestry, pine, sustainable forest management","bundle, energy wood, green, measured as dry mass"
"softwood forestry, pine, sustainable forest management","bundle, energy wood, green, measured as dry mass"
"hardwood forestry, birch, sustainable forest management","sawlog and veneer log, hardwood, with bark, green, measured as green volume under bark"
"hardwood forestry, birch, sustainable forest management","sawlog and veneer log, hardwood, with bark, green, measured as green volume under bark"
"hardwood forestry, birch, sustainable forest management","sawlog and veneer log, hardwood, with bark, green, measured as green volume under bark"
"hardwood forestry, birch, sustainable forest management","sawlog and veneer log, hardwood, with bark, green, measured as green volume under bark"
"hardwood forestry, birch, sustainable forest management","sawlog and veneer log, hardwood, with bark, green, measured as green volume under bark"
"hardwood forestry, birch, sustainable forest management","sawlog and veneer log, hardwood, with bark, green, measured as green volume under bark"
"hardwood forestry, birch, sustainable forest management","sawlog and veneer log, hardwood, with bark, green, measured as green volume under bark"
"hardwood forestry, birch, sustainable forest management","sawlog and veneer log, hardwood, with bark, green, measured as green volume under bark"
"hardwood forestry, birch, sustainable forest management","sawlog and veneer log, hardwood, with bark, green, measured as green volume under bark"
"hardwood forestry, birch, sustainable forest management","sawlog and veneer log, hardwood, with bark, green, measured as green volume under bark"
"hardwood forestry, birch, sustainable forest management","sawlog and veneer log, hardwood, with bark, green, measured as green volume under bark"
"hardwood forestry, birch, sustainable forest management","sawlog and veneer log, hardwood, with bark, green, measured as green volume under bark"
"hardwood forestry, birch, sustainable forest management","pulpwood, hardwood, with bark, green, measured as green volume under bark"
"hardwood forestry, birch, sustainable forest management","pulpwood, hardwood, with bark, green, measured as green volume under bark"
"hardwood forestry, birch, sustainable forest management","pulpwood, hardwood, with bark, green, measured as green volume under bark"
"hardwood forestry, birch, sustainable forest management","pulpwood, hardwood, with bark, green, measured as green volume under bark"
"hardwood forestry, birch, sustainable forest management","pulpwood, hardwood, with bark, green, measured as green volume under bark"
"hardwood forestry, birch, sustainable forest management","pulpwood, hardwood, with bark, green, measured as green volume under bark"
"hardwood forestry, birch, sustainable forest management","pulpwood, hardwood, with bark, green, measured as green volume under bark"
"hardwood forestry, birch, sustainable forest management","pulpwood, hardwood, with bark, green, measured as green volume under bark"
"hardwood forestry, birch, sustainable forest management","pulpwood, hardwood, with bark, green, measured as green volume under bark"
"hardwood forestry, birch, sustainable forest management","pulpwood, hardwood, with bark, green, measured as green volume under bark"
"hardwood forestry, birch, sustainable forest management","pulpwood, hardwood, with bark, green, measured as green volume under bark"
"hardwood forestry, birch, sustainable forest management","pulpwood, hardwood, with bark, green, measured as green volume under bark"
"hardwood forestry, birch, sustainable forest management","forest chips, green, from logging residues, measured as dry mass"
"hardwood forestry, birch, sustainable forest management","forest chips, green, from logging residues, measured as dry mass"
"hardwood forestry, birch, sustainable forest management","forest chips, green, from logging residues, measured as dry mass"
"hardwood forestry, birch, sustainable forest management","forest chips, green, from logging residues, measured as dry mass"
"hardwood forestry, birch, sustainable forest management","forest chips, green, from logging residues, measured as dry mass"
"hardwood forestry, birch, sustainable forest management","forest chips, green, from logging residues, measured as dry mass"
"hardwood forestry, birch, sustainable forest management","forest chips, green, from logging residues, measured as dry mass"
"hardwood forestry, birch, sustainable forest management","forest chips, green, from logging residues, measured as dry mass"
"hardwood forestry, birch, sustainable forest management","forest chips, green, from logging residues, measured as dry mass"
"hardwood forestry, birch, sustainable forest management","forest chips, green, from logging residues, measured as dry mass"
"hardwood forestry, birch, sustainable forest management","forest chips, green, from logging residues, measured as dry mass"
"hardwood forestry, birch, sustainable forest management","forest chips, green, from logging residues, measured as dry mass"
"hardwood forestry, birch, sustainable forest management","cleft timber, green, measured as dry mass"
"hardwood forestry, birch, sustainable forest management","cleft timber, green, measured as dry mass"
"hardwood forestry, birch, sustainable forest management","cleft timber, green, measured as dry mass"
"hardwood forestry, birch, sustainable forest management","cleft timber, green, measured as dry mass"
"hardwood forestry, birch, sustainable forest management","cleft timber, green, measured as dry mass"
"hardwood forestry, birch, sustainable forest management","cleft timber, green, measured as dry mass"
"hardwood forestry, birch, sustainable forest management","cleft timber, green, measured as dry mass"
"hardwood forestry, birch, sustainable forest management","cleft timber, green, measured as dry mass"
"hardwood forestry, birch, sustainable forest management","cleft timber, green, measured as dry mass"
"hardwood forestry, birch, sustainable forest management","cleft timber, green, measured as dry mass"
"hardwood forestry, birch, sustainable forest management","cleft timber, green, measured as dry mass"
"hardwood forestry, birch, sustainable forest management","cleft timber, green, measured as dry mass"
"hardwood forestry, birch, sustainable forest management","wood chips, green, measured as dry mass"
"hardwood forestry, birch, sustainable forest management","wood chips, green, measured as dry mass"
"hardwood forestry, birch, sustainable forest management","wood chips, green, measured as dry mass"
"hardwood forestry, birch, sustainable forest management","wood chips, green, measured as dry mass"
"hardwood forestry, birch, sustainable forest management","wood chips, green, measured as dry mass"
"hardwood forestry, birch, sustainable forest management","wood chips, green, measured as dry mass"
"hardwood forestry, birch, sustainable forest management","wood chips, green, measured as dry mass"
"hardwood forestry, birch, sustainable forest management","wood chips, green, measured as dry mass"
"hardwood forestry, birch, sustainable forest management","wood chips, green, measured as dry mass"
"hardwood forestry, birch, sustainable forest management","wood chips, green, measured as dry mass"
"hardwood forestry, birch, sustainable forest management","wood chips, green, measured as dry mass"
"hardwood forestry, birch, sustainable forest management","wood chips, green, measured as dry mass"
"hardwood forestry, birch, sustainable forest management","fuel wood, green, measured as dry mass"
"hardwood forestry, birch, sustainable forest management","fuel wood, green, measured as dry mass"
"hardwood forestry, birch, sustainable forest management","fuel wood, green, measured as dry mass"
"hardwood forestry, birch, sustainable forest management","fuel wood, green, measured as dry mass"
"hardwood forestry, birch, sustainable forest management","fuel wood, green, measured as dry mass"
"hardwood forestry, birch, sustainable forest management","fuel wood, green, measured as dry mass"
"hardwood forestry, birch, sustainable forest management","fuel wood, green, measured as dry mass"
"hardwood forestry, birch, sustainable forest management","fuel wood, green, measured as dry mass"
"hardwood forestry, birch, sustainable forest management","fuel wood, green, measured as dry mass"
"hardwood forestry, birch, sustainable forest management","fuel wood, green, measured as dry mass"
"hardwood forestry, birch, sustainable forest management","fuel wood, green, measured as dry mass"
"hardwood forestry, birch, sustainable forest management","fuel wood, green, measured as dry mass"
"hardwood forestry, birch, sustainable forest management","pulpwood, hardwood, with bark, green, measured as green volume over bark"
"hardwood forestry, birch, sustainable forest management","pulpwood, hardwood, with bark, green, measured as green volume over bark"
"hardwood forestry, birch, sustainable forest management","pulpwood, hardwood, with bark, green, measured as green volume over bark"
"hardwood forestry, birch, sustainable forest management","pulpwood, hardwood, with bark, green, measured as green volume over bark"
"hardwood forestry, birch, sustainable forest management","pulpwood, hardwood, with bark, green, measured as green volume over bark"
"hardwood forestry, birch, sustainable forest management","pulpwood, hardwood, with bark, green, measured as green volume over bark"
"hardwood forestry, birch, sustainable forest management","pulpwood, hardwood, with bark, green, measured as green volume over bark"
"hardwood forestry, birch, sustainable forest management","pulpwood, hardwood, with bark, green, measured as green volume over bark"
"hardwood forestry, birch, sustainable forest management","pulpwood, hardwood, with bark, green, measured as green volume over bark"
"hardwood forestry, birch, sustainable forest management","pulpwood, hardwood, with bark, green, measured as green volume over bark"
"hardwood forestry, birch, sustainable forest management","pulpwood, hardwood, with bark, green, measured as green volume over bark"
"hardwood forestry, birch, sustainable forest management","pulpwood, hardwood, with bark, green, measured as green volume over bark"
"hardwood forestry, birch, sustainable forest management","bundle, energy wood, green, measured as dry mass"
"hardwood forestry, birch, sustainable forest management","bundle, energy wood, green, measured as dry mass"
"hardwood forestry, birch, sustainable forest management","bundle, energy wood, green, measured as dry mass"
"hardwood forestry, birch, sustainable forest management","bundle, energy wood, green, measured as dry mass"
"hardwood forestry, birch, sustainable forest management","bundle, energy wood, green, measured as dry mass"
"hardwood forestry, birch, sustainable forest management","bundle, energy wood, green, measured as dry mass"
"hardwood forestry, birch, sustainable forest management","bundle, energy wood, green, measured as dry mass"
"hardwood forestry, birch, sustainable forest management","bundle, energy wood, green, measured as dry mass"
"hardwood forestry, birch, sustainable forest management","bundle, energy wood, green, measured as dry mass"
"hardwood forestry, birch, sustainable forest management","bundle, energy wood, green, measured as dry mass"
"hardwood forestry, birch, sustainable forest management","bundle, energy wood, green, measured as dry mass"
"hardwood forestry, birch, sustainable forest management","bundle, energy wood, green, measured as dry mass"
"hardwood forestry, birch, sustainable forest management","energy wood, green, from young stand, measured as dry mass"
"hardwood forestry, birch, sustainable forest management","energy wood, green, from young stand, measured as dry mass"
"hardwood forestry, birch, sustainable forest management","energy wood, green, from young stand, measured as dry mass"
"hardwood forestry, birch, sustainable forest management","energy wood, green, from young stand, measured as dry mass"
"hardwood forestry, birch, sustainable forest management","energy wood, green, from young stand, measured as dry mass"
"hardwood forestry, birch, sustainable forest management","energy wood, green, from young stand, measured as dry mass"
"hardwood forestry, birch, sustainable forest management","energy wood, green, from young stand, measured as dry mass"
"hardwood forestry, birch, sustainable forest management","energy wood, green, from young stand, measured as dry mass"
"hardwood forestry, birch, sustainable forest management","energy wood, green, from young stand, measured as dry mass"
"hardwood forestry, birch, sustainable forest management","energy wood, green, from young stand, measured as dry mass"
"hardwood forestry, birch, sustainable forest management","energy wood, green, from young stand, measured as dry mass"
"hardwood forestry, birch, sustainable forest management","energy wood, green, from young stand, measured as dry mass"
"hardwood forestry, birch, sustainable forest management","sawlog and veneer log, hardwood, with bark, green, measured as green volume over bark"
"hardwood forestry, birch, sustainable forest management","sawlog and veneer log, hardwood, with bark, green, measured as green volume over bark"
"hardwood forestry, birch, sustainable forest management","sawlog and veneer log, hardwood, with bark, green, measured as green volume over bark"
"hardwood forestry, birch, sustainable forest management","sawlog and veneer log, hardwood, with bark, green, measured as green volume over bark"
"hardwood forestry, birch, sustainable forest management","sawlog and veneer log, hardwood, with bark, green, measured as green volume over bark"
"hardwood forestry, birch, sustainable forest management","sawlog and veneer log, hardwood, with bark, green, measured as green volume over bark"
"hardwood forestry, birch, sustainable forest management","sawlog and veneer log, hardwood, with bark, green, measured as green volume over bark"
"hardwood forestry, birch, sustainable forest management","sawlog and veneer log, hardwood, with bark, green, measured as green volume over bark"
"hardwood forestry, birch, sustainable forest management","sawlog and veneer log, hardwood, with bark, green, measured as green volume over bark"
"hardwood forestry, birch, sustainable forest management","sawlog and veneer log, hardwood, with bark, green, measured as green volume over bark"
"hardwood forestry, birch, sustainable forest management","sawlog and veneer log, hardwood, with bark, green, measured as green volume over bark"
"hardwood forestry, birch, sustainable forest management","sawlog and veneer log, hardwood, with bark, green, measured as green volume over bark"
"hardwood forestry, oak, sustainable forest management","pulpwood, hardwood, with bark, green, measured as green volume under bark"
"hardwood forestry, oak, sustainable forest management","pulpwood, hardwood, with bark, green, measured as green volume under bark"
"hardwood forestry, oak, sustainable forest management","pulpwood, hardwood, with bark, green, measured as green volume under bark"
"hardwood forestry, oak, sustainable forest management","pulpwood, hardwood, with bark, green, measured as green volume under bark"
"hardwood forestry, oak, sustainable forest management","pulpwood, hardwood, with bark, green, measured as green volume under bark"
"hardwood forestry, oak, sustainable forest management","pulpwood, hardwood, with bark, green, measured as green volume under bark"
"hardwood forestry, oak, sustainable forest management","pulpwood, hardwood, with bark, green, measured as green volume under bark"
"hardwood forestry, oak, sustainable forest management","pulpwood, hardwood, with bark, green, measured as green volume under bark"
"hardwood forestry, oak, sustainable forest management","pulpwood, hardwood, with bark, green, measured as green volume under bark"
"hardwood forestry, oak, sustainable forest management","pulpwood, hardwood, with bark, green, measured as green volume under bark"
"hardwood forestry, oak, sustainable forest management","pulpwood, hardwood, with bark, green, measured as green volume under bark"
"hardwood forestry, oak, sustainable forest management","pulpwood, hardwood, with bark, green, measured as green volume under bark"
"hardwood forestry, oak, sustainable forest management","sawlog and veneer log, hardwood, with bark, green, measured as green volume under bark"
"hardwood forestry, oak, sustainable forest management","sawlog and veneer log, hardwood, with bark, green, measured as green volume under bark"
"hardwood forestry, oak, sustainable forest management","sawlog and veneer log, hardwood, with bark, green, measured as green volume under bark"
"hardwood forestry, oak, sustainable forest management","sawlog and veneer log, hardwood, with bark, green, measured as green volume under bark"
"hardwood forestry, oak, sustainable forest management","sawlog and veneer log, hardwood, with bark, green, measured as green volume under bark"
"hardwood forestry, oak, sustainable forest management","sawlog and veneer log, hardwood, with bark, green, measured as green volume under bark"
"hardwood forestry, oak, sustainable forest management","sawlog and veneer log, hardwood, with bark, green, measured as green volume under bark"
"hardwood forestry, oak, sustainable forest management","sawlog and veneer log, hardwood, with bark, green, measured as green volume under bark"
"hardwood forestry, oak, sustainable forest management","sawlog and veneer log, hardwood, with bark, green, measured as green volume under bark"
"hardwood forestry, oak, sustainable forest management","sawlog and veneer log, hardwood, with bark, green, measured as green volume under bark"
"hardwood forestry, oak, sustainable forest management","sawlog and veneer log, hardwood, with bark, green, measured as green volume under bark"
"hardwood forestry, oak, sustainable forest management","sawlog and veneer log, hardwood, with bark, green, measured as green volume under bark"
"hardwood forestry, oak, sustainable forest management","cleft timber, green, measured as dry mass"
"hardwood forestry, oak, sustainable forest management","cleft timber, green, measured as dry mass"
"hardwood forestry, oak, sustainable forest management","cleft timber, green, measured as dry mass"
"hardwood forestry, oak, sustainable forest management","cleft timber, green, measured as dry mass"
"hardwood forestry, oak, sustainable forest management","cleft timber, green, measured as dry mass"
"hardwood forestry, oak, sustainable forest management","cleft timber, green, measured as dry mass"
"hardwood forestry, oak, sustainable forest management","cleft timber, green, measured as dry mass"
"hardwood forestry, oak, sustainable forest management","cleft timber, green, measured as dry mass"
"hardwood forestry, oak, sustainable forest management","cleft timber, green, measured as dry mass"
"hardwood forestry, oak, sustainable forest management","cleft timber, green, measured as dry mass"
"hardwood forestry, oak, sustainable forest management","cleft timber, green, measured as dry mass"
"hardwood forestry, oak, sustainable forest management","cleft timber, green, measured as dry mass"
"hardwood forestry, oak, sustainable forest management","wood chips, green, measured as dry mass"
"hardwood forestry, oak, sustainable forest management","wood chips, green, measured as dry mass"
"hardwood forestry, oak, sustainable forest management","wood chips, green, measured as dry mass"
"hardwood forestry, oak, sustainable forest management","wood chips, green, measured as dry mass"
"hardwood forestry, oak, sustainable forest management","wood chips, green, measured as dry mass"
"hardwood forestry, oak, sustainable forest management","wood chips, green, measured as dry mass"
"hardwood forestry, oak, sustainable forest management","wood chips, green, measured as dry mass"
"hardwood forestry, oak, sustainable forest management","wood chips, green, measured as dry mass"
"hardwood forestry, oak, sustainable forest management","wood chips, green, measured as dry mass"
"hardwood forestry, oak, sustainable forest management","wood chips, green, measured as dry mass"
"hardwood forestry, oak, sustainable forest management","wood chips, green, measured as dry mass"
"hardwood forestry, oak, sustainable forest management","wood chips, green, measured as dry mass"
"hardwood forestry, beech, sustainable forest management","cleft timber, green, measured as dry mass"
"hardwood forestry, beech, sustainable forest management","cleft timber, green, measured as dry mass"
"hardwood forestry, beech, sustainable forest management","cleft timber, green, measured as dry mass"
"hardwood forestry, beech, sustainable forest management","cleft timber, green, measured as dry mass"
"hardwood forestry, beech, sustainable forest management","cleft timber, green, measured as dry mass"
"hardwood forestry, beech, sustainable forest management","cleft timber, green, measured as dry mass"
"hardwood forestry, beech, sustainable forest management","cleft timber, green, measured as dry mass"
"hardwood forestry, beech, sustainable forest management","cleft timber, green, measured as dry mass"
"hardwood forestry, beech, sustainable forest management","cleft timber, green, measured as dry mass"
"hardwood forestry, beech, sustainable forest management","cleft timber, green, measured as dry mass"
"hardwood forestry, beech, sustainable forest management","cleft timber, green, measured as dry mass"
"hardwood forestry, beech, sustainable forest management","cleft timber, green, measured as dry mass"
"hardwood forestry, beech, sustainable forest management","pulpwood, hardwood, with bark, green, measured as green volume under bark"
"hardwood forestry, beech, sustainable forest management","pulpwood, hardwood, with bark, green, measured as green volume under bark"
"hardwood forestry, beech, sustainable forest management","pulpwood, hardwood, with bark, green, measured as green volume under bark"
"hardwood forestry, beech, sustainable forest management","pulpwood, hardwood, with bark, green, measured as green volume under bark"
"hardwood forestry, beech, sustainable forest management","pulpwood, hardwood, with bark, green, measured as green volume under bark"
"hardwood forestry, beech, sustainable forest management","pulpwood, hardwood, with bark, green, measured as green volume under bark"
"hardwood forestry, beech, sustainable forest management","pulpwood, hardwood, with bark, green, measured as green volume under bark"
"hardwood forestry, beech, sustainable forest management","pulpwood, hardwood, with bark, green, measured as green volume under bark"
"hardwood forestry, beech, sustainable forest management","pulpwood, hardwood, with bark, green, measured as green volume under bark"
"hardwood forestry, beech, sustainable forest management","pulpwood, hardwood, with bark, green, measured as green volume under bark"
"hardwood forestry, beech, sustainable forest management","pulpwood, hardwood, with bark, green, measured as green volume under bark"
"hardwood forestry, beech, sustainable forest management","pulpwood, hardwood, with bark, green, measured as green volume under bark"
"hardwood forestry, beech, sustainable forest management","wood chips, green, measured as dry mass"
"hardwood forestry, beech, sustainable forest management","wood chips, green, measured as dry mass"
"hardwood forestry, beech, sustainable forest management","wood chips, green, measured as dry mass"
"hardwood forestry, beech, sustainable forest management","wood chips, green, measured as dry mass"
"hardwood forestry, beech, sustainable forest management","wood chips, green, measured as dry mass"
"hardwood forestry, beech, sustainable forest management","wood chips, green, measured as dry mass"
"hardwood forestry, beech, sustainable forest management","wood chips, green, measured as dry mass"
"hardwood forestry, beech, sustainable forest management","wood chips, green, measured as dry mass"
"hardwood forestry, beech, sustainable forest management","wood chips, green, measured as dry mass"
"hardwood forestry, beech, sustainable forest management","wood chips, green, measured as dry mass"
"hardwood forestry, beech, sustainable forest management","wood chips, green, measured as dry mass"
"hardwood forestry, beech, sustainable forest management","wood chips, green, measured as dry mass"
"hardwood forestry, beech, sustainable forest management","sawlog and veneer log, hardwood, with bark, green, measured as green volume under bark"
"hardwood forestry, beech, sustainable forest management","sawlog and veneer log, hardwood, with bark, green, measured as green volume under bark"
"hardwood forestry, beech, sustainable forest management","sawlog and veneer log, hardwood, with bark, green, measured as green volume under bark"
"hardwood forestry, beech, sustainable forest management","sawlog and veneer log, hardwood, with bark, green, measured as green volume under bark"
"hardwood forestry, beech, sustainable forest management","sawlog and veneer log, hardwood, with bark, green, measured as green volume under bark"
"hardwood forestry, beech, sustainable forest management","sawlog and veneer log, hardwood, with bark, green, measured as green volume under bark"
"hardwood forestry, beech, sustainable forest management","sawlog and veneer log, hardwood, with bark, green, measured as green volume under bark"
"hardwood forestry, beech, sustainable forest management","sawlog and veneer log, hardwood, with bark, green, measured as green volume under bark"
"hardwood forestry, beech, sustainable forest management","sawlog and veneer log, hardwood, with bark, green, measured as green volume under bark"
"hardwood forestry, beech, sustainable forest management","sawlog and veneer log, hardwood, with bark, green, measured as green volume under bark"
"hardwood forestry, beech, sustainable forest management","sawlog and veneer log, hardwood, with bark, green, measured as green volume under bark"
"hardwood forestry, beech, sustainable forest management","sawlog and veneer log, hardwood, with bark, green, measured as green volume under bark"
"hardwood forestry, mixed species, sustainable forest management","wood chips, green, measured as dry mass"
"hardwood forestry, mixed species, sustainable forest management","wood chips, green, measured as dry mass"
"hardwood forestry, mixed species, sustainable forest management","wood chips, green, measured as dry mass"
"hardwood forestry, mixed species, sustainable forest management","wood chips, green, measured as dry mass"
"hardwood forestry, mixed species, sustainable forest management","wood chips, green, measured as dry mass"
"hardwood forestry, mixed species, sustainable forest management","wood chips, green, measured as dry mass"
"hardwood forestry, mixed species, sustainable forest management","wood chips, green, measured as dry mass"
"hardwood forestry, mixed species, sustainable forest management","wood chips, green, measured as dry mass"
"hardwood forestry, mixed species, sustainable forest management","wood chips, green, measured as dry mass"
"hardwood forestry, mixed species, sustainable forest management","wood chips, green, measured as dry mass"
"hardwood forestry, mixed species, sustainable forest management","wood chips, green, measured as dry mass"
"hardwood forestry, mixed species, sustainable forest management","wood chips, green, measured as dry mass"
"sawing, softwood","bark, green, measured as dry mass"
"sawing, softwood","bark, green, measured as dry mass"
"sawing, softwood","bark, green, measured as dry mass"
"sawing, softwood","bark, green, measured as dry mass"
"sawing, softwood","bark, green, measured as dry mass"
"sawing, softwood","bark, green, measured as dry mass"
"sawing, softwood","bark, green, measured as dry mass"
"sawing, softwood","bark, green, measured as dry mass"
"sawing, softwood","bark, green, measured as dry mass"
"sawing, softwood","bark, green, measured as dry mass"
"sawing, softwood","bark, green, measured as dry mass"
"sawing, softwood","bark, green, measured as dry mass"
"sawing, softwood","sawdust, green, loose, measured as dry mass"
"sawing, softwood","sawdust, green, loose, measured as dry mass"
"sawing, softwood","sawdust, green, loose, measured as dry mass"
"sawing, softwood","sawdust, green, loose, measured as dry mass"
"sawing, softwood","sawdust, green, loose, measured as dry mass"
"sawing, softwood","sawdust, green, loose, measured as dry mass"
"sawing, softwood","sawdust, green, loose, measured as dry mass"
"sawing, softwood","sawdust, green, loose, measured as dry mass"
"sawing, softwood","sawdust, green, loose, measured as dry mass"
"sawing, softwood","sawdust, green, loose, measured as dry mass"
"sawing, softwood","sawdust, green, loose, measured as dry mass"
"sawing, softwood","sawdust, green, loose, measured as dry mass"
"sawing, softwood","slab and siding, softwood, green, measured as dry mass"
"sawing, softwood","slab and siding, softwood, green, measured as dry mass"
"sawing, softwood","slab and siding, softwood, green, measured as dry mass"
"sawing, softwood","slab and siding, softwood, green, measured as dry mass"
"sawing, softwood","slab and siding, softwood, green, measured as dry mass"
"sawing, softwood","slab and siding, softwood, green, measured as dry mass"
"sawing, softwood","slab and siding, softwood, green, measured as dry mass"
"sawing, softwood","slab and siding, softwood, green, measured as dry mass"
"sawing, softwood","slab and siding, softwood, green, measured as dry mass"
"sawing, softwood","slab and siding, softwood, green, measured as dry mass"
"sawing, softwood","slab and siding, softwood, green, measured as dry mass"
"sawing, softwood","slab and siding, softwood, green, measured as dry mass"
"sawing, hardwood","sawdust, green, loose, measured as dry mass"
"sawing, hardwood","sawdust, green, loose, measured as dry mass"
"sawing, hardwood","sawdust, green, loose, measured as dry mass"
"sawing, hardwood","sawdust, green, loose, measured as dry mass"
"sawing, hardwood","sawdust, green, loose, measured as dry mass"
"sawing, hardwood","sawdust, green, loose, measured as dry mass"
"sawing, hardwood","sawdust, green, loose, measured as dry mass"
"sawing, hardwood","sawdust, green, loose, measured as dry mass"
"sawing, hardwood","sawdust, green, loose, measured as dry mass"
"sawing, hardwood","sawdust, green, loose, measured as dry mass"
"sawing, hardwood","sawdust, green, loose, measured as dry mass"
"sawing, hardwood","sawdust, green, loose, measured as dry mass"
"sawing, hardwood","slab and siding, hardwood, green, measured as dry mass"
"sawing, hardwood","slab and siding, hardwood, green, measured as dry mass"
"sawing, hardwood","slab and siding, hardwood, green, measured as dry mass"
"sawing, hardwood","slab and siding, hardwood, green, measured as dry mass"
"sawing, hardwood","slab and siding, hardwood, green, measured as dry mass"
"sawing, hardwood","slab and siding, hardwood, green, measured as dry mass"
"sawing, hardwood","slab and siding, hardwood, green, measured as dry mass"
"sawing, hardwood","slab and siding, hardwood, green, measured as dry mass"
"sawing, hardwood","slab and siding, hardwood, green, measured as dry mass"
"sawing, hardwood","slab and siding, hardwood, green, measured as dry mass"
"sawing, hardwood","slab and siding, hardwood, green, measured as dry mass"
"sawing, hardwood","slab and siding, hardwood, green, measured as dry mass"
"sawing, hardwood","bark, green, measured as dry mass"
"sawing, hardwood","bark, green, measured as dry mass"
"sawing, hardwood","bark, green, measured as dry mass"
"sawing, hardwood","bark, green, measured as dry mass"
"sawing, hardwood","bark, green, measured as dry mass"
"sawing, hardwood","bark, green, measured as dry mass"
"sawing, hardwood","bark, green, measured as dry mass"
"sawing, hardwood","bark, green, measured as dry mass"
"sawing, hardwood","bark, green, measured as dry mass"
"sawing, hardwood","bark, green, measured as dry mass"
"sawing, hardwood","bark, green, measured as dry mass"
"sawing, hardwood","bark, green, measured as dry mass"
"sawnwood production, hardwood, raw, dried (u=10%)","sawnwood, hardwood, raw, dried (u=10%)"
"sawnwood production, hardwood, raw, dried (u=10%)","sawnwood, hardwood, raw, dried (u=10%)"
"sawnwood production, hardwood, raw, dried (u=10%)","sawnwood, hardwood, raw, dried (u=10%)"
"sawnwood production, hardwood, raw, dried (u=10%)","sawnwood, hardwood, raw, dried (u=10%)"
"sawnwood production, hardwood, raw, dried (u=10%)","sawnwood, hardwood, raw, dried (u=10%)"
"sawnwood production, hardwood, raw, dried (u=10%)","sawnwood, hardwood, raw, dried (u=10%)"
"sawnwood production, hardwood, raw, dried (u=10%)","sawnwood, hardwood, raw, dried (u=10%)"
"sawnwood production, hardwood, raw, dried (u=10%)","sawnwood, hardwood, raw, dried (u=10%)"
"sawnwood production, hardwood, raw, dried (u=10%)","sawnwood, hardwood, raw, dried (u=10%)"
"sawnwood production, hardwood, raw, dried (u=10%)","sawnwood, hardwood, raw, dried (u=10%)"
"sawnwood production, hardwood, raw, dried (u=10%)","sawnwood, hardwood, raw, dried (u=10%)"
"sawnwood production, hardwood, raw, dried (u=10%)","sawnwood, hardwood, raw, dried (u=10%)"
"sawnwood production, hardwood, dried (u=10%), planed","sawnwood, hardwood, dried (u=10%), planed"
"sawnwood production, hardwood, dried (u=10%), planed","sawnwood, hardwood, dried (u=10%), planed"
"sawnwood production, hardwood, dried (u=10%), planed","sawnwood, hardwood, dried (u=10%), planed"
"sawnwood production, hardwood, dried (u=10%), planed","sawnwood, hardwood, dried (u=10%), planed"
"sawnwood production, hardwood, dried (u=10%), planed","sawnwood, hardwood, dried (u=10%), planed"
"sawnwood production, hardwood, dried (u=10%), planed","sawnwood, hardwood, dried (u=10%), planed"
"sawnwood production, hardwood, dried (u=10%), planed","sawnwood, hardwood, dried (u=10%), planed"
"sawnwood production, hardwood, dried (u=10%), planed","sawnwood, hardwood, dried (u=10%), planed"
"sawnwood production, hardwood, dried (u=10%), planed","sawnwood, hardwood, dried (u=10%), planed"
"sawnwood production, hardwood, dried (u=10%), planed","sawnwood, hardwood, dried (u=10%), planed"
"sawnwood production, hardwood, dried (u=10%), planed","sawnwood, hardwood, dried (u=10%), planed"
"sawnwood production, hardwood, dried (u=10%), planed","sawnwood, hardwood, dried (u=10%), planed"
"sawnwood production, softwood, dried (u=20%), planed","sawnwood, softwood, dried (u=20%), planed"
"sawnwood production, softwood, dried (u=20%), planed","sawnwood, softwood, dried (u=20%), planed"
"sawnwood production, softwood, dried (u=20%), planed","sawnwood, softwood, dried (u=20%), planed"
"sawnwood production, softwood, dried (u=20%), planed","sawnwood, softwood, dried (u=20%), planed"
"sawnwood production, softwood, dried (u=20%), planed","sawnwood, softwood, dried (u=20%), planed"
"sawnwood production, softwood, dried (u=20%), planed","sawnwood, softwood, dried (u=20%), planed"
"sawnwood production, softwood, dried (u=20%), planed","sawnwood, softwood, dried (u=20%), planed"
"sawnwood production, softwood, dried (u=20%), planed","sawnwood, softwood, dried (u=20%), planed"
"sawnwood production, softwood, dried (u=20%), planed","sawnwood, softwood, dried (u=20%), planed"
"sawnwood production, softwood, dried (u=20%), planed","sawnwood, softwood, dried (u=20%), planed"
"sawnwood production, softwood, dried (u=20%), planed","sawnwood, softwood, dried (u=20%), planed"
"sawnwood production, softwood, dried (u=20%), planed","sawnwood, softwood, dried (u=20%), planed"
"sawnwood production, softwood, raw, dried (u=10%)","sawnwood, softwood, raw, dried (u=10%)"
"sawnwood production, softwood, raw, dried (u=10%)","sawnwood, softwood, raw, dried (u=10%)"
"sawnwood production, softwood, raw, dried (u=10%)","sawnwood, softwood, raw, dried (u=10%)"
"sawnwood production, softwood, raw, dried (u=10%)","sawnwood, softwood, raw, dried (u=10%)"
"sawnwood production, softwood, raw, dried (u=10%)","sawnwood, softwood, raw, dried (u=10%)"
"sawnwood production, softwood, raw, dried (u=10%)","sawnwood, softwood, raw, dried (u=10%)"
"sawnwood production, softwood, raw, dried (u=10%)","sawnwood, softwood, raw, dried (u=10%)"
"sawnwood production, softwood, raw, dried (u=10%)","sawnwood, softwood, raw, dried (u=10%)"
"sawnwood production, softwood, raw, dried (u=10%)","sawnwood, softwood, raw, dried (u=10%)"
"sawnwood production, softwood, raw, dried (u=10%)","sawnwood, softwood, raw, dried (u=10%)"
"sawnwood production, softwood, raw, dried (u=10%)","sawnwood, softwood, raw, dried (u=10%)"
"sawnwood production, softwood, raw, dried (u=10%)","sawnwood, softwood, raw, dried (u=10%)"
"sawnwood production, hardwood, raw, dried (u=20%)","sawnwood, hardwood, raw, dried (u=20%)"
"sawnwood production, hardwood, raw, dried (u=20%)","sawnwood, hardwood, raw, dried (u=20%)"
"sawnwood production, hardwood, raw, dried (u=20%)","sawnwood, hardwood, raw, dried (u=20%)"
"sawnwood production, hardwood, raw, dried (u=20%)","sawnwood, hardwood, raw, dried (u=20%)"
"sawnwood production, hardwood, raw, dried (u=20%)","sawnwood, hardwood, raw, dried (u=20%)"
"sawnwood production, hardwood, raw, dried (u=20%)","sawnwood, hardwood, raw, dried (u=20%)"
"sawnwood production, hardwood, raw, dried (u=20%)","sawnwood, hardwood, raw, dried (u=20%)"
"sawnwood production, hardwood, raw, dried (u=20%)","sawnwood, hardwood, raw, dried (u=20%)"
"sawnwood production, hardwood, raw, dried (u=20%)","sawnwood, hardwood, raw, dried (u=20%)"
"sawnwood production, hardwood, raw, dried (u=20%)","sawnwood, hardwood, raw, dried (u=20%)"
"sawnwood production, hardwood, raw, dried (u=20%)","sawnwood, hardwood, raw, dried (u=20%)"
"sawnwood production, hardwood, raw, dried (u=20%)","sawnwood, hardwood, raw, dried (u=20%)"
"sawnwood production, softwood, raw, dried (u=20%)","sawnwood, softwood, raw, dried (u=20%)"
"sawnwood production, softwood, raw, dried (u=20%)","sawnwood, softwood, raw, dried (u=20%)"
"sawnwood production, softwood, raw, dried (u=20%)","sawnwood, softwood, raw, dried (u=20%)"
"sawnwood production, softwood, raw, dried (u=20%)","sawnwood, softwood, raw, dried (u=20%)"
"sawnwood production, softwood, raw, dried (u=20%)","sawnwood, softwood, raw, dried (u=20%)"
"sawnwood production, softwood, raw, dried (u=20%)","sawnwood, softwood, raw, dried (u=20%)"
"sawnwood production, softwood, raw, dried (u=20%)","sawnwood, softwood, raw, dried (u=20%)"
"sawnwood production, softwood, raw, dried (u=20%)","sawnwood, softwood, raw, dried (u=20%)"
"sawnwood production, softwood, raw, dried (u=20%)","sawnwood, softwood, raw, dried (u=20%)"
"sawnwood production, softwood, raw, dried (u=20%)","sawnwood, softwood, raw, dried (u=20%)"
"sawnwood production, softwood, raw, dried (u=20%)","sawnwood, softwood, raw, dried (u=20%)"
"sawnwood production, softwood, raw, dried (u=20%)","sawnwood, softwood, raw, dried (u=20%)"
"sawnwood production, softwood, dried (u=10%), planed","sawnwood, softwood, dried (u=10%), planed"
"sawnwood production, softwood, dried (u=10%), planed","sawnwood, softwood, dried (u=10%), planed"
"sawnwood production, softwood, dried (u=10%), planed","sawnwood, softwood, dried (u=10%), planed"
"sawnwood production, softwood, dried (u=10%), planed","sawnwood, softwood, dried (u=10%), planed"
"sawnwood production, softwood, dried (u=10%), planed","sawnwood, softwood, dried (u=10%), planed"
"sawnwood production, softwood, dried (u=10%), planed","sawnwood, softwood, dried (u=10%), planed"
"sawnwood production, softwood, dried (u=10%), planed","sawnwood, softwood, dried (u=10%), planed"
"sawnwood production, softwood, dried (u=10%), planed","sawnwood, softwood, dried (u=10%), planed"
"sawnwood production, softwood, dried (u=10%), planed","sawnwood, softwood, dried (u=10%), planed"
"sawnwood production, softwood, dried (u=10%), planed","sawnwood, softwood, dried (u=10%), planed"
"sawnwood production, softwood, dried (u=10%), planed","sawnwood, softwood, dried (u=10%), planed"
"sawnwood production, softwood, dried (u=10%), planed","sawnwood, softwood, dried (u=10%), planed"
"sawnwood production, hardwood, dried (u=20%), planed","sawnwood, hardwood, dried (u=20%), planed"
"sawnwood production, hardwood, dried (u=20%), planed","sawnwood, hardwood, dried (u=20%), planed"
"sawnwood production, hardwood, dried (u=20%), planed","sawnwood, hardwood, dried (u=20%), planed"
"sawnwood production, hardwood, dried (u=20%), planed","sawnwood, hardwood, dried (u=20%), planed"
"sawnwood production, hardwood, dried (u=20%), planed","sawnwood, hardwood, dried (u=20%), planed"
"sawnwood production, hardwood, dried (u=20%), planed","sawnwood, hardwood, dried (u=20%), planed"
"sawnwood production, hardwood, dried (u=20%), planed","sawnwood, hardwood, dried (u=20%), planed"
"sawnwood production, hardwood, dried (u=20%), planed","sawnwood, hardwood, dried (u=20%), planed"
"sawnwood production, hardwood, dried (u=20%), planed","sawnwood, hardwood, dried (u=20%), planed"
"sawnwood production, hardwood, dried (u=20%), planed","sawnwood, hardwood, dried (u=20%), planed"
"sawnwood production, hardwood, dried (u=20%), planed","sawnwood, hardwood, dried (u=20%), planed"
"sawnwood production, hardwood, dried (u=20%), planed","sawnwood, hardwood, dried (u=20%), planed"
"planing, beam, hardwood, u=10%","shavings, hardwood, dry, loose, measured as dry mass"
"planing, beam, hardwood, u=10%","shavings, hardwood, dry, loose, measured as dry mass"
"planing, beam, hardwood, u=10%","shavings, hardwood, dry, loose, measured as dry mass"
"planing, beam, hardwood, u=10%","shavings, hardwood, dry, loose, measured as dry mass"
"planing, beam, hardwood, u=10%","shavings, hardwood, dry, loose, measured as dry mass"
"planing, beam, hardwood, u=10%","shavings, hardwood, dry, loose, measured as dry mass"
"planing, beam, hardwood, u=10%","shavings, hardwood, dry, loose, measured as dry mass"
"planing, beam, hardwood, u=10%","shavings, hardwood, dry, loose, measured as dry mass"
"planing, beam, hardwood, u=10%","shavings, hardwood, dry, loose, measured as dry mass"
"planing, beam, hardwood, u=10%","shavings, hardwood, dry, loose, measured as dry mass"
"planing, beam, hardwood, u=10%","shavings, hardwood, dry, loose, measured as dry mass"
"planing, beam, hardwood, u=10%","shavings, hardwood, dry, loose, measured as dry mass"
"planing, beam, hardwood, u=20%","sawnwood, beam, hardwood, dried (u=20%), planed"
"planing, beam, hardwood, u=20%","sawnwood, beam, hardwood, dried (u=20%), planed"
"planing, beam, hardwood, u=20%","sawnwood, beam, hardwood, dried (u=20%), planed"
"planing, beam, hardwood, u=20%","sawnwood, beam, hardwood, dried (u=20%), planed"
"planing, beam, hardwood, u=20%","sawnwood, beam, hardwood, dried (u=20%), planed"
"planing, beam, hardwood, u=20%","sawnwood, beam, hardwood, dried (u=20%), planed"
"planing, beam, hardwood, u=20%","sawnwood, beam, hardwood, dried (u=20%), planed"
"planing, beam, hardwood, u=20%","sawnwood, beam, hardwood, dried (u=20%), planed"
"planing, beam, hardwood, u=20%","sawnwood, beam, hardwood, dried (u=20%), planed"
"planing, beam, hardwood, u=20%","sawnwood, beam, hardwood, dried (u=20%), planed"
"planing, beam, hardwood, u=20%","sawnwood, beam, hardwood, dried (u=20%), planed"
"planing, beam, hardwood, u=20%","sawnwood, beam, hardwood, dried (u=20%), planed"
"planing, beam, hardwood, u=10%","sawnwood, beam, hardwood, dried (u=10%), planed"
"planing, beam, hardwood, u=10%","sawnwood, beam, hardwood, dried (u=10%), planed"
"planing, beam, hardwood, u=10%","sawnwood, beam, hardwood, dried (u=10%), planed"
"planing, beam, hardwood, u=10%","sawnwood, beam, hardwood, dried (u=10%), planed"
"planing, beam, hardwood, u=10%","sawnwood, beam, hardwood, dried (u=10%), planed"
"planing, beam, hardwood, u=10%","sawnwood, beam, hardwood, dried (u=10%), planed"
"planing, beam, hardwood, u=10%","sawnwood, beam, hardwood, dried (u=10%), planed"
"planing, beam, hardwood, u=10%","sawnwood, beam, hardwood, dried (u=10%), planed"
"planing, beam, hardwood, u=10%","sawnwood, beam, hardwood, dried (u=10%), planed"
"planing, beam, hardwood, u=10%","sawnwood, beam, hardwood, dried (u=10%), planed"
"planing, beam, hardwood, u=10%","sawnwood, beam, hardwood, dried (u=10%), planed"
"planing, beam, hardwood, u=10%","sawnwood, beam, hardwood, dried (u=10%), planed"
"planing, beam, hardwood, u=20%","shavings, hardwood, dry, loose, measured as dry mass"
"planing, beam, hardwood, u=20%","shavings, hardwood, dry, loose, measured as dry mass"
"planing, beam, hardwood, u=20%","shavings, hardwood, dry, loose, measured as dry mass"
"planing, beam, hardwood, u=20%","shavings, hardwood, dry, loose, measured as dry mass"
"planing, beam, hardwood, u=20%","shavings, hardwood, dry, loose, measured as dry mass"
"planing, beam, hardwood, u=20%","shavings, hardwood, dry, loose, measured as dry mass"
"planing, beam, hardwood, u=20%","shavings, hardwood, dry, loose, measured as dry mass"
"planing, beam, hardwood, u=20%","shavings, hardwood, dry, loose, measured as dry mass"
"planing, beam, hardwood, u=20%","shavings, hardwood, dry, loose, measured as dry mass"
"planing, beam, hardwood, u=20%","shavings, hardwood, dry, loose, measured as dry mass"
"planing, beam, hardwood, u=20%","shavings, hardwood, dry, loose, measured as dry mass"
"planing, beam, hardwood, u=20%","shavings, hardwood, dry, loose, measured as dry mass"
"planing, board, hardwood, u=10%","sawnwood, board, hardwood, dried (u=10%), planed"
"planing, board, hardwood, u=10%","sawnwood, board, hardwood, dried (u=10%), planed"
"planing, board, hardwood, u=10%","sawnwood, board, hardwood, dried (u=10%), planed"
"planing, board, hardwood, u=10%","sawnwood, board, hardwood, dried (u=10%), planed"
"planing, board, hardwood, u=10%","sawnwood, board, hardwood, dried (u=10%), planed"
"planing, board, hardwood, u=10%","sawnwood, board, hardwood, dried (u=10%), planed"
"planing, board, hardwood, u=10%","sawnwood, board, hardwood, dried (u=10%), planed"
"planing, board, hardwood, u=10%","sawnwood, board, hardwood, dried (u=10%), planed"
"planing, board, hardwood, u=10%","sawnwood, board, hardwood, dried (u=10%), planed"
"planing, board, hardwood, u=10%","sawnwood, board, hardwood, dried (u=10%), planed"
"planing, board, hardwood, u=10%","sawnwood, board, hardwood, dried (u=10%), planed"
"planing, board, hardwood, u=10%","sawnwood, board, hardwood, dried (u=10%), planed"
"planing, board, hardwood, u=20%","shavings, hardwood, dry, loose, measured as dry mass"
"planing, board, hardwood, u=20%","shavings, hardwood, dry, loose, measured as dry mass"
"planing, board, hardwood, u=20%","shavings, hardwood, dry, loose, measured as dry mass"
"planing, board, hardwood, u=20%","shavings, hardwood, dry, loose, measured as dry mass"
"planing, board, hardwood, u=20%","shavings, hardwood, dry, loose, measured as dry mass"
"planing, board, hardwood, u=20%","shavings, hardwood, dry, loose, measured as dry mass"
"planing, board, hardwood, u=20%","shavings, hardwood, dry, loose, measured as dry mass"
"planing, board, hardwood, u=20%","shavings, hardwood, dry, loose, measured as dry mass"
"planing, board, hardwood, u=20%","shavings, hardwood, dry, loose, measured as dry mass"
"planing, board, hardwood, u=20%","shavings, hardwood, dry, loose, measured as dry mass"
"planing, board, hardwood, u=20%","shavings, hardwood, dry, loose, measured as dry mass"
"planing, board, hardwood, u=20%","shavings, hardwood, dry, loose, measured as dry mass"
"planing, board, hardwood, u=10%","shavings, hardwood, dry, loose, measured as dry mass"
"planing, board, hardwood, u=10%","shavings, hardwood, dry, loose, measured as dry mass"
"planing, board, hardwood, u=10%","shavings, hardwood, dry, loose, measured as dry mass"
"planing, board, hardwood, u=10%","shavings, hardwood, dry, loose, measured as dry mass"
"planing, board, hardwood, u=10%","shavings, hardwood, dry, loose, measured as dry mass"
"planing, board, hardwood, u=10%","shavings, hardwood, dry, loose, measured as dry mass"
"planing, board, hardwood, u=10%","shavings, hardwood, dry, loose, measured as dry mass"
"planing, board, hardwood, u=10%","shavings, hardwood, dry, loose, measured as dry mass"
"planing, board, hardwood, u=10%","shavings, hardwood, dry, loose, measured as dry mass"
"planing, board, hardwood, u=10%","shavings, hardwood, dry, loose, measured as dry mass"
"planing, board, hardwood, u=10%","shavings, hardwood, dry, loose, measured as dry mass"
"planing, board, hardwood, u=10%","shavings, hardwood, dry, loose, measured as dry mass"
"planing, board, hardwood, u=20%","sawnwood, board, hardwood, dried (u=20%), planed"
"planing, board, hardwood, u=20%","sawnwood, board, hardwood, dried (u=20%), planed"
"planing, board, hardwood, u=20%","sawnwood, board, hardwood, dried (u=20%), planed"
"planing, board, hardwood, u=20%","sawnwood, board, hardwood, dried (u=20%), planed"
"planing, board, hardwood, u=20%","sawnwood, board, hardwood, dried (u=20%), planed"
"planing, board, hardwood, u=20%","sawnwood, board, hardwood, dried (u=20%), planed"
"planing, board, hardwood, u=20%","sawnwood, board, hardwood, dried (u=20%), planed"
"planing, board, hardwood, u=20%","sawnwood, board, hardwood, dried (u=20%), planed"
"planing, board, hardwood, u=20%","sawnwood, board, hardwood, dried (u=20%), planed"
"planing, board, hardwood, u=20%","sawnwood, board, hardwood, dried (u=20%), planed"
"planing, board, hardwood, u=20%","sawnwood, board, hardwood, dried (u=20%), planed"
"planing, board, hardwood, u=20%","sawnwood, board, hardwood, dried (u=20%), planed"
"planing, lath, hardwood, u=10%","shavings, hardwood, dry, loose, measured as dry mass"
"planing, lath, hardwood, u=10%","shavings, hardwood, dry, loose, measured as dry mass"
"planing, lath, hardwood, u=10%","shavings, hardwood, dry, loose, measured as dry mass"
"planing, lath, hardwood, u=10%","shavings, hardwood, dry, loose, measured as dry mass"
"planing, lath, hardwood, u=10%","shavings, hardwood, dry, loose, measured as dry mass"
"planing, lath, hardwood, u=10%","shavings, hardwood, dry, loose, measured as dry mass"
"planing, lath, hardwood, u=10%","shavings, hardwood, dry, loose, measured as dry mass"
"planing, lath, hardwood, u=10%","shavings, hardwood, dry, loose, measured as dry mass"
"planing, lath, hardwood, u=10%","shavings, hardwood, dry, loose, measured as dry mass"
"planing, lath, hardwood, u=10%","shavings, hardwood, dry, loose, measured as dry mass"
"planing, lath, hardwood, u=10%","shavings, hardwood, dry, loose, measured as dry mass"
"planing, lath, hardwood, u=10%","shavings, hardwood, dry, loose, measured as dry mass"
"planing, lath, hardwood, u=10%","sawnwood, lath, hardwood, dried (u=10%), planed"
"planing, lath, hardwood, u=10%","sawnwood, lath, hardwood, dried (u=10%), planed"
"planing, lath, hardwood, u=10%","sawnwood, lath, hardwood, dried (u=10%), planed"
"planing, lath, hardwood, u=10%","sawnwood, lath, hardwood, dried (u=10%), planed"
"planing, lath, hardwood, u=10%","sawnwood, lath, hardwood, dried (u=10%), planed"
"planing, lath, hardwood, u=10%","sawnwood, lath, hardwood, dried (u=10%), planed"
"planing, lath, hardwood, u=10%","sawnwood, lath, hardwood, dried (u=10%), planed"
"planing, lath, hardwood, u=10%","sawnwood, lath, hardwood, dried (u=10%), planed"
"planing, lath, hardwood, u=10%","sawnwood, lath, hardwood, dried (u=10%), planed"
"planing, lath, hardwood, u=10%","sawnwood, lath, hardwood, dried (u=10%), planed"
"planing, lath, hardwood, u=10%","sawnwood, lath, hardwood, dried (u=10%), planed"
"planing, lath, hardwood, u=10%","sawnwood, lath, hardwood, dried (u=10%), planed"
"planing, lath, hardwood, u=20%","shavings, hardwood, dry, loose, measured as dry mass"
"planing, lath, hardwood, u=20%","shavings, hardwood, dry, loose, measured as dry mass"
"planing, lath, hardwood, u=20%","shavings, hardwood, dry, loose, measured as dry mass"
"planing, lath, hardwood, u=20%","shavings, hardwood, dry, loose, measured as dry mass"
"planing, lath, hardwood, u=20%","shavings, hardwood, dry, loose, measured as dry mass"
"planing, lath, hardwood, u=20%","shavings, hardwood, dry, loose, measured as dry mass"
"planing, lath, hardwood, u=20%","shavings, hardwood, dry, loose, measured as dry mass"
"planing, lath, hardwood, u=20%","shavings, hardwood, dry, loose, measured as dry mass"
"planing, lath, hardwood, u=20%","shavings, hardwood, dry, loose, measured as dry mass"
"planing, lath, hardwood, u=20%","shavings, hardwood, dry, loose, measured as dry mass"
"planing, lath, hardwood, u=20%","shavings, hardwood, dry, loose, measured as dry mass"
"planing, lath, hardwood, u=20%","shavings, hardwood, dry, loose, measured as dry mass"
"planing, lath, hardwood, u=20%","sawnwood, lath, hardwood, dried (u=20%), planed"
"planing, lath, hardwood, u=20%","sawnwood, lath, hardwood, dried (u=20%), planed"
"planing, lath, hardwood, u=20%","sawnwood, lath, hardwood, dried (u=20%), planed"
"planing, lath, hardwood, u=20%","sawnwood, lath, hardwood, dried (u=20%), planed"
"planing, lath, hardwood, u=20%","sawnwood, lath, hardwood, dried (u=20%), planed"
"planing, lath, hardwood, u=20%","sawnwood, lath, hardwood, dried (u=20%), planed"
"planing, lath, hardwood, u=20%","sawnwood, lath, hardwood, dried (u=20%), planed"
"planing, lath, hardwood, u=20%","sawnwood, lath, hardwood, dried (u=20%), planed"
"planing, lath, hardwood, u=20%","sawnwood, lath, hardwood, dried (u=20%), planed"
"planing, lath, hardwood, u=20%","sawnwood, lath, hardwood, dried (u=20%), planed"
"planing, lath, hardwood, u=20%","sawnwood, lath, hardwood, dried (u=20%), planed"
"planing, lath, hardwood, u=20%","sawnwood, lath, hardwood, dried (u=20%), planed"
"planing, beam, softwood, u=10%","sawnwood, beam, softwood, dried (u=10%), planed"
"planing, beam, softwood, u=10%","sawnwood, beam, softwood, dried (u=10%), planed"
"planing, beam, softwood, u=10%","sawnwood, beam, softwood, dried (u=10%), planed"
"planing, beam, softwood, u=10%","sawnwood, beam, softwood, dried (u=10%), planed"
"planing, beam, softwood, u=10%","sawnwood, beam, softwood, dried (u=10%), planed"
"planing, beam, softwood, u=10%","sawnwood, beam, softwood, dried (u=10%), planed"
"planing, beam, softwood, u=10%","sawnwood, beam, softwood, dried (u=10%), planed"
"planing, beam, softwood, u=10%","sawnwood, beam, softwood, dried (u=10%), planed"
"planing, beam, softwood, u=10%","sawnwood, beam, softwood, dried (u=10%), planed"
"planing, beam, softwood, u=10%","sawnwood, beam, softwood, dried (u=10%), planed"
"planing, beam, softwood, u=10%","sawnwood, beam, softwood, dried (u=10%), planed"
"planing, beam, softwood, u=10%","sawnwood, beam, softwood, dried (u=10%), planed"
"planing, beam, softwood, u=20%","sawnwood, beam, softwood, dried (u=20%), planed"
"planing, beam, softwood, u=20%","sawnwood, beam, softwood, dried (u=20%), planed"
"planing, beam, softwood, u=20%","sawnwood, beam, softwood, dried (u=20%), planed"
"planing, beam, softwood, u=20%","sawnwood, beam, softwood, dried (u=20%), planed"
"planing, beam, softwood, u=20%","sawnwood, beam, softwood, dried (u=20%), planed"
"planing, beam, softwood, u=20%","sawnwood, beam, softwood, dried (u=20%), planed"
"planing, beam, softwood, u=20%","sawnwood, beam, softwood, dried (u=20%), planed"
"planing, beam, softwood, u=20%","sawnwood, beam, softwood, dried (u=20%), planed"
"planing, beam, softwood, u=20%","sawnwood, beam, softwood, dried (u=20%), planed"
"planing, beam, softwood, u=20%","sawnwood, beam, softwood, dried (u=20%), planed"
"planing, beam, softwood, u=20%","sawnwood, beam, softwood, dried (u=20%), planed"
"planing, beam, softwood, u=20%","sawnwood, beam, softwood, dried (u=20%), planed"
"planing, beam, softwood, u=10%","shavings, softwood, dry, loose, measured as dry mass"
"planing, beam, softwood, u=10%","shavings, softwood, dry, loose, measured as dry mass"
"planing, beam, softwood, u=10%","shavings, softwood, dry, loose, measured as dry mass"
"planing, beam, softwood, u=10%","shavings, softwood, dry, loose, measured as dry mass"
"planing, beam, softwood, u=10%","shavings, softwood, dry, loose, measured as dry mass"
"planing, beam, softwood, u=10%","shavings, softwood, dry, loose, measured as dry mass"
"planing, beam, softwood, u=10%","shavings, softwood, dry, loose, measured as dry mass"
"planing, beam, softwood, u=10%","shavings, softwood, dry, loose, measured as dry mass"
"planing, beam, softwood, u=10%","shavings, softwood, dry, loose, measured as dry mass"
"planing, beam, softwood, u=10%","shavings, softwood, dry, loose, measured as dry mass"
"planing, beam, softwood, u=10%","shavings, softwood, dry, loose, measured as dry mass"
"planing, beam, softwood, u=10%","shavings, softwood, dry, loose, measured as dry mass"
"planing, beam, softwood, u=20%","shavings, softwood, dry, loose, measured as dry mass"
"planing, beam, softwood, u=20%","shavings, softwood, dry, loose, measured as dry mass"
"planing, beam, softwood, u=20%","shavings, softwood, dry, loose, measured as dry mass"
"planing, beam, softwood, u=20%","shavings, softwood, dry, loose, measured as dry mass"
"planing, beam, softwood, u=20%","shavings, softwood, dry, loose, measured as dry mass"
"planing, beam, softwood, u=20%","shavings, softwood, dry, loose, measured as dry mass"
"planing, beam, softwood, u=20%","shavings, softwood, dry, loose, measured as dry mass"
"planing, beam, softwood, u=20%","shavings, softwood, dry, loose, measured as dry mass"
"planing, beam, softwood, u=20%","shavings, softwood, dry, loose, measured as dry mass"
"planing, beam, softwood, u=20%","shavings, softwood, dry, loose, measured as dry mass"
"planing, beam, softwood, u=20%","shavings, softwood, dry, loose, measured as dry mass"
"planing, beam, softwood, u=20%","shavings, softwood, dry, loose, measured as dry mass"
"planing, board, softwood, u=20%","shavings, softwood, dry, loose, measured as dry mass"
"planing, board, softwood, u=20%","shavings, softwood, dry, loose, measured as dry mass"
"planing, board, softwood, u=20%","shavings, softwood, dry, loose, measured as dry mass"
"planing, board, softwood, u=20%","shavings, softwood, dry, loose, measured as dry mass"
"planing, board, softwood, u=20%","shavings, softwood, dry, loose, measured as dry mass"
"planing, board, softwood, u=20%","shavings, softwood, dry, loose, measured as dry mass"
"planing, board, softwood, u=20%","shavings, softwood, dry, loose, measured as dry mass"
"planing, board, softwood, u=20%","shavings, softwood, dry, loose, measured as dry mass"
"planing, board, softwood, u=20%","shavings, softwood, dry, loose, measured as dry mass"
"planing, board, softwood, u=20%","shavings, softwood, dry, loose, measured as dry mass"
"planing, board, softwood, u=20%","shavings, softwood, dry, loose, measured as dry mass"
"planing, board, softwood, u=20%","shavings, softwood, dry, loose, measured as dry mass"
"planing, board, softwood, u=10%","sawnwood, board, softwood, dried (u=10%), planed"
"planing, board, softwood, u=10%","sawnwood, board, softwood, dried (u=10%), planed"
"planing, board, softwood, u=10%","sawnwood, board, softwood, dried (u=10%), planed"
"planing, board, softwood, u=10%","sawnwood, board, softwood, dried (u=10%), planed"
"planing, board, softwood, u=10%","sawnwood, board, softwood, dried (u=10%), planed"
"planing, board, softwood, u=10%","sawnwood, board, softwood, dried (u=10%), planed"
"planing, board, softwood, u=10%","sawnwood, board, softwood, dried (u=10%), planed"
"planing, board, softwood, u=10%","sawnwood, board, softwood, dried (u=10%), planed"
"planing, board, softwood, u=10%","sawnwood, board, softwood, dried (u=10%), planed"
"planing, board, softwood, u=10%","sawnwood, board, softwood, dried (u=10%), planed"
"planing, board, softwood, u=10%","sawnwood, board, softwood, dried (u=10%), planed"
"planing, board, softwood, u=10%","sawnwood, board, softwood, dried (u=10%), planed"
"planing, board, softwood, u=20%","sawnwood, board, softwood, dried (u=20%), planed"
"planing, board, softwood, u=20%","sawnwood, board, softwood, dried (u=20%), planed"
"planing, board, softwood, u=20%","sawnwood, board, softwood, dried (u=20%), planed"
"planing, board, softwood, u=20%","sawnwood, board, softwood, dried (u=20%), planed"
"planing, board, softwood, u=20%","sawnwood, board, softwood, dried (u=20%), planed"
"planing, board, softwood, u=20%","sawnwood, board, softwood, dried (u=20%), planed"
"planing, board, softwood, u=20%","sawnwood, board, softwood, dried (u=20%), planed"
"planing, board, softwood, u=20%","sawnwood, board, softwood, dried (u=20%), planed"
"planing, board, softwood, u=20%","sawnwood, board, softwood, dried (u=20%), planed"
"planing, board, softwood, u=20%","sawnwood, board, softwood, dried (u=20%), planed"
"planing, board, softwood, u=20%","sawnwood, board, softwood, dried (u=20%), planed"
"planing, board, softwood, u=20%","sawnwood, board, softwood, dried (u=20%), planed"
"planing, board, softwood, u=10%","shavings, softwood, dry, loose, measured as dry mass"
"planing, board, softwood, u=10%","shavings, softwood, dry, loose, measured as dry mass"
"planing, board, softwood, u=10%","shavings, softwood, dry, loose, measured as dry mass"
"planing, board, softwood, u=10%","shavings, softwood, dry, loose, measured as dry mass"
"planing, board, softwood, u=10%","shavings, softwood, dry, loose, measured as dry mass"
"planing, board, softwood, u=10%","shavings, softwood, dry, loose, measured as dry mass"
"planing, board, softwood, u=10%","shavings, softwood, dry, loose, measured as dry mass"
"planing, board, softwood, u=10%","shavings, softwood, dry, loose, measured as dry mass"
"planing, board, softwood, u=10%","shavings, softwood, dry, loose, measured as dry mass"
"planing, board, softwood, u=10%","shavings, softwood, dry, loose, measured as dry mass"
"planing, board, softwood, u=10%","shavings, softwood, dry, loose, measured as dry mass"
"planing, board, softwood, u=10%","shavings, softwood, dry, loose, measured as dry mass"
"planing, lath, softwood, u=10%","sawnwood, lath, softwood, dried (u=10%), planed"
"planing, lath, softwood, u=10%","sawnwood, lath, softwood, dried (u=10%), planed"
"planing, lath, softwood, u=10%","sawnwood, lath, softwood, dried (u=10%), planed"
"planing, lath, softwood, u=10%","sawnwood, lath, softwood, dried (u=10%), planed"
"planing, lath, softwood, u=10%","sawnwood, lath, softwood, dried (u=10%), planed"
"planing, lath, softwood, u=10%","sawnwood, lath, softwood, dried (u=10%), planed"
"planing, lath, softwood, u=10%","sawnwood, lath, softwood, dried (u=10%), planed"
"planing, lath, softwood, u=10%","sawnwood, lath, softwood, dried (u=10%), planed"
"planing, lath, softwood, u=10%","sawnwood, lath, softwood, dried (u=10%), planed"
"planing, lath, softwood, u=10%","sawnwood, lath, softwood, dried (u=10%), planed"
"planing, lath, softwood, u=10%","sawnwood, lath, softwood, dried (u=10%), planed"
"planing, lath, softwood, u=10%","sawnwood, lath, softwood, dried (u=10%), planed"
"planing, lath, softwood, u=20%","sawnwood, lath, softwood, dried (u=20%), planed"
"planing, lath, softwood, u=20%","sawnwood, lath, softwood, dried (u=20%), planed"
"planing, lath, softwood, u=20%","sawnwood, lath, softwood, dried (u=20%), planed"
"planing, lath, softwood, u=20%","sawnwood, lath, softwood, dried (u=20%), planed"
"planing, lath, softwood, u=20%","sawnwood, lath, softwood, dried (u=20%), planed"
"planing, lath, softwood, u=20%","sawnwood, lath, softwood, dried (u=20%), planed"
"planing, lath, softwood, u=20%","sawnwood, lath, softwood, dried (u=20%), planed"
"planing, lath, softwood, u=20%","sawnwood, lath, softwood, dried (u=20%), planed"
"planing, lath, softwood, u=20%","sawnwood, lath, softwood, dried (u=20%), planed"
"planing, lath, softwood, u=20%","sawnwood, lath, softwood, dried (u=20%), planed"
"planing, lath, softwood, u=20%","sawnwood, lath, softwood, dried (u=20%), planed"
"planing, lath, softwood, u=20%","sawnwood, lath, softwood, dried (u=20%), planed"
"planing, lath, softwood, u=10%","shavings, softwood, dry, loose, measured as dry mass"
"planing, lath, softwood, u=10%","shavings, softwood, dry, loose, measured as dry mass"
"planing, lath, softwood, u=10%","shavings, softwood, dry, loose, measured as dry mass"
"planing, lath, softwood, u=10%","shavings, softwood, dry, loose, measured as dry mass"
"planing, lath, softwood, u=10%","shavings, softwood, dry, loose, measured as dry mass"
"planing, lath, softwood, u=10%","shavings, softwood, dry, loose, measured as dry mass"
"planing, lath, softwood, u=10%","shavings, softwood, dry, loose, measured as dry mass"
"planing, lath, softwood, u=10%","shavings, softwood, dry, loose, measured as dry mass"
"planing, lath, softwood, u=10%","shavings, softwood, dry, loose, measured as dry mass"
"planing, lath, softwood, u=10%","shavings, softwood, dry, loose, measured as dry mass"
"planing, lath, softwood, u=10%","shavings, softwood, dry, loose, measured as dry mass"
"planing, lath, softwood, u=10%","shavings, softwood, dry, loose, measured as dry mass"
"planing, lath, softwood, u=20%","shavings, softwood, dry, loose, measured as dry mass"
"planing, lath, softwood, u=20%","shavings, softwood, dry, loose, measured as dry mass"
"planing, lath, softwood, u=20%","shavings, softwood, dry, loose, measured as dry mass"
"planing, lath, softwood, u=20%","shavings, softwood, dry, loose, measured as dry mass"
"planing, lath, softwood, u=20%","shavings, softwood, dry, loose, measured as dry mass"
"planing, lath, softwood, u=20%","shavings, softwood, dry, loose, measured as dry mass"
"planing, lath, softwood, u=20%","shavings, softwood, dry, loose, measured as dry mass"
"planing, lath, softwood, u=20%","shavings, softwood, dry, loose, measured as dry mass"
"planing, lath, softwood, u=20%","shavings, softwood, dry, loose, measured as dry mass"
"planing, lath, softwood, u=20%","shavings, softwood, dry, loose, measured as dry mass"
"planing, lath, softwood, u=20%","shavings, softwood, dry, loose, measured as dry mass"
"planing, lath, softwood, u=20%","shavings, softwood, dry, loose, measured as dry mass"
"wood chips production, hardwood, at sawmill","wood chips, green, measured as dry mass"
"wood chips production, hardwood, at sawmill","wood chips, green, measured as dry mass"
"wood chips production, hardwood, at sawmill","wood chips, green, measured as dry mass"
"wood chips production, hardwood, at sawmill","wood chips, green, measured as dry mass"
"wood chips production, hardwood, at sawmill","wood chips, green, measured as dry mass"
"wood chips production, hardwood, at sawmill","wood chips, green, measured as dry mass"
"wood chips production, hardwood, at sawmill","wood chips, green, measured as dry mass"
"wood chips production, hardwood, at sawmill","wood chips, green, measured as dry mass"
"wood chips production, hardwood, at sawmill","wood chips, green, measured as dry mass"
"wood chips production, hardwood, at sawmill","wood chips, green, measured as dry mass"
"wood chips production, hardwood, at sawmill","wood chips, green, measured as dry mass"
"wood chips production, hardwood, at sawmill","wood chips, green, measured as dry mass"
three and five layered board production,"wood chips, dry, measured as dry mass"
three and five layered board production,"wood chips, dry, measured as dry mass"
three and five layered board production,"wood chips, dry, measured as dry mass"
three and five layered board production,"wood chips, dry, measured as dry mass"
three and five layered board production,"wood chips, dry, measured as dry mass"
three and five layered board production,"wood chips, dry, measured as dry mass"
three and five layered board production,"wood chips, dry, measured as dry mass"
three and five layered board production,"wood chips, dry, measured as dry mass"
three and five layered board production,"wood chips, dry, measured as dry mass"
three and five layered board production,"wood chips, dry, measured as dry mass"
three and five layered board production,"wood chips, dry, measured as dry mass"
three and five layered board production,"wood chips, dry, measured as dry mass"
glued solid timber production,"wood chips, dry, measured as dry mass"
glued solid timber production,"wood chips, dry, measured as dry mass"
glued solid timber production,"wood chips, dry, measured as dry mass"
glued solid timber production,"wood chips, dry, measured as dry mass"
glued solid timber production,"wood chips, dry, measured as dry mass"
glued solid timber production,"wood chips, dry, measured as dry mass"
glued solid timber production,"wood chips, dry, measured as dry mass"
glued solid timber production,"wood chips, dry, measured as dry mass"
glued solid timber production,"wood chips, dry, measured as dry mass"
glued solid timber production,"wood chips, dry, measured as dry mass"
glued solid timber production,"wood chips, dry, measured as dry mass"
glued solid timber production,"wood chips, dry, measured as dry mass"
"glued laminated timber production, average glue mix","wood chips, dry, measured as dry mass"
"glued laminated timber production, average glue mix","wood chips, dry, measured as dry mass"
"glued laminated timber production, average glue mix","wood chips, dry, measured as dry mass"
"glued laminated timber production, average glue mix","wood chips, dry, measured as dry mass"
"glued laminated timber production, average glue mix","wood chips, dry, measured as dry mass"
"glued laminated timber production, average glue mix","wood chips, dry, measured as dry mass"
"glued laminated timber production, average glue mix","wood chips, dry, measured as dry mass"
"glued laminated timber production, average glue mix","wood chips, dry, measured as dry mass"
"glued laminated timber production, average glue mix","wood chips, dry, measured as dry mass"
"glued laminated timber production, average glue mix","wood chips, dry, measured as dry mass"
"glued laminated timber production, average glue mix","wood chips, dry, measured as dry mass"
"glued laminated timber production, average glue mix","wood chips, dry, measured as dry mass"
cross-laminated timber production,"wood chips, dry, measured as dry mass"
cross-laminated timber production,"wood chips, dry, measured as dry mass"
cross-laminated timber production,"wood chips, dry, measured as dry mass"
cross-laminated timber production,"wood chips, dry, measured as dry mass"
cross-laminated timber production,"wood chips, dry, measured as dry mass"
cross-laminated timber production,"wood chips, dry, measured as dry mass"
cross-laminated timber production,"wood chips, dry, measured as dry mass"
cross-laminated timber production,"wood chips, dry, measured as dry mass"
cross-laminated timber production,"wood chips, dry, measured as dry mass"
cross-laminated timber production,"wood chips, dry, measured as dry mass"
cross-laminated timber production,"wood chips, dry, measured as dry mass"
cross-laminated timber production,"wood chips, dry, measured as dry mass"
structural timber production,"wood chips, dry, measured as dry mass"
structural timber production,"wood chips, dry, measured as dry mass"
structural timber production,"wood chips, dry, measured as dry mass"
structural timber production,"wood chips, dry, measured as dry mass"
structural timber production,"wood chips, dry, measured as dry mass"
structural timber production,"wood chips, dry, measured as dry mass"
structural timber production,"wood chips, dry, measured as dry mass"
structural timber production,"wood chips, dry, measured as dry mass"
structural timber production,"wood chips, dry, measured as dry mass"
structural timber production,"wood chips, dry, measured as dry mass"
structural timber production,"wood chips, dry, measured as dry mass"
structural timber production,"wood chips, dry, measured as dry mass"
plywood production,"wood chips, dry, measured as dry mass"
plywood production,"wood chips, dry, measured as dry mass"
plywood production,"wood chips, dry, measured as dry mass"
plywood production,"wood chips, dry, measured as dry mass"
plywood production,"wood chips, dry, measured as dry mass"
plywood production,"wood chips, dry, measured as dry mass"
plywood production,"wood chips, dry, measured as dry mass"
plywood production,"wood chips, dry, measured as dry mass"
plywood production,"wood chips, dry, measured as dry mass"
plywood production,"wood chips, dry, measured as dry mass"
plywood production,"wood chips, dry, measured as dry mass"
plywood production,"wood chips, dry, measured as dry mass"
"beam, hardwood, raw, kiln drying to u=10%","sawnwood, beam, hardwood, raw, dried (u=10%)"
"beam, hardwood, raw, kiln drying to u=10%","sawnwood, beam, hardwood, raw, dried (u=10%)"
"beam, hardwood, raw, kiln drying to u=10%","sawnwood, beam, hardwood, raw, dried (u=10%)"
"beam, hardwood, raw, kiln drying to u=10%","sawnwood, beam, hardwood, raw, dried (u=10%)"
"beam, hardwood, raw, kiln drying to u=10%","sawnwood, beam, hardwood, raw, dried (u=10%)"
"beam, hardwood, raw, kiln drying to u=10%","sawnwood, beam, hardwood, raw, dried (u=10%)"
"beam, hardwood, raw, kiln drying to u=10%","sawnwood, beam, hardwood, raw, dried (u=10%)"
"beam, hardwood, raw, kiln drying to u=10%","sawnwood, beam, hardwood, raw, dried (u=10%)"
"beam, hardwood, raw, kiln drying to u=10%","sawnwood, beam, hardwood, raw, dried (u=10%)"
"beam, hardwood, raw, kiln drying to u=10%","sawnwood, beam, hardwood, raw, dried (u=10%)"
"beam, hardwood, raw, kiln drying to u=10%","sawnwood, beam, hardwood, raw, dried (u=10%)"
"beam, hardwood, raw, kiln drying to u=10%","sawnwood, beam, hardwood, raw, dried (u=10%)"
"beam, hardwood, raw, kiln drying to u=20%","sawnwood, beam, hardwood, raw, dried (u=20%)"
"beam, hardwood, raw, kiln drying to u=20%","sawnwood, beam, hardwood, raw, dried (u=20%)"
"beam, hardwood, raw, kiln drying to u=20%","sawnwood, beam, hardwood, raw, dried (u=20%)"
"beam, hardwood, raw, kiln drying to u=20%","sawnwood, beam, hardwood, raw, dried (u=20%)"
"beam, hardwood, raw, kiln drying to u=20%","sawnwood, beam, hardwood, raw, dried (u=20%)"
"beam, hardwood, raw, kiln drying to u=20%","sawnwood, beam, hardwood, raw, dried (u=20%)"
"beam, hardwood, raw, kiln drying to u=20%","sawnwood, beam, hardwood, raw, dried (u=20%)"
"beam, hardwood, raw, kiln drying to u=20%","sawnwood, beam, hardwood, raw, dried (u=20%)"
"beam, hardwood, raw, kiln drying to u=20%","sawnwood, beam, hardwood, raw, dried (u=20%)"
"beam, hardwood, raw, kiln drying to u=20%","sawnwood, beam, hardwood, raw, dried (u=20%)"
"beam, hardwood, raw, kiln drying to u=20%","sawnwood, beam, hardwood, raw, dried (u=20%)"
"beam, hardwood, raw, kiln drying to u=20%","sawnwood, beam, hardwood, raw, dried (u=20%)"
"beam, hardwood, raw, air drying to u=20%","sawnwood, beam, hardwood, raw, dried (u=20%)"
"beam, hardwood, raw, air drying to u=20%","sawnwood, beam, hardwood, raw, dried (u=20%)"
"beam, hardwood, raw, air drying to u=20%","sawnwood, beam, hardwood, raw, dried (u=20%)"
"beam, hardwood, raw, air drying to u=20%","sawnwood, beam, hardwood, raw, dried (u=20%)"
"beam, hardwood, raw, air drying to u=20%","sawnwood, beam, hardwood, raw, dried (u=20%)"
"beam, hardwood, raw, air drying to u=20%","sawnwood, beam, hardwood, raw, dried (u=20%)"
"beam, hardwood, raw, air drying to u=20%","sawnwood, beam, hardwood, raw, dried (u=20%)"
"beam, hardwood, raw, air drying to u=20%","sawnwood, beam, hardwood, raw, dried (u=20%)"
"beam, hardwood, raw, air drying to u=20%","sawnwood, beam, hardwood, raw, dried (u=20%)"
"beam, hardwood, raw, air drying to u=20%","sawnwood, beam, hardwood, raw, dried (u=20%)"
"beam, hardwood, raw, air drying to u=20%","sawnwood, beam, hardwood, raw, dried (u=20%)"
"beam, hardwood, raw, air drying to u=20%","sawnwood, beam, hardwood, raw, dried (u=20%)"
"board, hardwood, raw, kiln drying to u=20%","sawnwood, board, hardwood, raw, dried (u=20%)"
"board, hardwood, raw, kiln drying to u=20%","sawnwood, board, hardwood, raw, dried (u=20%)"
"board, hardwood, raw, kiln drying to u=20%","sawnwood, board, hardwood, raw, dried (u=20%)"
"board, hardwood, raw, kiln drying to u=20%","sawnwood, board, hardwood, raw, dried (u=20%)"
"board, hardwood, raw, kiln drying to u=20%","sawnwood, board, hardwood, raw, dried (u=20%)"
"board, hardwood, raw, kiln drying to u=20%","sawnwood, board, hardwood, raw, dried (u=20%)"
"board, hardwood, raw, kiln drying to u=20%","sawnwood, board, hardwood, raw, dried (u=20%)"
"board, hardwood, raw, kiln drying to u=20%","sawnwood, board, hardwood, raw, dried (u=20%)"
"board, hardwood, raw, kiln drying to u=20%","sawnwood, board, hardwood, raw, dried (u=20%)"
"board, hardwood, raw, kiln drying to u=20%","sawnwood, board, hardwood, raw, dried (u=20%)"
"board, hardwood, raw, kiln drying to u=20%","sawnwood, board, hardwood, raw, dried (u=20%)"
"board, hardwood, raw, kiln drying to u=20%","sawnwood, board, hardwood, raw, dried (u=20%)"
"board, hardwood, raw, air drying to u=20%","sawnwood, board, hardwood, raw, dried (u=20%)"
"board, hardwood, raw, air drying to u=20%","sawnwood, board, hardwood, raw, dried (u=20%)"
"board, hardwood, raw, air drying to u=20%","sawnwood, board, hardwood, raw, dried (u=20%)"
"board, hardwood, raw, air drying to u=20%","sawnwood, board, hardwood, raw, dried (u=20%)"
"board, hardwood, raw, air drying to u=20%","sawnwood, board, hardwood, raw, dried (u=20%)"
"board, hardwood, raw, air drying to u=20%","sawnwood, board, hardwood, raw, dried (u=20%)"
"board, hardwood, raw, air drying to u=20%","sawnwood, board, hardwood, raw, dried (u=20%)"
"board, hardwood, raw, air drying to u=20%","sawnwood, board, hardwood, raw, dried (u=20%)"
"board, hardwood, raw, air drying to u=20%","sawnwood, board, hardwood, raw, dried (u=20%)"
"board, hardwood, raw, air drying to u=20%","sawnwood, board, hardwood, raw, dried (u=20%)"
"board, hardwood, raw, air drying to u=20%","sawnwood, board, hardwood, raw, dried (u=20%)"
"board, hardwood, raw, air drying to u=20%","sawnwood, board, hardwood, raw, dried (u=20%)"
"board, hardwood, raw, kiln drying to u=10%","sawnwood, board, hardwood, raw, dried (u=10%)"
"board, hardwood, raw, kiln drying to u=10%","sawnwood, board, hardwood, raw, dried (u=10%)"
"board, hardwood, raw, kiln drying to u=10%","sawnwood, board, hardwood, raw, dried (u=10%)"
"board, hardwood, raw, kiln drying to u=10%","sawnwood, board, hardwood, raw, dried (u=10%)"
"board, hardwood, raw, kiln drying to u=10%","sawnwood, board, hardwood, raw, dried (u=10%)"
"board, hardwood, raw, kiln drying to u=10%","sawnwood, board, hardwood, raw, dried (u=10%)"
"board, hardwood, raw, kiln drying to u=10%","sawnwood, board, hardwood, raw, dried (u=10%)"
"board, hardwood, raw, kiln drying to u=10%","sawnwood, board, hardwood, raw, dried (u=10%)"
"board, hardwood, raw, kiln drying to u=10%","sawnwood, board, hardwood, raw, dried (u=10%)"
"board, hardwood, raw, kiln drying to u=10%","sawnwood, board, hardwood, raw, dried (u=10%)"
"board, hardwood, raw, kiln drying to u=10%","sawnwood, board, hardwood, raw, dried (u=10%)"
"board, hardwood, raw, kiln drying to u=10%","sawnwood, board, hardwood, raw, dried (u=10%)"
"beam, softwood, raw, kiln drying to u=10%","sawnwood, beam, softwood, raw, dried (u=10%)"
"beam, softwood, raw, kiln drying to u=10%","sawnwood, beam, softwood, raw, dried (u=10%)"
"beam, softwood, raw, kiln drying to u=10%","sawnwood, beam, softwood, raw, dried (u=10%)"
"beam, softwood, raw, kiln drying to u=10%","sawnwood, beam, softwood, raw, dried (u=10%)"
"beam, softwood, raw, kiln drying to u=10%","sawnwood, beam, softwood, raw, dried (u=10%)"
"beam, softwood, raw, kiln drying to u=10%","sawnwood, beam, softwood, raw, dried (u=10%)"
"beam, softwood, raw, kiln drying to u=10%","sawnwood, beam, softwood, raw, dried (u=10%)"
"beam, softwood, raw, kiln drying to u=10%","sawnwood, beam, softwood, raw, dried (u=10%)"
"beam, softwood, raw, kiln drying to u=10%","sawnwood, beam, softwood, raw, dried (u=10%)"
"beam, softwood, raw, kiln drying to u=10%","sawnwood, beam, softwood, raw, dried (u=10%)"
"beam, softwood, raw, kiln drying to u=10%","sawnwood, beam, softwood, raw, dried (u=10%)"
"beam, softwood, raw, kiln drying to u=10%","sawnwood, beam, softwood, raw, dried (u=10%)"
"beam, softwood, raw, air drying to u=20%","sawnwood, beam, softwood, raw, dried (u=20%)"
"beam, softwood, raw, air drying to u=20%","sawnwood, beam, softwood, raw, dried (u=20%)"
"beam, softwood, raw, air drying to u=20%","sawnwood, beam, softwood, raw, dried (u=20%)"
"beam, softwood, raw, air drying to u=20%","sawnwood, beam, softwood, raw, dried (u=20%)"
"beam, softwood, raw, air drying to u=20%","sawnwood, beam, softwood, raw, dried (u=20%)"
"beam, softwood, raw, air drying to u=20%","sawnwood, beam, softwood, raw, dried (u=20%)"
"beam, softwood, raw, air drying to u=20%","sawnwood, beam, softwood, raw, dried (u=20%)"
"beam, softwood, raw, air drying to u=20%","sawnwood, beam, softwood, raw, dried (u=20%)"
"beam, softwood, raw, air drying to u=20%","sawnwood, beam, softwood, raw, dried (u=20%)"
"beam, softwood, raw, air drying to u=20%","sawnwood, beam, softwood, raw, dried (u=20%)"
"beam, softwood, raw, air drying to u=20%","sawnwood, beam, softwood, raw, dried (u=20%)"
"beam, softwood, raw, air drying to u=20%","sawnwood, beam, softwood, raw, dried (u=20%)"
"beam, softwood, raw, kiln drying to u=20%","sawnwood, beam, softwood, raw, dried (u=20%)"
"beam, softwood, raw, kiln drying to u=20%","sawnwood, beam, softwood, raw, dried (u=20%)"
"beam, softwood, raw, kiln drying to u=20%","sawnwood, beam, softwood, raw, dried (u=20%)"
"beam, softwood, raw, kiln drying to u=20%","sawnwood, beam, softwood, raw, dried (u=20%)"
"beam, softwood, raw, kiln drying to u=20%","sawnwood, beam, softwood, raw, dried (u=20%)"
"beam, softwood, raw, kiln drying to u=20%","sawnwood, beam, softwood, raw, dried (u=20%)"
"beam, softwood, raw, kiln drying to u=20%","sawnwood, beam, softwood, raw, dried (u=20%)"
"beam, softwood, raw, kiln drying to u=20%","sawnwood, beam, softwood, raw, dried (u=20%)"
"beam, softwood, raw, kiln drying to u=20%","sawnwood, beam, softwood, raw, dried (u=20%)"
"beam, softwood, raw, kiln drying to u=20%","sawnwood, beam, softwood, raw, dried (u=20%)"
"beam, softwood, raw, kiln drying to u=20%","sawnwood, beam, softwood, raw, dried (u=20%)"
"beam, softwood, raw, kiln drying to u=20%","sawnwood, beam, softwood, raw, dried (u=20%)"
"board, softwood, raw, kiln drying to u=10%","sawnwood, board, softwood, raw, dried (u=10%)"
"board, softwood, raw, kiln drying to u=10%","sawnwood, board, softwood, raw, dried (u=10%)"
"board, softwood, raw, kiln drying to u=10%","sawnwood, board, softwood, raw, dried (u=10%)"
"board, softwood, raw, kiln drying to u=10%","sawnwood, board, softwood, raw, dried (u=10%)"
"board, softwood, raw, kiln drying to u=10%","sawnwood, board, softwood, raw, dried (u=10%)"
"board, softwood, raw, kiln drying to u=10%","sawnwood, board, softwood, raw, dried (u=10%)"
"board, softwood, raw, kiln drying to u=10%","sawnwood, board, softwood, raw, dried (u=10%)"
"board, softwood, raw, kiln drying to u=10%","sawnwood, board, softwood, raw, dried (u=10%)"
"board, softwood, raw, kiln drying to u=10%","sawnwood, board, softwood, raw, dried (u=10%)"
"board, softwood, raw, kiln drying to u=10%","sawnwood, board, softwood, raw, dried (u=10%)"
"board, softwood, raw, kiln drying to u=10%","sawnwood, board, softwood, raw, dried (u=10%)"
"board, softwood, raw, kiln drying to u=10%","sawnwood, board, softwood, raw, dried (u=10%)"
"board, softwood, raw, air drying to u=20%","sawnwood, board, softwood, raw, dried (u=20%)"
"board, softwood, raw, air drying to u=20%","sawnwood, board, softwood, raw, dried (u=20%)"
"board, softwood, raw, air drying to u=20%","sawnwood, board, softwood, raw, dried (u=20%)"
"board, softwood, raw, air drying to u=20%","sawnwood, board, softwood, raw, dried (u=20%)"
"board, softwood, raw, air drying to u=20%","sawnwood, board, softwood, raw, dried (u=20%)"
"board, softwood, raw, air drying to u=20%","sawnwood, board, softwood, raw, dried (u=20%)"
"board, softwood, raw, air drying to u=20%","sawnwood, board, softwood, raw, dried (u=20%)"
"board, softwood, raw, air drying to u=20%","sawnwood, board, softwood, raw, dried (u=20%)"
"board, softwood, raw, air drying to u=20%","sawnwood, board, softwood, raw, dried (u=20%)"
"board, softwood, raw, air drying to u=20%","sawnwood, board, softwood, raw, dried (u=20%)"
"board, softwood, raw, air drying to u=20%","sawnwood, board, softwood, raw, dried (u=20%)"
"board, softwood, raw, air drying to u=20%","sawnwood, board, softwood, raw, dried (u=20%)"
"board, softwood, raw, kiln drying to u=20%","sawnwood, board, softwood, raw, dried (u=20%)"
"board, softwood, raw, kiln drying to u=20%","sawnwood, board, softwood, raw, dried (u=20%)"
"board, softwood, raw, kiln drying to u=20%","sawnwood, board, softwood, raw, dried (u=20%)"
"board, softwood, raw, kiln drying to u=20%","sawnwood, board, softwood, raw, dried (u=20%)"
"board, softwood, raw, kiln drying to u=20%","sawnwood, board, softwood, raw, dried (u=20%)"
"board, softwood, raw, kiln drying to u=20%","sawnwood, board, softwood, raw, dried (u=20%)"
"board, softwood, raw, kiln drying to u=20%","sawnwood, board, softwood, raw, dried (u=20%)"
"board, softwood, raw, kiln drying to u=20%","sawnwood, board, softwood, raw, dried (u=20%)"
"board, softwood, raw, kiln drying to u=20%","sawnwood, board, softwood, raw, dried (u=20%)"
"board, softwood, raw, kiln drying to u=20%","sawnwood, board, softwood, raw, dried (u=20%)"
"board, softwood, raw, kiln drying to u=20%","sawnwood, board, softwood, raw, dried (u=20%)"
"board, softwood, raw, kiln drying to u=20%","sawnwood, board, softwood, raw, dried (u=20%)"
"lath, hardwood, raw, kiln drying to u=20%","sawnwood, lath, hardwood, raw, dried (u=20%)"
"lath, hardwood, raw, kiln drying to u=20%","sawnwood, lath, hardwood, raw, dried (u=20%)"
"lath, hardwood, raw, kiln drying to u=20%","sawnwood, lath, hardwood, raw, dried (u=20%)"
"lath, hardwood, raw, kiln drying to u=20%","sawnwood, lath, hardwood, raw, dried (u=20%)"
"lath, hardwood, raw, kiln drying to u=20%","sawnwood, lath, hardwood, raw, dried (u=20%)"
"lath, hardwood, raw, kiln drying to u=20%","sawnwood, lath, hardwood, raw, dried (u=20%)"
"lath, hardwood, raw, kiln drying to u=20%","sawnwood, lath, hardwood, raw, dried (u=20%)"
"lath, hardwood, raw, kiln drying to u=20%","sawnwood, lath, hardwood, raw, dried (u=20%)"
"lath, hardwood, raw, kiln drying to u=20%","sawnwood, lath, hardwood, raw, dried (u=20%)"
"lath, hardwood, raw, kiln drying to u=20%","sawnwood, lath, hardwood, raw, dried (u=20%)"
"lath, hardwood, raw, kiln drying to u=20%","sawnwood, lath, hardwood, raw, dried (u=20%)"
"lath, hardwood, raw, kiln drying to u=20%","sawnwood, lath, hardwood, raw, dried (u=20%)"
"lath, hardwood, raw, kiln drying to u=10%","sawnwood, lath, hardwood, raw, dried (u=10%)"
"lath, hardwood, raw, kiln drying to u=10%","sawnwood, lath, hardwood, raw, dried (u=10%)"
"lath, hardwood, raw, kiln drying to u=10%","sawnwood, lath, hardwood, raw, dried (u=10%)"
"lath, hardwood, raw, kiln drying to u=10%","sawnwood, lath, hardwood, raw, dried (u=10%)"
"lath, hardwood, raw, kiln drying to u=10%","sawnwood, lath, hardwood, raw, dried (u=10%)"
"lath, hardwood, raw, kiln drying to u=10%","sawnwood, lath, hardwood, raw, dried (u=10%)"
"lath, hardwood, raw, kiln drying to u=10%","sawnwood, lath, hardwood, raw, dried (u=10%)"
"lath, hardwood, raw, kiln drying to u=10%","sawnwood, lath, hardwood, raw, dried (u=10%)"
"lath, hardwood, raw, kiln drying to u=10%","sawnwood, lath, hardwood, raw, dried (u=10%)"
"lath, hardwood, raw, kiln drying to u=10%","sawnwood, lath, hardwood, raw, dried (u=10%)"
"lath, hardwood, raw, kiln drying to u=10%","sawnwood, lath, hardwood, raw, dried (u=10%)"
"lath, hardwood, raw, kiln drying to u=10%","sawnwood, lath, hardwood, raw, dried (u=10%)"
"lath, hardwood, raw, air drying to u=20%","sawnwood, lath, hardwood, raw, dried (u=20%)"
"lath, hardwood, raw, air drying to u=20%","sawnwood, lath, hardwood, raw, dried (u=20%)"
"lath, hardwood, raw, air drying to u=20%","sawnwood, lath, hardwood, raw, dried (u=20%)"
"lath, hardwood, raw, air drying to u=20%","sawnwood, lath, hardwood, raw, dried (u=20%)"
"lath, hardwood, raw, air drying to u=20%","sawnwood, lath, hardwood, raw, dried (u=20%)"
"lath, hardwood, raw, air drying to u=20%","sawnwood, lath, hardwood, raw, dried (u=20%)"
"lath, hardwood, raw, air drying to u=20%","sawnwood, lath, hardwood, raw, dried (u=20%)"
"lath, hardwood, raw, air drying to u=20%","sawnwood, lath, hardwood, raw, dried (u=20%)"
"lath, hardwood, raw, air drying to u=20%","sawnwood, lath, hardwood, raw, dried (u=20%)"
"lath, hardwood, raw, air drying to u=20%","sawnwood, lath, hardwood, raw, dried (u=20%)"
"lath, hardwood, raw, air drying to u=20%","sawnwood, lath, hardwood, raw, dried (u=20%)"
"lath, hardwood, raw, air drying to u=20%","sawnwood, lath, hardwood, raw, dried (u=20%)"
"lath, softwood, raw, kiln drying to u=10%","sawnwood, lath, softwood, raw, dried (u=10%)"
"lath, softwood, raw, kiln drying to u=10%","sawnwood, lath, softwood, raw, dried (u=10%)"
"lath, softwood, raw, kiln drying to u=10%","sawnwood, lath, softwood, raw, dried (u=10%)"
"lath, softwood, raw, kiln drying to u=10%","sawnwood, lath, softwood, raw, dried (u=10%)"
"lath, softwood, raw, kiln drying to u=10%","sawnwood, lath, softwood, raw, dried (u=10%)"
"lath, softwood, raw, kiln drying to u=10%","sawnwood, lath, softwood, raw, dried (u=10%)"
"lath, softwood, raw, kiln drying to u=10%","sawnwood, lath, softwood, raw, dried (u=10%)"
"lath, softwood, raw, kiln drying to u=10%","sawnwood, lath, softwood, raw, dried (u=10%)"
"lath, softwood, raw, kiln drying to u=10%","sawnwood, lath, softwood, raw, dried (u=10%)"
"lath, softwood, raw, kiln drying to u=10%","sawnwood, lath, softwood, raw, dried (u=10%)"
"lath, softwood, raw, kiln drying to u=10%","sawnwood, lath, softwood, raw, dried (u=10%)"
"lath, softwood, raw, kiln drying to u=10%","sawnwood, lath, softwood, raw, dried (u=10%)"
"lath, softwood, raw, air drying to u=20%","sawnwood, lath, softwood, raw, dried (u=20%)"
"lath, softwood, raw, air drying to u=20%","sawnwood, lath, softwood, raw, dried (u=20%)"
"lath, softwood, raw, air drying to u=20%","sawnwood, lath, softwood, raw, dried (u=20%)"
"lath, softwood, raw, air drying to u=20%","sawnwood, lath, softwood, raw, dried (u=20%)"
"lath, softwood, raw, air drying to u=20%","sawnwood, lath, softwood, raw, dried (u=20%)"
"lath, softwood, raw, air drying to u=20%","sawnwood, lath, softwood, raw, dried (u=20%)"
"lath, softwood, raw, air drying to u=20%","sawnwood, lath, softwood, raw, dried (u=20%)"
"lath, softwood, raw, air drying to u=20%","sawnwood, lath, softwood, raw, dried (u=20%)"
"lath, softwood, raw, air drying to u=20%","sawnwood, lath, softwood, raw, dried (u=20%)"
"lath, softwood, raw, air drying to u=20%","sawnwood, lath, softwood, raw, dried (u=20%)"
"lath, softwood, raw, air drying to u=20%","sawnwood, lath, softwood, raw, dried (u=20%)"
"lath, softwood, raw, air drying to u=20%","sawnwood, lath, softwood, raw, dried (u=20%)"
"lath, softwood, raw, kiln drying to u=20%","sawnwood, lath, softwood, raw, dried (u=20%)"
"lath, softwood, raw, kiln drying to u=20%","sawnwood, lath, softwood, raw, dried (u=20%)"
"lath, softwood, raw, kiln drying to u=20%","sawnwood, lath, softwood, raw, dried (u=20%)"
"lath, softwood, raw, kiln drying to u=20%","sawnwood, lath, softwood, raw, dried (u=20%)"
"lath, softwood, raw, kiln drying to u=20%","sawnwood, lath, softwood, raw, dried (u=20%)"
"lath, softwood, raw, kiln drying to u=20%","sawnwood, lath, softwood, raw, dried (u=20%)"
"lath, softwood, raw, kiln drying to u=20%","sawnwood, lath, softwood, raw, dried (u=20%)"
"lath, softwood, raw, kiln drying to u=20%","sawnwood, lath, softwood, raw, dried (u=20%)"
"lath, softwood, raw, kiln drying to u=20%","sawnwood, lath, softwood, raw, dried (u=20%)"
"lath, softwood, raw, kiln drying to u=20%","sawnwood, lath, softwood, raw, dried (u=20%)"
"lath, softwood, raw, kiln drying to u=20%","sawnwood, lath, softwood, raw, dried (u=20%)"
"lath, softwood, raw, kiln drying to u=20%","sawnwood, lath, softwood, raw, dried (u=20%)"
"wood chips production, softwood, at sawmill","wood chips, green, measured as dry mass"
"wood chips production, softwood, at sawmill","wood chips, green, measured as dry mass"
"wood chips production, softwood, at sawmill","wood chips, green, measured as dry mass"
"wood chips production, softwood, at sawmill","wood chips, green, measured as dry mass"
"wood chips production, softwood, at sawmill","wood chips, green, measured as dry mass"
"wood chips production, softwood, at sawmill","wood chips, green, measured as dry mass"
"wood chips production, softwood, at sawmill","wood chips, green, measured as dry mass"
"wood chips production, softwood, at sawmill","wood chips, green, measured as dry mass"
"wood chips production, softwood, at sawmill","wood chips, green, measured as dry mass"
"wood chips production, softwood, at sawmill","wood chips, green, measured as dry mass"
"wood chips production, softwood, at sawmill","wood chips, green, measured as dry mass"
"wood chips production, softwood, at sawmill","wood chips, green, measured as dry mass"
"willow production, short rotation coppice","wood chips and particles, willow, dry, measured as dry mass"
"willow production, short rotation coppice","wood chips and particles, willow, dry, measured as dry mass"
"willow production, short rotation coppice","wood chips and particles, willow, dry, measured as dry mass"
"willow production, short rotation coppice","wood chips and particles, willow, dry, measured as dry mass"
"willow production, short rotation coppice","wood chips and particles, willow, dry, measured as dry mass"
"willow production, short rotation coppice","wood chips and particles, willow, dry, measured as dry mass"
"willow production, short rotation coppice","wood chips and particles, willow, dry, measured as dry mass"
"willow production, short rotation coppice","wood chips and particles, willow, dry, measured as dry mass"
"willow production, short rotation coppice","wood chips and particles, willow, dry, measured as dry mass"
"willow production, short rotation coppice","wood chips and particles, willow, dry, measured as dry mass"
"willow production, short rotation coppice","wood chips and particles, willow, dry, measured as dry mass"
"willow production, short rotation coppice","wood chips and particles, willow, dry, measured as dry mass"
"hardwood forestry, eucalyptus ssp., planted forest management","cleft timber, green, measured as dry mass"
"hardwood forestry, eucalyptus ssp., planted forest management","cleft timber, green, measured as dry mass"
"hardwood forestry, eucalyptus ssp., planted forest management","cleft timber, green, measured as dry mass"
"hardwood forestry, eucalyptus ssp., planted forest management","cleft timber, green, measured as dry mass"
"hardwood forestry, eucalyptus ssp., planted forest management","cleft timber, green, measured as dry mass"
"hardwood forestry, eucalyptus ssp., planted forest management","cleft timber, green, measured as dry mass"
"hardwood forestry, eucalyptus ssp., planted forest management","cleft timber, green, measured as dry mass"
"hardwood forestry, eucalyptus ssp., planted forest management","cleft timber, green, measured as dry mass"
"hardwood forestry, eucalyptus ssp., planted forest management","cleft timber, green, measured as dry mass"
"hardwood forestry, eucalyptus ssp., planted forest management","cleft timber, green, measured as dry mass"
"hardwood forestry, eucalyptus ssp., planted forest management","cleft timber, green, measured as dry mass"
"hardwood forestry, eucalyptus ssp., planted forest management","cleft timber, green, measured as dry mass"
"hardwood forestry, eucalyptus ssp., sustainable forest management","sawlog and veneer log, eucalyptus, with bark, green, measured as green volume under bark"
"hardwood forestry, eucalyptus ssp., sustainable forest management","sawlog and veneer log, eucalyptus, with bark, green, measured as green volume under bark"
"hardwood forestry, eucalyptus ssp., sustainable forest management","sawlog and veneer log, eucalyptus, with bark, green, measured as green volume under bark"
"hardwood forestry, eucalyptus ssp., sustainable forest management","sawlog and veneer log, eucalyptus, with bark, green, measured as green volume under bark"
"hardwood forestry, eucalyptus ssp., sustainable forest management","sawlog and veneer log, eucalyptus, with bark, green, measured as green volume under bark"
"hardwood forestry, eucalyptus ssp., sustainable forest management","sawlog and veneer log, eucalyptus, with bark, green, measured as green volume under bark"
"hardwood forestry, eucalyptus ssp., sustainable forest management","sawlog and veneer log, eucalyptus, with bark, green, measured as green volume under bark"
"hardwood forestry, eucalyptus ssp., sustainable forest management","sawlog and veneer log, eucalyptus, with bark, green, measured as green volume under bark"
"hardwood forestry, eucalyptus ssp., sustainable forest management","sawlog and veneer log, eucalyptus, with bark, green, measured as green volume under bark"
"hardwood forestry, eucalyptus ssp., sustainable forest management","sawlog and veneer log, eucalyptus, with bark, green, measured as green volume under bark"
"hardwood forestry, eucalyptus ssp., sustainable forest management","sawlog and veneer log, eucalyptus, with bark, green, measured as green volume under bark"
"hardwood forestry, eucalyptus ssp., sustainable forest management","sawlog and veneer log, eucalyptus, with bark, green, measured as green volume under bark"
"market for sawlog and veneer log, softwood, with bark, green, measured as green volume under bark","sawlog and veneer log, softwood, with bark, green, measured as green volume under bark"
"market for sawlog and veneer log, softwood, with bark, green, measured as green volume under bark","sawlog and veneer log, softwood, with bark, green, measured as green volume under bark"
"market for sawlog and veneer log, softwood, with bark, green, measured as green volume under bark","sawlog and veneer log, softwood, with bark, green, measured as green volume under bark"
"market for sawlog and veneer log, softwood, with bark, green, measured as green volume under bark","sawlog and veneer log, softwood, with bark, green, measured as green volume under bark"
"market for sawlog and veneer log, softwood, with bark, green, measured as green volume under bark","sawlog and veneer log, softwood, with bark, green, measured as green volume under bark"
"market for sawlog and veneer log, softwood, with bark, green, measured as green volume under bark","sawlog and veneer log, softwood, with bark, green, measured as green volume under bark"
"market for sawlog and veneer log, softwood, with bark, green, measured as green volume under bark","sawlog and veneer log, softwood, with bark, green, measured as green volume under bark"
"market for sawlog and veneer log, softwood, with bark, green, measured as green volume under bark","sawlog and veneer log, softwood, with bark, green, measured as green volume under bark"
"market for sawlog and veneer log, softwood, with bark, green, measured as green volume under bark","sawlog and veneer log, softwood, with bark, green, measured as green volume under bark"
"market for sawlog and veneer log, softwood, with bark, green, measured as green volume under bark","sawlog and veneer log, softwood, with bark, green, measured as green volume under bark"
"market for sawlog and veneer log, softwood, with bark, green, measured as green volume under bark","sawlog and veneer log, softwood, with bark, green, measured as green volume under bark"
"market for sawlog and veneer log, softwood, with bark, green, measured as green volume under bark","sawlog and veneer log, softwood, with bark, green, measured as green volume under bark"
"market for sawlog and veneer log, softwood, with bark, green, measured as green volume over bark","sawlog and veneer log, softwood, with bark, green, measured as green volume over bark"
"market for sawlog and veneer log, softwood, with bark, green, measured as green volume over bark","sawlog and veneer log, softwood, with bark, green, measured as green volume over bark"
"market for sawlog and veneer log, softwood, with bark, green, measured as green volume over bark","sawlog and veneer log, softwood, with bark, green, measured as green volume over bark"
"market for sawlog and veneer log, softwood, with bark, green, measured as green volume over bark","sawlog and veneer log, softwood, with bark, green, measured as green volume over bark"
"market for sawlog and veneer log, softwood, with bark, green, measured as green volume over bark","sawlog and veneer log, softwood, with bark, green, measured as green volume over bark"
"market for sawlog and veneer log, softwood, with bark, green, measured as green volume over bark","sawlog and veneer log, softwood, with bark, green, measured as green volume over bark"
"market for sawlog and veneer log, softwood, with bark, green, measured as green volume over bark","sawlog and veneer log, softwood, with bark, green, measured as green volume over bark"
"market for sawlog and veneer log, softwood, with bark, green, measured as green volume over bark","sawlog and veneer log, softwood, with bark, green, measured as green volume over bark"
"market for sawlog and veneer log, softwood, with bark, green, measured as green volume over bark","sawlog and veneer log, softwood, with bark, green, measured as green volume over bark"
"market for sawlog and veneer log, softwood, with bark, green, measured as green volume over bark","sawlog and veneer log, softwood, with bark, green, measured as green volume over bark"
"market for sawlog and veneer log, softwood, with bark, green, measured as green volume over bark","sawlog and veneer log, softwood, with bark, green, measured as green volume over bark"
"market for sawlog and veneer log, softwood, with bark, green, measured as green volume over bark","sawlog and veneer log, softwood, with bark, green, measured as green volume over bark"
"market for sawlog and veneer log, meranti, with bark, green, measured as green volume under bark","sawlog and veneer log, meranti, with bark, green, measured as green volume under bark"
"market for sawlog and veneer log, meranti, with bark, green, measured as green volume under bark","sawlog and veneer log, meranti, with bark, green, measured as green volume under bark"
"market for sawlog and veneer log, meranti, with bark, green, measured as green volume under bark","sawlog and veneer log, meranti, with bark, green, measured as green volume under bark"
"market for sawlog and veneer log, meranti, with bark, green, measured as green volume under bark","sawlog and veneer log, meranti, with bark, green, measured as green volume under bark"
"market for sawlog and veneer log, meranti, with bark, green, measured as green volume under bark","sawlog and veneer log, meranti, with bark, green, measured as green volume under bark"
"market for sawlog and veneer log, meranti, with bark, green, measured as green volume under bark","sawlog and veneer log, meranti, with bark, green, measured as green volume under bark"
"market for sawlog and veneer log, meranti, with bark, green, measured as green volume under bark","sawlog and veneer log, meranti, with bark, green, measured as green volume under bark"
"market for sawlog and veneer log, meranti, with bark, green, measured as green volume under bark","sawlog and veneer log, meranti, with bark, green, measured as green volume under bark"
"market for sawlog and veneer log, meranti, with bark, green, measured as green volume under bark","sawlog and veneer log, meranti, with bark, green, measured as green volume under bark"
"market for sawlog and veneer log, meranti, with bark, green, measured as green volume under bark","sawlog and veneer log, meranti, with bark, green, measured as green volume under bark"
"market for sawlog and veneer log, meranti, with bark, green, measured as green volume under bark","sawlog and veneer log, meranti, with bark, green, measured as green volume under bark"
"market for sawlog and veneer log, meranti, with bark, green, measured as green volume under bark","sawlog and veneer log, meranti, with bark, green, measured as green volume under bark"
"market for sawlog and veneer log, azobe, debarked, green, measured as green volume","sawlog and veneer log, azobe, debarked, green, measured as green volume"
"market for sawlog and veneer log, azobe, debarked, green, measured as green volume","sawlog and veneer log, azobe, debarked, green, measured as green volume"
"market for sawlog and veneer log, azobe, debarked, green, measured as green volume","sawlog and veneer log, azobe, debarked, green, measured as green volume"
"market for sawlog and veneer log, azobe, debarked, green, measured as green volume","sawlog and veneer log, azobe, debarked, green, measured as green volume"
"market for sawlog and veneer log, azobe, debarked, green, measured as green volume","sawlog and veneer log, azobe, debarked, green, measured as green volume"
"market for sawlog and veneer log, azobe, debarked, green, measured as green volume","sawlog and veneer log, azobe, debarked, green, measured as green volume"
"market for sawlog and veneer log, azobe, debarked, green, measured as green volume","sawlog and veneer log, azobe, debarked, green, measured as green volume"
"market for sawlog and veneer log, azobe, debarked, green, measured as green volume","sawlog and veneer log, azobe, debarked, green, measured as green volume"
"market for sawlog and veneer log, azobe, debarked, green, measured as green volume","sawlog and veneer log, azobe, debarked, green, measured as green volume"
"market for sawlog and veneer log, azobe, debarked, green, measured as green volume","sawlog and veneer log, azobe, debarked, green, measured as green volume"
"market for sawlog and veneer log, azobe, debarked, green, measured as green volume","sawlog and veneer log, azobe, debarked, green, measured as green volume"
"market for sawlog and veneer log, azobe, debarked, green, measured as green volume","sawlog and veneer log, azobe, debarked, green, measured as green volume"
"market for sawlog and veneer log, hardwood, with bark, green, measured as green volume under bark","sawlog and veneer log, hardwood, with bark, green, measured as green volume under bark"
"market for sawlog and veneer log, hardwood, with bark, green, measured as green volume under bark","sawlog and veneer log, hardwood, with bark, green, measured as green volume under bark"
"market for sawlog and veneer log, hardwood, with bark, green, measured as green volume under bark","sawlog and veneer log, hardwood, with bark, green, measured as green volume under bark"
"market for sawlog and veneer log, hardwood, with bark, green, measured as green volume under bark","sawlog and veneer log, hardwood, with bark, green, measured as green volume under bark"
"market for sawlog and veneer log, hardwood, with bark, green, measured as green volume under bark","sawlog and veneer log, hardwood, with bark, green, measured as green volume under bark"
"market for sawlog and veneer log, hardwood, with bark, green, measured as green volume under bark","sawlog and veneer log, hardwood, with bark, green, measured as green volume under bark"
"market for sawlog and veneer log, hardwood, with bark, green, measured as green volume under bark","sawlog and veneer log, hardwood, with bark, green, measured as green volume under bark"
"market for sawlog and veneer log, hardwood, with bark, green, measured as green volume under bark","sawlog and veneer log, hardwood, with bark, green, measured as green volume under bark"
"market for sawlog and veneer log, hardwood, with bark, green, measured as green volume under bark","sawlog and veneer log, hardwood, with bark, green, measured as green volume under bark"
"market for sawlog and veneer log, hardwood, with bark, green, measured as green volume under bark","sawlog and veneer log, hardwood, with bark, green, measured as green volume under bark"
"market for sawlog and veneer log, hardwood, with bark, green, measured as green volume under bark","sawlog and veneer log, hardwood, with bark, green, measured as green volume under bark"
"market for sawlog and veneer log, hardwood, with bark, green, measured as green volume under bark","sawlog and veneer log, hardwood, with bark, green, measured as green volume under bark"
"market for sawlog and veneer log, softwood, debarked, green, measured as green volume","sawlog and veneer log, softwood, debarked, green, measured as green volume"
"market for sawlog and veneer log, softwood, debarked, green, measured as green volume","sawlog and veneer log, softwood, debarked, green, measured as green volume"
"market for sawlog and veneer log, softwood, debarked, green, measured as green volume","sawlog and veneer log, softwood, debarked, green, measured as green volume"
"market for sawlog and veneer log, softwood, debarked, green, measured as green volume","sawlog and veneer log, softwood, debarked, green, measured as green volume"
"market for sawlog and veneer log, softwood, debarked, green, measured as green volume","sawlog and veneer log, softwood, debarked, green, measured as green volume"
"market for sawlog and veneer log, softwood, debarked, green, measured as green volume","sawlog and veneer log, softwood, debarked, green, measured as green volume"
"market for sawlog and veneer log, softwood, debarked, green, measured as green volume","sawlog and veneer log, softwood, debarked, green, measured as green volume"
"market for sawlog and veneer log, softwood, debarked, green, measured as green volume","sawlog and veneer log, softwood, debarked, green, measured as green volume"
"market for sawlog and veneer log, softwood, debarked, green, measured as green volume","sawlog and veneer log, softwood, debarked, green, measured as green volume"
"market for sawlog and veneer log, softwood, debarked, green, measured as green volume","sawlog and veneer log, softwood, debarked, green, measured as green volume"
"market for sawlog and veneer log, softwood, debarked, green, measured as green volume","sawlog and veneer log, softwood, debarked, green, measured as green volume"
"market for sawlog and veneer log, softwood, debarked, green, measured as green volume","sawlog and veneer log, softwood, debarked, green, measured as green volume"
"market for sawlog and veneer log, meranti, debarked, green, measured as green volume","sawlog and veneer log, meranti, debarked, green, measured as green volume"
"market for sawlog and veneer log, meranti, debarked, green, measured as green volume","sawlog and veneer log, meranti, debarked, green, measured as green volume"
"market for sawlog and veneer log, meranti, debarked, green, measured as green volume","sawlog and veneer log, meranti, debarked, green, measured as green volume"
"market for sawlog and veneer log, meranti, debarked, green, measured as green volume","sawlog and veneer log, meranti, debarked, green, measured as green volume"
"market for sawlog and veneer log, meranti, debarked, green, measured as green volume","sawlog and veneer log, meranti, debarked, green, measured as green volume"
"market for sawlog and veneer log, meranti, debarked, green, measured as green volume","sawlog and veneer log, meranti, debarked, green, measured as green volume"
"market for sawlog and veneer log, meranti, debarked, green, measured as green volume","sawlog and veneer log, meranti, debarked, green, measured as green volume"
"market for sawlog and veneer log, meranti, debarked, green, measured as green volume","sawlog and veneer log, meranti, debarked, green, measured as green volume"
"market for sawlog and veneer log, meranti, debarked, green, measured as green volume","sawlog and veneer log, meranti, debarked, green, measured as green volume"
"market for sawlog and veneer log, meranti, debarked, green, measured as green volume","sawlog and veneer log, meranti, debarked, green, measured as green volume"
"market for sawlog and veneer log, meranti, debarked, green, measured as green volume","sawlog and veneer log, meranti, debarked, green, measured as green volume"
"market for sawlog and veneer log, meranti, debarked, green, measured as green volume","sawlog and veneer log, meranti, debarked, green, measured as green volume"
"market for sawlog and veneer log, paraná pine, with bark, green, measured as green volume under bark","sawlog and veneer log, paraná pine, with bark, green, measured as green volume under bark"
"market for sawlog and veneer log, paraná pine, with bark, green, measured as green volume under bark","sawlog and veneer log, paraná pine, with bark, green, measured as green volume under bark"
"market for sawlog and veneer log, paraná pine, with bark, green, measured as green volume under bark","sawlog and veneer log, paraná pine, with bark, green, measured as green volume under bark"
"market for sawlog and veneer log, paraná pine, with bark, green, measured as green volume under bark","sawlog and veneer log, paraná pine, with bark, green, measured as green volume under bark"
"market for sawlog and veneer log, paraná pine, with bark, green, measured as green volume under bark","sawlog and veneer log, paraná pine, with bark, green, measured as green volume under bark"
"market for sawlog and veneer log, paraná pine, with bark, green, measured as green volume under bark","sawlog and veneer log, paraná pine, with bark, green, measured as green volume under bark"
"market for sawlog and veneer log, paraná pine, with bark, green, measured as green volume under bark","sawlog and veneer log, paraná pine, with bark, green, measured as green volume under bark"
"market for sawlog and veneer log, paraná pine, with bark, green, measured as green volume under bark","sawlog and veneer log, paraná pine, with bark, green, measured as green volume under bark"
"market for sawlog and veneer log, paraná pine, with bark, green, measured as green volume under bark","sawlog and veneer log, paraná pine, with bark, green, measured as green volume under bark"
"market for sawlog and veneer log, paraná pine, with bark, green, measured as green volume under bark","sawlog and veneer log, paraná pine, with bark, green, measured as green volume under bark"
"market for sawlog and veneer log, paraná pine, with bark, green, measured as green volume under bark","sawlog and veneer log, paraná pine, with bark, green, measured as green volume under bark"
"market for sawlog and veneer log, paraná pine, with bark, green, measured as green volume under bark","sawlog and veneer log, paraná pine, with bark, green, measured as green volume under bark"
"market for sawlog and veneer log, eucalyptus, with bark, green, measured as green volume under bark","sawlog and veneer log, eucalyptus, with bark, green, measured as green volume under bark"
"market for sawlog and veneer log, eucalyptus, with bark, green, measured as green volume under bark","sawlog and veneer log, eucalyptus, with bark, green, measured as green volume under bark"
"market for sawlog and veneer log, eucalyptus, with bark, green, measured as green volume under bark","sawlog and veneer log, eucalyptus, with bark, green, measured as green volume under bark"
"market for sawlog and veneer log, eucalyptus, with bark, green, measured as green volume under bark","sawlog and veneer log, eucalyptus, with bark, green, measured as green volume under bark"
"market for sawlog and veneer log, eucalyptus, with bark, green, measured as green volume under bark","sawlog and veneer log, eucalyptus, with bark, green, measured as green volume under bark"
"market for sawlog and veneer log, eucalyptus, with bark, green, measured as green volume under bark","sawlog and veneer log, eucalyptus, with bark, green, measured as green volume under bark"
"market for sawlog and veneer log, eucalyptus, with bark, green, measured as green volume under bark","sawlog and veneer log, eucalyptus, with bark, green, measured as green volume under bark"
"market for sawlog and veneer log, eucalyptus, with bark, green, measured as green volume under bark","sawlog and veneer log, eucalyptus, with bark, green, measured as green volume under bark"
"market for sawlog and veneer log, eucalyptus, with bark, green, measured as green volume under bark","sawlog and veneer log, eucalyptus, with bark, green, measured as green volume under bark"
"market for sawlog and veneer log, eucalyptus, with bark, green, measured as green volume under bark","sawlog and veneer log, eucalyptus, with bark, green, measured as green volume under bark"
"market for sawlog and veneer log, eucalyptus, with bark, green, measured as green volume under bark","sawlog and veneer log, eucalyptus, with bark, green, measured as green volume under bark"
"market for sawlog and veneer log, eucalyptus, with bark, green, measured as green volume under bark","sawlog and veneer log, eucalyptus, with bark, green, measured as green volume under bark"
"market for sawlog and veneer log, azobe, with bark, green, measured as green volume under bark","sawlog and veneer log, azobe, with bark, green, measured as green volume under bark"
"market for sawlog and veneer log, azobe, with bark, green, measured as green volume under bark","sawlog and veneer log, azobe, with bark, green, measured as green volume under bark"
"market for sawlog and veneer log, azobe, with bark, green, measured as green volume under bark","sawlog and veneer log, azobe, with bark, green, measured as green volume under bark"
"market for sawlog and veneer log, azobe, with bark, green, measured as green volume under bark","sawlog and veneer log, azobe, with bark, green, measured as green volume under bark"
"market for sawlog and veneer log, azobe, with bark, green, measured as green volume under bark","sawlog and veneer log, azobe, with bark, green, measured as green volume under bark"
"market for sawlog and veneer log, azobe, with bark, green, measured as green volume under bark","sawlog and veneer log, azobe, with bark, green, measured as green volume under bark"
"market for sawlog and veneer log, azobe, with bark, green, measured as green volume under bark","sawlog and veneer log, azobe, with bark, green, measured as green volume under bark"
"market for sawlog and veneer log, azobe, with bark, green, measured as green volume under bark","sawlog and veneer log, azobe, with bark, green, measured as green volume under bark"
"market for sawlog and veneer log, azobe, with bark, green, measured as green volume under bark","sawlog and veneer log, azobe, with bark, green, measured as green volume under bark"
"market for sawlog and veneer log, azobe, with bark, green, measured as green volume under bark","sawlog and veneer log, azobe, with bark, green, measured as green volume under bark"
"market for sawlog and veneer log, azobe, with bark, green, measured as green volume under bark","sawlog and veneer log, azobe, with bark, green, measured as green volume under bark"
"market for sawlog and veneer log, azobe, with bark, green, measured as green volume under bark","sawlog and veneer log, azobe, with bark, green, measured as green volume under bark"
"market for sawlog and veneer log, hardwood, with bark, green, measured as green volume over bark","sawlog and veneer log, hardwood, with bark, green, measured as green volume over bark"
"market for sawlog and veneer log, hardwood, with bark, green, measured as green volume over bark","sawlog and veneer log, hardwood, with bark, green, measured as green volume over bark"
"market for sawlog and veneer log, hardwood, with bark, green, measured as green volume over bark","sawlog and veneer log, hardwood, with bark, green, measured as green volume over bark"
"market for sawlog and veneer log, hardwood, with bark, green, measured as green volume over bark","sawlog and veneer log, hardwood, with bark, green, measured as green volume over bark"
"market for sawlog and veneer log, hardwood, with bark, green, measured as green volume over bark","sawlog and veneer log, hardwood, with bark, green, measured as green volume over bark"
"market for sawlog and veneer log, hardwood, with bark, green, measured as green volume over bark","sawlog and veneer log, hardwood, with bark, green, measured as green volume over bark"
"market for sawlog and veneer log, hardwood, with bark, green, measured as green volume over bark","sawlog and veneer log, hardwood, with bark, green, measured as green volume over bark"
"market for sawlog and veneer log, hardwood, with bark, green, measured as green volume over bark","sawlog and veneer log, hardwood, with bark, green, measured as green volume over bark"
"market for sawlog and veneer log, hardwood, with bark, green, measured as green volume over bark","sawlog and veneer log, hardwood, with bark, green, measured as green volume over bark"
"market for sawlog and veneer log, hardwood, with bark, green, measured as green volume over bark","sawlog and veneer log, hardwood, with bark, green, measured as green volume over bark"
"market for sawlog and veneer log, hardwood, with bark, green, measured as green volume over bark","sawlog and veneer log, hardwood, with bark, green, measured as green volume over bark"
"market for sawlog and veneer log, hardwood, with bark, green, measured as green volume over bark","sawlog and veneer log, hardwood, with bark, green, measured as green volume over bark"
"market for sawnwood, board, softwood, raw, dried (u=10%)","sawnwood, board, softwood, raw, dried (u=10%)"
"market for sawnwood, board, softwood, raw, dried (u=10%)","sawnwood, board, softwood, raw, dried (u=10%)"
"market for sawnwood, board, softwood, raw, dried (u=10%)","sawnwood, board, softwood, raw, dried (u=10%)"
"market for sawnwood, board, softwood, raw, dried (u=10%)","sawnwood, board, softwood, raw, dried (u=10%)"
"market for sawnwood, board, softwood, raw, dried (u=10%)","sawnwood, board, softwood, raw, dried (u=10%)"
"market for sawnwood, board, softwood, raw, dried (u=10%)","sawnwood, board, softwood, raw, dried (u=10%)"
"market for sawnwood, board, softwood, raw, dried (u=10%)","sawnwood, board, softwood, raw, dried (u=10%)"
"market for sawnwood, board, softwood, raw, dried (u=10%)","sawnwood, board, softwood, raw, dried (u=10%)"
"market for sawnwood, board, softwood, raw, dried (u=10%)","sawnwood, board, softwood, raw, dried (u=10%)"
"market for sawnwood, board, softwood, raw, dried (u=10%)","sawnwood, board, softwood, raw, dried (u=10%)"
"market for sawnwood, board, softwood, raw, dried (u=10%)","sawnwood, board, softwood, raw, dried (u=10%)"
"market for sawnwood, board, softwood, raw, dried (u=10%)","sawnwood, board, softwood, raw, dried (u=10%)"
"market for sawnwood, beam, softwood, raw, dried (u=10%)","sawnwood, beam, softwood, raw, dried (u=10%)"
"market for sawnwood, beam, softwood, raw, dried (u=10%)","sawnwood, beam, softwood, raw, dried (u=10%)"
"market for sawnwood, beam, softwood, raw, dried (u=10%)","sawnwood, beam, softwood, raw, dried (u=10%)"
"market for sawnwood, beam, softwood, raw, dried (u=10%)","sawnwood, beam, softwood, raw, dried (u=10%)"
"market for sawnwood, beam, softwood, raw, dried (u=10%)","sawnwood, beam, softwood, raw, dried (u=10%)"
"market for sawnwood, beam, softwood, raw, dried (u=10%)","sawnwood, beam, softwood, raw, dried (u=10%)"
"market for sawnwood, beam, softwood, raw, dried (u=10%)","sawnwood, beam, softwood, raw, dried (u=10%)"
"market for sawnwood, beam, softwood, raw, dried (u=10%)","sawnwood, beam, softwood, raw, dried (u=10%)"
"market for sawnwood, beam, softwood, raw, dried (u=10%)","sawnwood, beam, softwood, raw, dried (u=10%)"
"market for sawnwood, beam, softwood, raw, dried (u=10%)","sawnwood, beam, softwood, raw, dried (u=10%)"
"market for sawnwood, beam, softwood, raw, dried (u=10%)","sawnwood, beam, softwood, raw, dried (u=10%)"
"market for sawnwood, beam, softwood, raw, dried (u=10%)","sawnwood, beam, softwood, raw, dried (u=10%)"
"market for sawnwood, lath, softwood, raw, dried (u=10%)","sawnwood, lath, softwood, raw, dried (u=10%)"
"market for sawnwood, lath, softwood, raw, dried (u=10%)","sawnwood, lath, softwood, raw, dried (u=10%)"
"market for sawnwood, lath, softwood, raw, dried (u=10%)","sawnwood, lath, softwood, raw, dried (u=10%)"
"market for sawnwood, lath, softwood, raw, dried (u=10%)","sawnwood, lath, softwood, raw, dried (u=10%)"
"market for sawnwood, lath, softwood, raw, dried (u=10%)","sawnwood, lath, softwood, raw, dried (u=10%)"
"market for sawnwood, lath, softwood, raw, dried (u=10%)","sawnwood, lath, softwood, raw, dried (u=10%)"
"market for sawnwood, lath, softwood, raw, dried (u=10%)","sawnwood, lath, softwood, raw, dried (u=10%)"
"market for sawnwood, lath, softwood, raw, dried (u=10%)","sawnwood, lath, softwood, raw, dried (u=10%)"
"market for sawnwood, lath, softwood, raw, dried (u=10%)","sawnwood, lath, softwood, raw, dried (u=10%)"
"market for sawnwood, lath, softwood, raw, dried (u=10%)","sawnwood, lath, softwood, raw, dried (u=10%)"
"market for sawnwood, lath, softwood, raw, dried (u=10%)","sawnwood, lath, softwood, raw, dried (u=10%)"
"market for sawnwood, lath, softwood, raw, dried (u=10%)","sawnwood, lath, softwood, raw, dried (u=10%)"
"market for sawnwood, beam, softwood, dried (u=20%), planed","sawnwood, beam, softwood, dried (u=20%), planed"
"market for sawnwood, beam, softwood, dried (u=20%), planed","sawnwood, beam, softwood, dried (u=20%), planed"
"market for sawnwood, beam, softwood, dried (u=20%), planed","sawnwood, beam, softwood, dried (u=20%), planed"
"market for sawnwood, beam, softwood, dried (u=20%), planed","sawnwood, beam, softwood, dried (u=20%), planed"
"market for sawnwood, beam, softwood, dried (u=20%), planed","sawnwood, beam, softwood, dried (u=20%), planed"
"market for sawnwood, beam, softwood, dried (u=20%), planed","sawnwood, beam, softwood, dried (u=20%), planed"
"market for sawnwood, beam, softwood, dried (u=20%), planed","sawnwood, beam, softwood, dried (u=20%), planed"
"market for sawnwood, beam, softwood, dried (u=20%), planed","sawnwood, beam, softwood, dried (u=20%), planed"
"market for sawnwood, beam, softwood, dried (u=20%), planed","sawnwood, beam, softwood, dried (u=20%), planed"
"market for sawnwood, beam, softwood, dried (u=20%), planed","sawnwood, beam, softwood, dried (u=20%), planed"
"market for sawnwood, beam, softwood, dried (u=20%), planed","sawnwood, beam, softwood, dried (u=20%), planed"
"market for sawnwood, beam, softwood, dried (u=20%), planed","sawnwood, beam, softwood, dried (u=20%), planed"
"market for sawnwood, beam, hardwood, raw, dried (u=20%)","sawnwood, beam, hardwood, raw, dried (u=20%)"
"market for sawnwood, beam, hardwood, raw, dried (u=20%)","sawnwood, beam, hardwood, raw, dried (u=20%)"
"market for sawnwood, beam, hardwood, raw, dried (u=20%)","sawnwood, beam, hardwood, raw, dried (u=20%)"
"market for sawnwood, beam, hardwood, raw, dried (u=20%)","sawnwood, beam, hardwood, raw, dried (u=20%)"
"market for sawnwood, beam, hardwood, raw, dried (u=20%)","sawnwood, beam, hardwood, raw, dried (u=20%)"
"market for sawnwood, beam, hardwood, raw, dried (u=20%)","sawnwood, beam, hardwood, raw, dried (u=20%)"
"market for sawnwood, beam, hardwood, raw, dried (u=20%)","sawnwood, beam, hardwood, raw, dried (u=20%)"
"market for sawnwood, beam, hardwood, raw, dried (u=20%)","sawnwood, beam, hardwood, raw, dried (u=20%)"
"market for sawnwood, beam, hardwood, raw, dried (u=20%)","sawnwood, beam, hardwood, raw, dried (u=20%)"
"market for sawnwood, beam, hardwood, raw, dried (u=20%)","sawnwood, beam, hardwood, raw, dried (u=20%)"
"market for sawnwood, beam, hardwood, raw, dried (u=20%)","sawnwood, beam, hardwood, raw, dried (u=20%)"
"market for sawnwood, beam, hardwood, raw, dried (u=20%)","sawnwood, beam, hardwood, raw, dried (u=20%)"
"market for sawnwood, beam, hardwood, dried (u=20%), planed","sawnwood, beam, hardwood, dried (u=20%), planed"
"market for sawnwood, beam, hardwood, dried (u=20%), planed","sawnwood, beam, hardwood, dried (u=20%), planed"
"market for sawnwood, beam, hardwood, dried (u=20%), planed","sawnwood, beam, hardwood, dried (u=20%), planed"
"market for sawnwood, beam, hardwood, dried (u=20%), planed","sawnwood, beam, hardwood, dried (u=20%), planed"
"market for sawnwood, beam, hardwood, dried (u=20%), planed","sawnwood, beam, hardwood, dried (u=20%), planed"
"market for sawnwood, beam, hardwood, dried (u=20%), planed","sawnwood, beam, hardwood, dried (u=20%), planed"
"market for sawnwood, beam, hardwood, dried (u=20%), planed","sawnwood, beam, hardwood, dried (u=20%), planed"
"market for sawnwood, beam, hardwood, dried (u=20%), planed","sawnwood, beam, hardwood, dried (u=20%), planed"
"market for sawnwood, beam, hardwood, dried (u=20%), planed","sawnwood, beam, hardwood, dried (u=20%), planed"
"market for sawnwood, beam, hardwood, dried (u=20%), planed","sawnwood, beam, hardwood, dried (u=20%), planed"
"market for sawnwood, beam, hardwood, dried (u=20%), planed","sawnwood, beam, hardwood, dried (u=20%), planed"
"market for sawnwood, beam, hardwood, dried (u=20%), planed","sawnwood, beam, hardwood, dried (u=20%), planed"
"market for sawnwood, board, hardwood, raw, dried (u=20%)","sawnwood, board, hardwood, raw, dried (u=20%)"
"market for sawnwood, board, hardwood, raw, dried (u=20%)","sawnwood, board, hardwood, raw, dried (u=20%)"
"market for sawnwood, board, hardwood, raw, dried (u=20%)","sawnwood, board, hardwood, raw, dried (u=20%)"
"market for sawnwood, board, hardwood, raw, dried (u=20%)","sawnwood, board, hardwood, raw, dried (u=20%)"
"market for sawnwood, board, hardwood, raw, dried (u=20%)","sawnwood, board, hardwood, raw, dried (u=20%)"
"market for sawnwood, board, hardwood, raw, dried (u=20%)","sawnwood, board, hardwood, raw, dried (u=20%)"
"market for sawnwood, board, hardwood, raw, dried (u=20%)","sawnwood, board, hardwood, raw, dried (u=20%)"
"market for sawnwood, board, hardwood, raw, dried (u=20%)","sawnwood, board, hardwood, raw, dried (u=20%)"
"market for sawnwood, board, hardwood, raw, dried (u=20%)","sawnwood, board, hardwood, raw, dried (u=20%)"
"market for sawnwood, board, hardwood, raw, dried (u=20%)","sawnwood, board, hardwood, raw, dried (u=20%)"
"market for sawnwood, board, hardwood, raw, dried (u=20%)","sawnwood, board, hardwood, raw, dried (u=20%)"
"market for sawnwood, board, hardwood, raw, dried (u=20%)","sawnwood, board, hardwood, raw, dried (u=20%)"
"market for sawnwood, board, hardwood, raw, dried (u=10%)","sawnwood, board, hardwood, raw, dried (u=10%)"
"market for sawnwood, board, hardwood, raw, dried (u=10%)","sawnwood, board, hardwood, raw, dried (u=10%)"
"market for sawnwood, board, hardwood, raw, dried (u=10%)","sawnwood, board, hardwood, raw, dried (u=10%)"
"market for sawnwood, board, hardwood, raw, dried (u=10%)","sawnwood, board, hardwood, raw, dried (u=10%)"
"market for sawnwood, board, hardwood, raw, dried (u=10%)","sawnwood, board, hardwood, raw, dried (u=10%)"
"market for sawnwood, board, hardwood, raw, dried (u=10%)","sawnwood, board, hardwood, raw, dried (u=10%)"
"market for sawnwood, board, hardwood, raw, dried (u=10%)","sawnwood, board, hardwood, raw, dried (u=10%)"
"market for sawnwood, board, hardwood, raw, dried (u=10%)","sawnwood, board, hardwood, raw, dried (u=10%)"
"market for sawnwood, board, hardwood, raw, dried (u=10%)","sawnwood, board, hardwood, raw, dried (u=10%)"
"market for sawnwood, board, hardwood, raw, dried (u=10%)","sawnwood, board, hardwood, raw, dried (u=10%)"
"market for sawnwood, board, hardwood, raw, dried (u=10%)","sawnwood, board, hardwood, raw, dried (u=10%)"
"market for sawnwood, board, hardwood, raw, dried (u=10%)","sawnwood, board, hardwood, raw, dried (u=10%)"
"market for sawnwood, beam, hardwood, dried (u=10%), planed","sawnwood, beam, hardwood, dried (u=10%), planed"
"market for sawnwood, beam, hardwood, dried (u=10%), planed","sawnwood, beam, hardwood, dried (u=10%), planed"
"market for sawnwood, beam, hardwood, dried (u=10%), planed","sawnwood, beam, hardwood, dried (u=10%), planed"
"market for sawnwood, beam, hardwood, dried (u=10%), planed","sawnwood, beam, hardwood, dried (u=10%), planed"
"market for sawnwood, beam, hardwood, dried (u=10%), planed","sawnwood, beam, hardwood, dried (u=10%), planed"
"market for sawnwood, beam, hardwood, dried (u=10%), planed","sawnwood, beam, hardwood, dried (u=10%), planed"
"market for sawnwood, beam, hardwood, dried (u=10%), planed","sawnwood, beam, hardwood, dried (u=10%), planed"
"market for sawnwood, beam, hardwood, dried (u=10%), planed","sawnwood, beam, hardwood, dried (u=10%), planed"
"market for sawnwood, beam, hardwood, dried (u=10%), planed","sawnwood, beam, hardwood, dried (u=10%), planed"
"market for sawnwood, beam, hardwood, dried (u=10%), planed","sawnwood, beam, hardwood, dried (u=10%), planed"
"market for sawnwood, beam, hardwood, dried (u=10%), planed","sawnwood, beam, hardwood, dried (u=10%), planed"
"market for sawnwood, beam, hardwood, dried (u=10%), planed","sawnwood, beam, hardwood, dried (u=10%), planed"
"market for sawnwood, board, hardwood, dried (u=20%), planed","sawnwood, board, hardwood, dried (u=20%), planed"
"market for sawnwood, board, hardwood, dried (u=20%), planed","sawnwood, board, hardwood, dried (u=20%), planed"
"market for sawnwood, board, hardwood, dried (u=20%), planed","sawnwood, board, hardwood, dried (u=20%), planed"
"market for sawnwood, board, hardwood, dried (u=20%), planed","sawnwood, board, hardwood, dried (u=20%), planed"
"market for sawnwood, board, hardwood, dried (u=20%), planed","sawnwood, board, hardwood, dried (u=20%), planed"
"market for sawnwood, board, hardwood, dried (u=20%), planed","sawnwood, board, hardwood, dried (u=20%), planed"
"market for sawnwood, board, hardwood, dried (u=20%), planed","sawnwood, board, hardwood, dried (u=20%), planed"
"market for sawnwood, board, hardwood, dried (u=20%), planed","sawnwood, board, hardwood, dried (u=20%), planed"
"market for sawnwood, board, hardwood, dried (u=20%), planed","sawnwood, board, hardwood, dried (u=20%), planed"
"market for sawnwood, board, hardwood, dried (u=20%), planed","sawnwood, board, hardwood, dried (u=20%), planed"
"market for sawnwood, board, hardwood, dried (u=20%), planed","sawnwood, board, hardwood, dried (u=20%), planed"
"market for sawnwood, board, hardwood, dried (u=20%), planed","sawnwood, board, hardwood, dried (u=20%), planed"
"market for sawnwood, softwood, raw, dried (u=10%)","sawnwood, softwood, raw, dried (u=10%)"
"market for sawnwood, softwood, raw, dried (u=10%)","sawnwood, softwood, raw, dried (u=10%)"
"market for sawnwood, softwood, raw, dried (u=10%)","sawnwood, softwood, raw, dried (u=10%)"
"market for sawnwood, softwood, raw, dried (u=10%)","sawnwood, softwood, raw, dried (u=10%)"
"market for sawnwood, softwood, raw, dried (u=10%)","sawnwood, softwood, raw, dried (u=10%)"
"market for sawnwood, softwood, raw, dried (u=10%)","sawnwood, softwood, raw, dried (u=10%)"
"market for sawnwood, softwood, raw, dried (u=10%)","sawnwood, softwood, raw, dried (u=10%)"
"market for sawnwood, softwood, raw, dried (u=10%)","sawnwood, softwood, raw, dried (u=10%)"
"market for sawnwood, softwood, raw, dried (u=10%)","sawnwood, softwood, raw, dried (u=10%)"
"market for sawnwood, softwood, raw, dried (u=10%)","sawnwood, softwood, raw, dried (u=10%)"
"market for sawnwood, softwood, raw, dried (u=10%)","sawnwood, softwood, raw, dried (u=10%)"
"market for sawnwood, softwood, raw, dried (u=10%)","sawnwood, softwood, raw, dried (u=10%)"
"market for sawnwood, board, hardwood, dried (u=10%), planed","sawnwood, board, hardwood, dried (u=10%), planed"
"market for sawnwood, board, hardwood, dried (u=10%), planed","sawnwood, board, hardwood, dried (u=10%), planed"
"market for sawnwood, board, hardwood, dried (u=10%), planed","sawnwood, board, hardwood, dried (u=10%), planed"
"market for sawnwood, board, hardwood, dried (u=10%), planed","sawnwood, board, hardwood, dried (u=10%), planed"
"market for sawnwood, board, hardwood, dried (u=10%), planed","sawnwood, board, hardwood, dried (u=10%), planed"
"market for sawnwood, board, hardwood, dried (u=10%), planed","sawnwood, board, hardwood, dried (u=10%), planed"
"market for sawnwood, board, hardwood, dried (u=10%), planed","sawnwood, board, hardwood, dried (u=10%), planed"
"market for sawnwood, board, hardwood, dried (u=10%), planed","sawnwood, board, hardwood, dried (u=10%), planed"
"market for sawnwood, board, hardwood, dried (u=10%), planed","sawnwood, board, hardwood, dried (u=10%), planed"
"market for sawnwood, board, hardwood, dried (u=10%), planed","sawnwood, board, hardwood, dried (u=10%), planed"
"market for sawnwood, board, hardwood, dried (u=10%), planed","sawnwood, board, hardwood, dried (u=10%), planed"
"market for sawnwood, board, hardwood, dried (u=10%), planed","sawnwood, board, hardwood, dried (u=10%), planed"
"market for sawnwood, lath, hardwood, dried (u=20%), planed","sawnwood, lath, hardwood, dried (u=20%), planed"
"market for sawnwood, lath, hardwood, dried (u=20%), planed","sawnwood, lath, hardwood, dried (u=20%), planed"
"market for sawnwood, lath, hardwood, dried (u=20%), planed","sawnwood, lath, hardwood, dried (u=20%), planed"
"market for sawnwood, lath, hardwood, dried (u=20%), planed","sawnwood, lath, hardwood, dried (u=20%), planed"
"market for sawnwood, lath, hardwood, dried (u=20%), planed","sawnwood, lath, hardwood, dried (u=20%), planed"
"market for sawnwood, lath, hardwood, dried (u=20%), planed","sawnwood, lath, hardwood, dried (u=20%), planed"
"market for sawnwood, lath, hardwood, dried (u=20%), planed","sawnwood, lath, hardwood, dried (u=20%), planed"
"market for sawnwood, lath, hardwood, dried (u=20%), planed","sawnwood, lath, hardwood, dried (u=20%), planed"
"market for sawnwood, lath, hardwood, dried (u=20%), planed","sawnwood, lath, hardwood, dried (u=20%), planed"
"market for sawnwood, lath, hardwood, dried (u=20%), planed","sawnwood, lath, hardwood, dried (u=20%), planed"
"market for sawnwood, lath, hardwood, dried (u=20%), planed","sawnwood, lath, hardwood, dried (u=20%), planed"
"market for sawnwood, lath, hardwood, dried (u=20%), planed","sawnwood, lath, hardwood, dried (u=20%), planed"
"market for sawnwood, beam, softwood, dried (u=10%), planed","sawnwood, beam, softwood, dried (u=10%), planed"
"market for sawnwood, beam, softwood, dried (u=10%), planed","sawnwood, beam, softwood, dried (u=10%), planed"
"market for sawnwood, beam, softwood, dried (u=10%), planed","sawnwood, beam, softwood, dried (u=10%), planed"
"market for sawnwood, beam, softwood, dried (u=10%), planed","sawnwood, beam, softwood, dried (u=10%), planed"
"market for sawnwood, beam, softwood, dried (u=10%), planed","sawnwood, beam, softwood, dried (u=10%), planed"
"market for sawnwood, beam, softwood, dried (u=10%), planed","sawnwood, beam, softwood, dried (u=10%), planed"
"market for sawnwood, beam, softwood, dried (u=10%), planed","sawnwood, beam, softwood, dried (u=10%), planed"
"market for sawnwood, beam, softwood, dried (u=10%), planed","sawnwood, beam, softwood, dried (u=10%), planed"
"market for sawnwood, beam, softwood, dried (u=10%), planed","sawnwood, beam, softwood, dried (u=10%), planed"
"market for sawnwood, beam, softwood, dried (u=10%), planed","sawnwood, beam, softwood, dried (u=10%), planed"
"market for sawnwood, beam, softwood, dried (u=10%), planed","sawnwood, beam, softwood, dried (u=10%), planed"
"market for sawnwood, beam, softwood, dried (u=10%), planed","sawnwood, beam, softwood, dried (u=10%), planed"
"market for sawnwood, softwood, raw, dried (u=20%)","sawnwood, softwood, raw, dried (u=20%)"
"market for sawnwood, softwood, raw, dried (u=20%)","sawnwood, softwood, raw, dried (u=20%)"
"market for sawnwood, softwood, raw, dried (u=20%)","sawnwood, softwood, raw, dried (u=20%)"
"market for sawnwood, softwood, raw, dried (u=20%)","sawnwood, softwood, raw, dried (u=20%)"
"market for sawnwood, softwood, raw, dried (u=20%)","sawnwood, softwood, raw, dried (u=20%)"
"market for sawnwood, softwood, raw, dried (u=20%)","sawnwood, softwood, raw, dried (u=20%)"
"market for sawnwood, softwood, raw, dried (u=20%)","sawnwood, softwood, raw, dried (u=20%)"
"market for sawnwood, softwood, raw, dried (u=20%)","sawnwood, softwood, raw, dried (u=20%)"
"market for sawnwood, softwood, raw, dried (u=20%)","sawnwood, softwood, raw, dried (u=20%)"
"market for sawnwood, softwood, raw, dried (u=20%)","sawnwood, softwood, raw, dried (u=20%)"
"market for sawnwood, softwood, raw, dried (u=20%)","sawnwood, softwood, raw, dried (u=20%)"
"market for sawnwood, softwood, raw, dried (u=20%)","sawnwood, softwood, raw, dried (u=20%)"
"market for sawnwood, board, softwood, dried (u=20%), planed","sawnwood, board, softwood, dried (u=20%), planed"
"market for sawnwood, board, softwood, dried (u=20%), planed","sawnwood, board, softwood, dried (u=20%), planed"
"market for sawnwood, board, softwood, dried (u=20%), planed","sawnwood, board, softwood, dried (u=20%), planed"
"market for sawnwood, board, softwood, dried (u=20%), planed","sawnwood, board, softwood, dried (u=20%), planed"
"market for sawnwood, board, softwood, dried (u=20%), planed","sawnwood, board, softwood, dried (u=20%), planed"
"market for sawnwood, board, softwood, dried (u=20%), planed","sawnwood, board, softwood, dried (u=20%), planed"
"market for sawnwood, board, softwood, dried (u=20%), planed","sawnwood, board, softwood, dried (u=20%), planed"
"market for sawnwood, board, softwood, dried (u=20%), planed","sawnwood, board, softwood, dried (u=20%), planed"
"market for sawnwood, board, softwood, dried (u=20%), planed","sawnwood, board, softwood, dried (u=20%), planed"
"market for sawnwood, board, softwood, dried (u=20%), planed","sawnwood, board, softwood, dried (u=20%), planed"
"market for sawnwood, board, softwood, dried (u=20%), planed","sawnwood, board, softwood, dried (u=20%), planed"
"market for sawnwood, board, softwood, dried (u=20%), planed","sawnwood, board, softwood, dried (u=20%), planed"
"market for sawnwood, azobe, dried (u=15%), planed","sawnwood, azobe, dried (u=15%), planed"
"market for sawnwood, azobe, dried (u=15%), planed","sawnwood, azobe, dried (u=15%), planed"
"market for sawnwood, azobe, dried (u=15%), planed","sawnwood, azobe, dried (u=15%), planed"
"market for sawnwood, azobe, dried (u=15%), planed","sawnwood, azobe, dried (u=15%), planed"
"market for sawnwood, azobe, dried (u=15%), planed","sawnwood, azobe, dried (u=15%), planed"
"market for sawnwood, azobe, dried (u=15%), planed","sawnwood, azobe, dried (u=15%), planed"
"market for sawnwood, azobe, dried (u=15%), planed","sawnwood, azobe, dried (u=15%), planed"
"market for sawnwood, azobe, dried (u=15%), planed","sawnwood, azobe, dried (u=15%), planed"
"market for sawnwood, azobe, dried (u=15%), planed","sawnwood, azobe, dried (u=15%), planed"
"market for sawnwood, azobe, dried (u=15%), planed","sawnwood, azobe, dried (u=15%), planed"
"market for sawnwood, azobe, dried (u=15%), planed","sawnwood, azobe, dried (u=15%), planed"
"market for sawnwood, azobe, dried (u=15%), planed","sawnwood, azobe, dried (u=15%), planed"
"market for sawnwood, hardwood, dried (u=10%), planed","sawnwood, hardwood, dried (u=10%), planed"
"market for sawnwood, hardwood, dried (u=10%), planed","sawnwood, hardwood, dried (u=10%), planed"
"market for sawnwood, hardwood, dried (u=10%), planed","sawnwood, hardwood, dried (u=10%), planed"
"market for sawnwood, hardwood, dried (u=10%), planed","sawnwood, hardwood, dried (u=10%), planed"
"market for sawnwood, hardwood, dried (u=10%), planed","sawnwood, hardwood, dried (u=10%), planed"
"market for sawnwood, hardwood, dried (u=10%), planed","sawnwood, hardwood, dried (u=10%), planed"
"market for sawnwood, hardwood, dried (u=10%), planed","sawnwood, hardwood, dried (u=10%), planed"
"market for sawnwood, hardwood, dried (u=10%), planed","sawnwood, hardwood, dried (u=10%), planed"
"market for sawnwood, hardwood, dried (u=10%), planed","sawnwood, hardwood, dried (u=10%), planed"
"market for sawnwood, hardwood, dried (u=10%), planed","sawnwood, hardwood, dried (u=10%), planed"
"market for sawnwood, hardwood, dried (u=10%), planed","sawnwood, hardwood, dried (u=10%), planed"
"market for sawnwood, hardwood, dried (u=10%), planed","sawnwood, hardwood, dried (u=10%), planed"
"market for sawnwood, paraná pine, dried (u=10%)","sawnwood, paraná pine, dried (u=10%)"
"market for sawnwood, paraná pine, dried (u=10%)","sawnwood, paraná pine, dried (u=10%)"
"market for sawnwood, paraná pine, dried (u=10%)","sawnwood, paraná pine, dried (u=10%)"
"market for sawnwood, paraná pine, dried (u=10%)","sawnwood, paraná pine, dried (u=10%)"
"market for sawnwood, paraná pine, dried (u=10%)","sawnwood, paraná pine, dried (u=10%)"
"market for sawnwood, paraná pine, dried (u=10%)","sawnwood, paraná pine, dried (u=10%)"
"market for sawnwood, paraná pine, dried (u=10%)","sawnwood, paraná pine, dried (u=10%)"
"market for sawnwood, paraná pine, dried (u=10%)","sawnwood, paraná pine, dried (u=10%)"
"market for sawnwood, paraná pine, dried (u=10%)","sawnwood, paraná pine, dried (u=10%)"
"market for sawnwood, paraná pine, dried (u=10%)","sawnwood, paraná pine, dried (u=10%)"
"market for sawnwood, paraná pine, dried (u=10%)","sawnwood, paraná pine, dried (u=10%)"
"market for sawnwood, paraná pine, dried (u=10%)","sawnwood, paraná pine, dried (u=10%)"
"market for sawnwood, lath, softwood, dried (u=10%), planed","sawnwood, lath, softwood, dried (u=10%), planed"
"market for sawnwood, lath, softwood, dried (u=10%), planed","sawnwood, lath, softwood, dried (u=10%), planed"
"market for sawnwood, lath, softwood, dried (u=10%), planed","sawnwood, lath, softwood, dried (u=10%), planed"
"market for sawnwood, lath, softwood, dried (u=10%), planed","sawnwood, lath, softwood, dried (u=10%), planed"
"market for sawnwood, lath, softwood, dried (u=10%), planed","sawnwood, lath, softwood, dried (u=10%), planed"
"market for sawnwood, lath, softwood, dried (u=10%), planed","sawnwood, lath, softwood, dried (u=10%), planed"
"market for sawnwood, lath, softwood, dried (u=10%), planed","sawnwood, lath, softwood, dried (u=10%), planed"
"market for sawnwood, lath, softwood, dried (u=10%), planed","sawnwood, lath, softwood, dried (u=10%), planed"
"market for sawnwood, lath, softwood, dried (u=10%), planed","sawnwood, lath, softwood, dried (u=10%), planed"
"market for sawnwood, lath, softwood, dried (u=10%), planed","sawnwood, lath, softwood, dried (u=10%), planed"
"market for sawnwood, lath, softwood, dried (u=10%), planed","sawnwood, lath, softwood, dried (u=10%), planed"
"market for sawnwood, lath, softwood, dried (u=10%), planed","sawnwood, lath, softwood, dried (u=10%), planed"
"market for sawnwood, lath, softwood, raw, dried (u=20%)","sawnwood, lath, softwood, raw, dried (u=20%)"
"market for sawnwood, lath, softwood, raw, dried (u=20%)","sawnwood, lath, softwood, raw, dried (u=20%)"
"market for sawnwood, lath, softwood, raw, dried (u=20%)","sawnwood, lath, softwood, raw, dried (u=20%)"
"market for sawnwood, lath, softwood, raw, dried (u=20%)","sawnwood, lath, softwood, raw, dried (u=20%)"
"market for sawnwood, lath, softwood, raw, dried (u=20%)","sawnwood, lath, softwood, raw, dried (u=20%)"
"market for sawnwood, lath, softwood, raw, dried (u=20%)","sawnwood, lath, softwood, raw, dried (u=20%)"
"market for sawnwood, lath, softwood, raw, dried (u=20%)","sawnwood, lath, softwood, raw, dried (u=20%)"
"market for sawnwood, lath, softwood, raw, dried (u=20%)","sawnwood, lath, softwood, raw, dried (u=20%)"
"market for sawnwood, lath, softwood, raw, dried (u=20%)","sawnwood, lath, softwood, raw, dried (u=20%)"
"market for sawnwood, lath, softwood, raw, dried (u=20%)","sawnwood, lath, softwood, raw, dried (u=20%)"
"market for sawnwood, lath, softwood, raw, dried (u=20%)","sawnwood, lath, softwood, raw, dried (u=20%)"
"market for sawnwood, lath, softwood, raw, dried (u=20%)","sawnwood, lath, softwood, raw, dried (u=20%)"
"market for sawnwood, softwood, dried (u=10%), planed","sawnwood, softwood, dried (u=10%), planed"
"market for sawnwood, softwood, dried (u=10%), planed","sawnwood, softwood, dried (u=10%), planed"
"market for sawnwood, softwood, dried (u=10%), planed","sawnwood, softwood, dried (u=10%), planed"
"market for sawnwood, softwood, dried (u=10%), planed","sawnwood, softwood, dried (u=10%), planed"
"market for sawnwood, softwood, dried (u=10%), planed","sawnwood, softwood, dried (u=10%), planed"
"market for sawnwood, softwood, dried (u=10%), planed","sawnwood, softwood, dried (u=10%), planed"
"market for sawnwood, softwood, dried (u=10%), planed","sawnwood, softwood, dried (u=10%), planed"
"market for sawnwood, softwood, dried (u=10%), planed","sawnwood, softwood, dried (u=10%), planed"
"market for sawnwood, softwood, dried (u=10%), planed","sawnwood, softwood, dried (u=10%), planed"
"market for sawnwood, softwood, dried (u=10%), planed","sawnwood, softwood, dried (u=10%), planed"
"market for sawnwood, softwood, dried (u=10%), planed","sawnwood, softwood, dried (u=10%), planed"
"market for sawnwood, softwood, dried (u=10%), planed","sawnwood, softwood, dried (u=10%), planed"
"market for sawnwood, hardwood, dried (u=20%), planed","sawnwood, hardwood, dried (u=20%), planed"
"market for sawnwood, hardwood, dried (u=20%), planed","sawnwood, hardwood, dried (u=20%), planed"
"market for sawnwood, hardwood, dried (u=20%), planed","sawnwood, hardwood, dried (u=20%), planed"
"market for sawnwood, hardwood, dried (u=20%), planed","sawnwood, hardwood, dried (u=20%), planed"
"market for sawnwood, hardwood, dried (u=20%), planed","sawnwood, hardwood, dried (u=20%), planed"
"market for sawnwood, hardwood, dried (u=20%), planed","sawnwood, hardwood, dried (u=20%), planed"
"market for sawnwood, hardwood, dried (u=20%), planed","sawnwood, hardwood, dried (u=20%), planed"
"market for sawnwood, hardwood, dried (u=20%), planed","sawnwood, hardwood, dried (u=20%), planed"
"market for sawnwood, hardwood, dried (u=20%), planed","sawnwood, hardwood, dried (u=20%), planed"
"market for sawnwood, hardwood, dried (u=20%), planed","sawnwood, hardwood, dried (u=20%), planed"
"market for sawnwood, hardwood, dried (u=20%), planed","sawnwood, hardwood, dried (u=20%), planed"
"market for sawnwood, hardwood, dried (u=20%), planed","sawnwood, hardwood, dried (u=20%), planed"
"market for sawnwood, softwood, raw","sawnwood, softwood, raw"
"market for sawnwood, softwood, raw","sawnwood, softwood, raw"
"market for sawnwood, softwood, raw","sawnwood, softwood, raw"
"market for sawnwood, softwood, raw","sawnwood, softwood, raw"
"market for sawnwood, softwood, raw","sawnwood, softwood, raw"
"market for sawnwood, softwood, raw","sawnwood, softwood, raw"
"market for sawnwood, softwood, raw","sawnwood, softwood, raw"
"market for sawnwood, softwood, raw","sawnwood, softwood, raw"
"market for sawnwood, softwood, raw","sawnwood, softwood, raw"
"market for sawnwood, softwood, raw","sawnwood, softwood, raw"
"market for sawnwood, softwood, raw","sawnwood, softwood, raw"
"market for sawnwood, softwood, raw","sawnwood, softwood, raw"
"market for sawnwood, hardwood, raw, dried (u=20%)","sawnwood, hardwood, raw, dried (u=20%)"
"market for sawnwood, hardwood, raw, dried (u=20%)","sawnwood, hardwood, raw, dried (u=20%)"
"market for sawnwood, hardwood, raw, dried (u=20%)","sawnwood, hardwood, raw, dried (u=20%)"
"market for sawnwood, hardwood, raw, dried (u=20%)","sawnwood, hardwood, raw, dried (u=20%)"
"market for sawnwood, hardwood, raw, dried (u=20%)","sawnwood, hardwood, raw, dried (u=20%)"
"market for sawnwood, hardwood, raw, dried (u=20%)","sawnwood, hardwood, raw, dried (u=20%)"
"market for sawnwood, hardwood, raw, dried (u=20%)","sawnwood, hardwood, raw, dried (u=20%)"
"market for sawnwood, hardwood, raw, dried (u=20%)","sawnwood, hardwood, raw, dried (u=20%)"
"market for sawnwood, hardwood, raw, dried (u=20%)","sawnwood, hardwood, raw, dried (u=20%)"
"market for sawnwood, hardwood, raw, dried (u=20%)","sawnwood, hardwood, raw, dried (u=20%)"
"market for sawnwood, hardwood, raw, dried (u=20%)","sawnwood, hardwood, raw, dried (u=20%)"
"market for sawnwood, hardwood, raw, dried (u=20%)","sawnwood, hardwood, raw, dried (u=20%)"
"market for sawnwood, beam, softwood, raw, dried (u=20%)","sawnwood, beam, softwood, raw, dried (u=20%)"
"market for sawnwood, beam, softwood, raw, dried (u=20%)","sawnwood, beam, softwood, raw, dried (u=20%)"
"market for sawnwood, beam, softwood, raw, dried (u=20%)","sawnwood, beam, softwood, raw, dried (u=20%)"
"market for sawnwood, beam, softwood, raw, dried (u=20%)","sawnwood, beam, softwood, raw, dried (u=20%)"
"market for sawnwood, beam, softwood, raw, dried (u=20%)","sawnwood, beam, softwood, raw, dried (u=20%)"
"market for sawnwood, beam, softwood, raw, dried (u=20%)","sawnwood, beam, softwood, raw, dried (u=20%)"
"market for sawnwood, beam, softwood, raw, dried (u=20%)","sawnwood, beam, softwood, raw, dried (u=20%)"
"market for sawnwood, beam, softwood, raw, dried (u=20%)","sawnwood, beam, softwood, raw, dried (u=20%)"
"market for sawnwood, beam, softwood, raw, dried (u=20%)","sawnwood, beam, softwood, raw, dried (u=20%)"
"market for sawnwood, beam, softwood, raw, dried (u=20%)","sawnwood, beam, softwood, raw, dried (u=20%)"
"market for sawnwood, beam, softwood, raw, dried (u=20%)","sawnwood, beam, softwood, raw, dried (u=20%)"
"market for sawnwood, beam, softwood, raw, dried (u=20%)","sawnwood, beam, softwood, raw, dried (u=20%)"
"market for sawnwood, softwood, dried (u=20%), planed","sawnwood, softwood, dried (u=20%), planed"
"market for sawnwood, softwood, dried (u=20%), planed","sawnwood, softwood, dried (u=20%), planed"
"market for sawnwood, softwood, dried (u=20%), planed","sawnwood, softwood, dried (u=20%), planed"
"market for sawnwood, softwood, dried (u=20%), planed","sawnwood, softwood, dried (u=20%), planed"
"market for sawnwood, softwood, dried (u=20%), planed","sawnwood, softwood, dried (u=20%), planed"
"market for sawnwood, softwood, dried (u=20%), planed","sawnwood, softwood, dried (u=20%), planed"
"market for sawnwood, softwood, dried (u=20%), planed","sawnwood, softwood, dried (u=20%), planed"
"market for sawnwood, softwood, dried (u=20%), planed","sawnwood, softwood, dried (u=20%), planed"
"market for sawnwood, softwood, dried (u=20%), planed","sawnwood, softwood, dried (u=20%), planed"
"market for sawnwood, softwood, dried (u=20%), planed","sawnwood, softwood, dried (u=20%), planed"
"market for sawnwood, softwood, dried (u=20%), planed","sawnwood, softwood, dried (u=20%), planed"
"market for sawnwood, softwood, dried (u=20%), planed","sawnwood, softwood, dried (u=20%), planed"
"market for sawnwood, lath, softwood, dried (u=20%), planed","sawnwood, lath, softwood, dried (u=20%), planed"
"market for sawnwood, lath, softwood, dried (u=20%), planed","sawnwood, lath, softwood, dried (u=20%), planed"
"market for sawnwood, lath, softwood, dried (u=20%), planed","sawnwood, lath, softwood, dried (u=20%), planed"
"market for sawnwood, lath, softwood, dried (u=20%), planed","sawnwood, lath, softwood, dried (u=20%), planed"
"market for sawnwood, lath, softwood, dried (u=20%), planed","sawnwood, lath, softwood, dried (u=20%), planed"
"market for sawnwood, lath, softwood, dried (u=20%), planed","sawnwood, lath, softwood, dried (u=20%), planed"
"market for sawnwood, lath, softwood, dried (u=20%), planed","sawnwood, lath, softwood, dried (u=20%), planed"
"market for sawnwood, lath, softwood, dried (u=20%), planed","sawnwood, lath, softwood, dried (u=20%), planed"
"market for sawnwood, lath, softwood, dried (u=20%), planed","sawnwood, lath, softwood, dried (u=20%), planed"
"market for sawnwood, lath, softwood, dried (u=20%), planed","sawnwood, lath, softwood, dried (u=20%), planed"
"market for sawnwood, lath, softwood, dried (u=20%), planed","sawnwood, lath, softwood, dried (u=20%), planed"
"market for sawnwood, lath, softwood, dried (u=20%), planed","sawnwood, lath, softwood, dried (u=20%), planed"
"market for sawnwood, lath, hardwood, raw, dried (u=10%)","sawnwood, lath, hardwood, raw, dried (u=10%)"
"market for sawnwood, lath, hardwood, raw, dried (u=10%)","sawnwood, lath, hardwood, raw, dried (u=10%)"
"market for sawnwood, lath, hardwood, raw, dried (u=10%)","sawnwood, lath, hardwood, raw, dried (u=10%)"
"market for sawnwood, lath, hardwood, raw, dried (u=10%)","sawnwood, lath, hardwood, raw, dried (u=10%)"
"market for sawnwood, lath, hardwood, raw, dried (u=10%)","sawnwood, lath, hardwood, raw, dried (u=10%)"
"market for sawnwood, lath, hardwood, raw, dried (u=10%)","sawnwood, lath, hardwood, raw, dried (u=10%)"
"market for sawnwood, lath, hardwood, raw, dried (u=10%)","sawnwood, lath, hardwood, raw, dried (u=10%)"
"market for sawnwood, lath, hardwood, raw, dried (u=10%)","sawnwood, lath, hardwood, raw, dried (u=10%)"
"market for sawnwood, lath, hardwood, raw, dried (u=10%)","sawnwood, lath, hardwood, raw, dried (u=10%)"
"market for sawnwood, lath, hardwood, raw, dried (u=10%)","sawnwood, lath, hardwood, raw, dried (u=10%)"
"market for sawnwood, lath, hardwood, raw, dried (u=10%)","sawnwood, lath, hardwood, raw, dried (u=10%)"
"market for sawnwood, lath, hardwood, raw, dried (u=10%)","sawnwood, lath, hardwood, raw, dried (u=10%)"
"market for sawnwood, board, softwood, raw, dried (u=20%)","sawnwood, board, softwood, raw, dried (u=20%)"
"market for sawnwood, board, softwood, raw, dried (u=20%)","sawnwood, board, softwood, raw, dried (u=20%)"
"market for sawnwood, board, softwood, raw, dried (u=20%)","sawnwood, board, softwood, raw, dried (u=20%)"
"market for sawnwood, board, softwood, raw, dried (u=20%)","sawnwood, board, softwood, raw, dried (u=20%)"
"market for sawnwood, board, softwood, raw, dried (u=20%)","sawnwood, board, softwood, raw, dried (u=20%)"
"market for sawnwood, board, softwood, raw, dried (u=20%)","sawnwood, board, softwood, raw, dried (u=20%)"
"market for sawnwood, board, softwood, raw, dried (u=20%)","sawnwood, board, softwood, raw, dried (u=20%)"
"market for sawnwood, board, softwood, raw, dried (u=20%)","sawnwood, board, softwood, raw, dried (u=20%)"
"market for sawnwood, board, softwood, raw, dried (u=20%)","sawnwood, board, softwood, raw, dried (u=20%)"
"market for sawnwood, board, softwood, raw, dried (u=20%)","sawnwood, board, softwood, raw, dried (u=20%)"
"market for sawnwood, board, softwood, raw, dried (u=20%)","sawnwood, board, softwood, raw, dried (u=20%)"
"market for sawnwood, board, softwood, raw, dried (u=20%)","sawnwood, board, softwood, raw, dried (u=20%)"
"market for sawnwood, board, softwood, dried (u=10%), planed","sawnwood, board, softwood, dried (u=10%), planed"
"market for sawnwood, board, softwood, dried (u=10%), planed","sawnwood, board, softwood, dried (u=10%), planed"
"market for sawnwood, board, softwood, dried (u=10%), planed","sawnwood, board, softwood, dried (u=10%), planed"
"market for sawnwood, board, softwood, dried (u=10%), planed","sawnwood, board, softwood, dried (u=10%), planed"
"market for sawnwood, board, softwood, dried (u=10%), planed","sawnwood, board, softwood, dried (u=10%), planed"
"market for sawnwood, board, softwood, dried (u=10%), planed","sawnwood, board, softwood, dried (u=10%), planed"
"market for sawnwood, board, softwood, dried (u=10%), planed","sawnwood, board, softwood, dried (u=10%), planed"
"market for sawnwood, board, softwood, dried (u=10%), planed","sawnwood, board, softwood, dried (u=10%), planed"
"market for sawnwood, board, softwood, dried (u=10%), planed","sawnwood, board, softwood, dried (u=10%), planed"
"market for sawnwood, board, softwood, dried (u=10%), planed","sawnwood, board, softwood, dried (u=10%), planed"
"market for sawnwood, board, softwood, dried (u=10%), planed","sawnwood, board, softwood, dried (u=10%), planed"
"market for sawnwood, board, softwood, dried (u=10%), planed","sawnwood, board, softwood, dried (u=10%), planed"
"market for sawnwood, hardwood, raw, dried (u=10%)","sawnwood, hardwood, raw, dried (u=10%)"
"market for sawnwood, hardwood, raw, dried (u=10%)","sawnwood, hardwood, raw, dried (u=10%)"
"market for sawnwood, hardwood, raw, dried (u=10%)","sawnwood, hardwood, raw, dried (u=10%)"
"market for sawnwood, hardwood, raw, dried (u=10%)","sawnwood, hardwood, raw, dried (u=10%)"
"market for sawnwood, hardwood, raw, dried (u=10%)","sawnwood, hardwood, raw, dried (u=10%)"
"market for sawnwood, hardwood, raw, dried (u=10%)","sawnwood, hardwood, raw, dried (u=10%)"
"market for sawnwood, hardwood, raw, dried (u=10%)","sawnwood, hardwood, raw, dried (u=10%)"
"market for sawnwood, hardwood, raw, dried (u=10%)","sawnwood, hardwood, raw, dried (u=10%)"
"market for sawnwood, hardwood, raw, dried (u=10%)","sawnwood, hardwood, raw, dried (u=10%)"
"market for sawnwood, hardwood, raw, dried (u=10%)","sawnwood, hardwood, raw, dried (u=10%)"
"market for sawnwood, hardwood, raw, dried (u=10%)","sawnwood, hardwood, raw, dried (u=10%)"
"market for sawnwood, hardwood, raw, dried (u=10%)","sawnwood, hardwood, raw, dried (u=10%)"
"market for sawnwood, lath, hardwood, raw, dried (u=20%)","sawnwood, lath, hardwood, raw, dried (u=20%)"
"market for sawnwood, lath, hardwood, raw, dried (u=20%)","sawnwood, lath, hardwood, raw, dried (u=20%)"
"market for sawnwood, lath, hardwood, raw, dried (u=20%)","sawnwood, lath, hardwood, raw, dried (u=20%)"
"market for sawnwood, lath, hardwood, raw, dried (u=20%)","sawnwood, lath, hardwood, raw, dried (u=20%)"
"market for sawnwood, lath, hardwood, raw, dried (u=20%)","sawnwood, lath, hardwood, raw, dried (u=20%)"
"market for sawnwood, lath, hardwood, raw, dried (u=20%)","sawnwood, lath, hardwood, raw, dried (u=20%)"
"market for sawnwood, lath, hardwood, raw, dried (u=20%)","sawnwood, lath, hardwood, raw, dried (u=20%)"
"market for sawnwood, lath, hardwood, raw, dried (u=20%)","sawnwood, lath, hardwood, raw, dried (u=20%)"
"market for sawnwood, lath, hardwood, raw, dried (u=20%)","sawnwood, lath, hardwood, raw, dried (u=20%)"
"market for sawnwood, lath, hardwood, raw, dried (u=20%)","sawnwood, lath, hardwood, raw, dried (u=20%)"
"market for sawnwood, lath, hardwood, raw, dried (u=20%)","sawnwood, lath, hardwood, raw, dried (u=20%)"
"market for sawnwood, lath, hardwood, raw, dried (u=20%)","sawnwood, lath, hardwood, raw, dried (u=20%)"
"market for sawnwood, lath, hardwood, dried (u=10%), planed","sawnwood, lath, hardwood, dried (u=10%), planed"
"market for sawnwood, lath, hardwood, dried (u=10%), planed","sawnwood, lath, hardwood, dried (u=10%), planed"
"market for sawnwood, lath, hardwood, dried (u=10%), planed","sawnwood, lath, hardwood, dried (u=10%), planed"
"market for sawnwood, lath, hardwood, dried (u=10%), planed","sawnwood, lath, hardwood, dried (u=10%), planed"
"market for sawnwood, lath, hardwood, dried (u=10%), planed","sawnwood, lath, hardwood, dried (u=10%), planed"
"market for sawnwood, lath, hardwood, dried (u=10%), planed","sawnwood, lath, hardwood, dried (u=10%), planed"
"market for sawnwood, lath, hardwood, dried (u=10%), planed","sawnwood, lath, hardwood, dried (u=10%), planed"
"market for sawnwood, lath, hardwood, dried (u=10%), planed","sawnwood, lath, hardwood, dried (u=10%), planed"
"market for sawnwood, lath, hardwood, dried (u=10%), planed","sawnwood, lath, hardwood, dried (u=10%), planed"
"market for sawnwood, lath, hardwood, dried (u=10%), planed","sawnwood, lath, hardwood, dried (u=10%), planed"
"market for sawnwood, lath, hardwood, dried (u=10%), planed","sawnwood, lath, hardwood, dried (u=10%), planed"
"market for sawnwood, lath, hardwood, dried (u=10%), planed","sawnwood, lath, hardwood, dried (u=10%), planed"
"market for sawnwood, beam, hardwood, raw, dried (u=10%)","sawnwood, beam, hardwood, raw, dried (u=10%)"
"market for sawnwood, beam, hardwood, raw, dried (u=10%)","sawnwood, beam, hardwood, raw, dried (u=10%)"
"market for sawnwood, beam, hardwood, raw, dried (u=10%)","sawnwood, beam, hardwood, raw, dried (u=10%)"
"market for sawnwood, beam, hardwood, raw, dried (u=10%)","sawnwood, beam, hardwood, raw, dried (u=10%)"
"market for sawnwood, beam, hardwood, raw, dried (u=10%)","sawnwood, beam, hardwood, raw, dried (u=10%)"
"market for sawnwood, beam, hardwood, raw, dried (u=10%)","sawnwood, beam, hardwood, raw, dried (u=10%)"
"market for sawnwood, beam, hardwood, raw, dried (u=10%)","sawnwood, beam, hardwood, raw, dried (u=10%)"
"market for sawnwood, beam, hardwood, raw, dried (u=10%)","sawnwood, beam, hardwood, raw, dried (u=10%)"
"market for sawnwood, beam, hardwood, raw, dried (u=10%)","sawnwood, beam, hardwood, raw, dried (u=10%)"
"market for sawnwood, beam, hardwood, raw, dried (u=10%)","sawnwood, beam, hardwood, raw, dried (u=10%)"
"market for sawnwood, beam, hardwood, raw, dried (u=10%)","sawnwood, beam, hardwood, raw, dried (u=10%)"
"market for sawnwood, beam, hardwood, raw, dried (u=10%)","sawnwood, beam, hardwood, raw, dried (u=10%)"
"market for sawnwood, hardwood, raw","sawnwood, hardwood, raw"
"market for sawnwood, hardwood, raw","sawnwood, hardwood, raw"
"market for sawnwood, hardwood, raw","sawnwood, hardwood, raw"
"market for sawnwood, hardwood, raw","sawnwood, hardwood, raw"
"market for sawnwood, hardwood, raw","sawnwood, hardwood, raw"
"market for sawnwood, hardwood, raw","sawnwood, hardwood, raw"
"market for sawnwood, hardwood, raw","sawnwood, hardwood, raw"
"market for sawnwood, hardwood, raw","sawnwood, hardwood, raw"
"market for sawnwood, hardwood, raw","sawnwood, hardwood, raw"
"market for sawnwood, hardwood, raw","sawnwood, hardwood, raw"
"market for sawnwood, hardwood, raw","sawnwood, hardwood, raw"
"market for sawnwood, hardwood, raw","sawnwood, hardwood, raw"
"steel production, electric arc furnace, case hardening","steel, case hardening, 100% scrap"
"steel production, electric arc furnace, case hardening","steel, case hardening, 100% scrap"
"steel production, electric arc furnace, case hardening","steel, case hardening, 100% scrap"
"steel production, electric arc furnace, case hardening","steel, case hardening, 100% scrap"
"steel production, electric arc furnace, case hardening","steel, case hardening, 100% scrap"
"steel production, electric arc furnace, case hardening","steel, case hardening, 100% scrap"
"steel production, electric arc furnace, case hardening","steel, case hardening, 100% scrap"
"steel production, electric arc furnace, case hardening","steel, case hardening, 100% scrap"
"steel production, electric arc furnace, case hardening","steel, case hardening, 100% scrap"
"steel production, electric arc furnace, case hardening","steel, case hardening, 100% scrap"
"steel production, electric arc furnace, case hardening","steel, case hardening, 100% scrap"
"steel production, electric arc furnace, case hardening","steel, case hardening, 100% scrap"
"steel production, electric arc furnace, carbon","steel, carbon, 100% scrap"
"steel production, electric arc furnace, carbon","steel, carbon, 100% scrap"
"steel production, electric arc furnace, carbon","steel, carbon, 100% scrap"
"steel production, electric arc furnace, carbon","steel, carbon, 100% scrap"
"steel production, electric arc furnace, carbon","steel, carbon, 100% scrap"
"steel production, electric arc furnace, carbon","steel, carbon, 100% scrap"
"steel production, electric arc furnace, carbon","steel, carbon, 100% scrap"
"steel production, electric arc furnace, carbon","steel, carbon, 100% scrap"
"steel production, electric arc furnace, carbon","steel, carbon, 100% scrap"
"steel production, electric arc furnace, carbon","steel, carbon, 100% scrap"
"steel production, electric arc furnace, carbon","steel, carbon, 100% scrap"
"steel production, electric arc furnace, carbon","steel, carbon, 100% scrap"
"steel production, electric arc furnace, structural","steel, structural, 100% scrap"
"steel production, electric arc furnace, structural","steel, structural, 100% scrap"
"steel production, electric arc furnace, structural","steel, structural, 100% scrap"
"steel production, electric arc furnace, structural","steel, structural, 100% scrap"
"steel production, electric arc furnace, structural","steel, structural, 100% scrap"
"steel production, electric arc furnace, structural","steel, structural, 100% scrap"
"steel production, electric arc furnace, structural","steel, structural, 100% scrap"
"steel production, electric arc furnace, structural","steel, structural, 100% scrap"
"steel production, electric arc furnace, structural","steel, structural, 100% scrap"
"steel production, electric arc furnace, structural","steel, structural, 100% scrap"
"steel production, electric arc furnace, structural","steel, structural, 100% scrap"
"steel production, electric arc furnace, structural","steel, structural, 100% scrap"
"steel production, electric arc furnace, weathering B","steel, weathering B, 100% scrap"
"steel production, electric arc furnace, weathering B","steel, weathering B, 100% scrap"
"steel production, electric arc furnace, weathering B","steel, weathering B, 100% scrap"
"steel production, electric arc furnace, weathering B","steel, weathering B, 100% scrap"
"steel production, electric arc furnace, weathering B","steel, weathering B, 100% scrap"
"steel production, electric arc furnace, weathering B","steel, weathering B, 100% scrap"
"steel production, electric arc furnace, weathering B","steel, weathering B, 100% scrap"
"steel production, electric arc furnace, weathering B","steel, weathering B, 100% scrap"
"steel production, electric arc furnace, weathering B","steel, weathering B, 100% scrap"
"steel production, electric arc furnace, weathering B","steel, weathering B, 100% scrap"
"steel production, electric arc furnace, weathering B","steel, weathering B, 100% scrap"
"steel production, electric arc furnace, weathering B","steel, weathering B, 100% scrap"
"steel production, electric arc furnace, weathering A","steel, weathering A, 100% scrap"
"steel production, electric arc furnace, weathering A","steel, weathering A, 100% scrap"
"steel production, electric arc furnace, weathering A","steel, weathering A, 100% scrap"
"steel production, electric arc furnace, weathering A","steel, weathering A, 100% scrap"
"steel production, electric arc furnace, weathering A","steel, weathering A, 100% scrap"
"steel production, electric arc furnace, weathering A","steel, weathering A, 100% scrap"
"steel production, electric arc furnace, weathering A","steel, weathering A, 100% scrap"
"steel production, electric arc furnace, weathering A","steel, weathering A, 100% scrap"
"steel production, electric arc furnace, weathering A","steel, weathering A, 100% scrap"
"steel production, electric arc furnace, weathering A","steel, weathering A, 100% scrap"
"steel production, electric arc furnace, weathering A","steel, weathering A, 100% scrap"
"steel production, electric arc furnace, weathering A","steel, weathering A, 100% scrap"
"steel production, electric arc furnace, bearing","steel, bearing, 100% scrap"
"steel production, electric arc furnace, bearing","steel, bearing, 100% scrap"
"steel production, electric arc furnace, bearing","steel, bearing, 100% scrap"
"steel production, electric arc furnace, bearing","steel, bearing, 100% scrap"
"steel production, electric arc furnace, bearing","steel, bearing, 100% scrap"
"steel production, electric arc furnace, bearing","steel, bearing, 100% scrap"
"steel production, electric arc furnace, bearing","steel, bearing, 100% scrap"
"steel production, electric arc furnace, bearing","steel, bearing, 100% scrap"
"steel production, electric arc furnace, bearing","steel, bearing, 100% scrap"
"steel production, electric arc furnace, bearing","steel, bearing, 100% scrap"
"steel production, electric arc furnace, bearing","steel, bearing, 100% scrap"
"steel production, electric arc furnace, bearing","steel, bearing, 100% scrap"
"steel production, electric arc furnace, high strength low alloy","steel, high strength low alloy, 100% scrap"
"steel production, electric arc furnace, high strength low alloy","steel, high strength low alloy, 100% scrap"
"steel production, electric arc furnace, high strength low alloy","steel, high strength low alloy, 100% scrap"
"steel production, electric arc furnace, high strength low alloy","steel, high strength low alloy, 100% scrap"
"steel production, electric arc furnace, high strength low alloy","steel, high strength low alloy, 100% scrap"
"steel production, electric arc furnace, high strength low alloy","steel, high strength low alloy, 100% scrap"
"steel production, electric arc furnace, high strength low alloy","steel, high strength low alloy, 100% scrap"
"steel production, electric arc furnace, high strength low alloy","steel, high strength low alloy, 100% scrap"
"steel production, electric arc furnace, high strength low alloy","steel, high strength low alloy, 100% scrap"
"steel production, electric arc furnace, high strength low alloy","steel, high strength low alloy, 100% scrap"
"steel production, electric arc furnace, high strength low alloy","steel, high strength low alloy, 100% scrap"
"steel production, electric arc furnace, high strength low alloy","steel, high strength low alloy, 100% scrap"
ethanol production from wood,"ethanol, without water, in 95% solution state, from fermentation"
ethanol production from wood,"ethanol, without water, in 95% solution state, from fermentation"
ethanol production from wood,"ethanol, without water, in 95% solution state, from fermentation"
ethanol production from wood,"ethanol, without water, in 95% solution state, from fermentation"
ethanol production from wood,"ethanol, without water, in 95% solution state, from fermentation"
ethanol production from wood,"electricity, high voltage"
ethanol production from wood,"electricity, high voltage"
ethanol production from wood,"electricity, high voltage"
ethanol production from wood,"electricity, high voltage"
ethanol production from wood,"electricity, high voltage"
"ethanol production, via fermentation, from wheat, with carbon capture and storage","ethanol, from wheat grains"
"ethanol production, via fermentation, from wheat, with carbon capture and storage","ethanol, from wheat grains"
"ethanol production, via fermentation, from wheat, with carbon capture and storage","ethanol, from wheat grains"
"ethanol production, via fermentation, from wheat, with carbon capture and storage","ethanol, from wheat grains"
"ethanol production, via fermentation, from wheat, with carbon capture and storage","ethanol, from wheat grains"
esterification of soybean oil,fatty acid methyl ester
esterification of soybean oil,fatty acid methyl ester
esterification of soybean oil,fatty acid methyl ester
esterification of soybean oil,fatty acid methyl ester
esterification of soybean oil,glycerine
esterification of soybean oil,glycerine
esterification of soybean oil,glycerine
esterification of soybean oil,glycerine
"market for petrol, unleaded","petrol, unleaded"
"market for petrol, unleaded","petrol, unleaded"
"market for petrol, unleaded","petrol, unleaded"
"market for petrol, unleaded","petrol, unleaded"
"market for petrol, unleaded","petrol, unleaded"
"market for petrol, unleaded","petrol, unleaded"
"market for petrol, unleaded","petrol, unleaded"
"market for petrol, unleaded","petrol, unleaded"
"market for petrol, unleaded","petrol, unleaded"
"market for petrol, unleaded","petrol, unleaded"
"market for petrol, unleaded","petrol, unleaded"
"market for petrol, unleaded","petrol, unleaded"
"market for petrol, unleaded","petrol, unleaded"
"methanol synthesis, hydrogen from electrolysis, CO2 from DAC (por)","methanol, unpurified"
"carbon dioxide, captured, with a sorbent-based direct air capture system, 100ktCO2, with heat pump heat, and grid electricity (por)","carbon dioxide, captured"
"steam production, as energy carrier, in chemical industry (por)","heat, from steam, in chemical industry"
"ethylene, via methanol-to-olefins, mass allocation",ethylene
"p-xylene, via methanol-to-aromatics, mass allocation",p-xylene
"toluene, via methanol-to-aromatics, mass allocation",toluene
"benzene, via methanol-to-aromatics, mass allocation",benzene
MDI production,methylene diphenyl diisocyanate
"MDI production, exported",methylene diphenyl diisocyanate
PBR production,polybutadiene
PET production,"polyethylene terephthalate, granulate, amorphous"
PMMA production,polymethyl methacrylate
nylon 6-6 production,nylon 6-6
"PEP production, from lignin",polyol
PEP production,"polyether polyols, long chain"
"PEP production, retrofit","polyether polyols, long chain"
PPP production,"polypropylene, granulate"
PLA production,polylactic acid
PBS production,polybutylene succinate
"BTX production, from pyrolysis gas, average, retrofit",benzene
"BTX production, from pyrolysis gas, average, retrofit","toluene, liquid"
"BTX production, from pyrolysis gas, average, retrofit",p-xylene
"light olefins production, from methanol-to-olefins conversion, ethylene-to-propylene ratio of 1.51, retrofit",ethylene
"unsaturated hydrocarbons production, steam cracking operation, average, retrofit",ethylene
"unsaturated hydrocarbons production, steam cracking operation, average, retrofit 2",ethylene
"methanol, imported from EU (por)",methanol
"methanol, DAC-based, imported outside EU (por)",methanol
"methanol synthesis, hydrogen from electrolysis, CO2 from DAC, for por","methanol, unpurified"
"carbon dioxide, captured, with a sorbent-based direct air capture system, 100ktCO2, with heat pump heat, and grid electricity, for por","carbon dioxide, captured"
"steam production, as energy carrier, in chemical industry, for por","heat, from steam, in chemical industry"
"propylene, imported",propylene
"benzene, imported from EU (por)",benzene
"raw benzene, imported from EU (por)",raw benzene
"benzene, imported from outside EU (por)",benzene
"raw toluene, imported from EU (por)",raw toluene
"raw p-xylene, imported from EU (por)",raw p-xylene
"p-xylene, imported from EU (por)",p-xylene
"raw p-xylene, imported from outside EU (por)",raw p-xylene
PVC production,"polyvinyl chloride, suspension polymerised"
"carbon dioxide compression, transport and storage, with credit, MTO with loop","carbon dioxide, stored"
"PBS production, 100% bio-based carbon",polybutylene succinate
"1,4-butanediol production, fermentation, wheat straw, bio-based","1,4-butanediol, bio-based"
"succinic acid production, fermentation, glucose, low-pH","succinic acid, bio-based"
"carbon dioxide compression, transport and storage, with credit, gasification with plastic waste","carbon dioxide, stored"
"carbon dioxide compression, transport and storage, with credit, plastic waste pyrolysis","carbon dioxide, stored"
"methanol production, from methane GSR (por)",methanol
"methanol production, from syngas (por)",methanol
"benzene production, via toluene hydrodealkylation (por)",benzene
"methanol production, from natural gas reforming",methanol
"methanol production, from natural gas reforming",methanol
"methanol production, from natural gas reforming",methanol
"methanol production, from natural gas reforming",methanol
"methanol production, from natural gas reforming",methanol
"methanol production, from natural gas reforming",methanol
"methanol production, from natural gas reforming",methanol
"methanol production, from natural gas reforming",methanol
"methanol production, from natural gas reforming",methanol
"methanol production, from natural gas reforming",methanol
"methanol production, from natural gas reforming",methanol
"methanol production, from natural gas reforming",methanol
"methanol production, from natural gas reforming",methanol
"methanol production, from natural gas reforming",methanol
"BTX production, from pyrolysis gas, average","toluene, liquid"
"polyether polyols production, long chain","polyether polyols, long chain"
market for propane,propane
dimethyl carbonate production,formaldehyde
"styrene production, from ethyl benzene dehydrogenation",styrene
market for styrene,styrene
"polyvinyl chloride production, suspension polymerisation","polyvinyl chloride, suspension polymerised"
natural gas liquids fractionation,butane
"light olefins production, from methanol-to-olefins conversion, ethylene-to-propylene ratio of 1.51",ethylene
market for ethylene glycol,ethylene glycol
"ethylene glycols production, thermal hydrolysis of ethylene oxide",ethylene glycol
"BTX production, from pyrolysis gas, average",benzene
"unsaturated hydrocarbons production, steam cracking operation, average",propylene
market for C4 hydrocarbon mixture,C4 hydrocarbon mixture
"market for propylene glycol, liquid","propylene glycol, liquid"
"1,4-butanediol production","1,4-butanediol"
purified terephthalic acid production,purified terephthalic acid
"market for chlorine, gaseous","chlorine, gaseous"
"market for sodium hydroxide, without water, in 50% solution state","sodium hydroxide, without water, in 50% solution state"
aniline production,aniline
market for maleic anhydride,maleic anhydride
"methyl methacrylate production, acetone cyanohydrin process, with ammonium sulfate recovery",methyl methacrylate
market for naphtha,naphtha
market for butadiene,butadiene
"market for propylene oxide, liquid","propylene oxide, liquid"
"light olefins production, from methanol-to-olefins conversion, ethylene-to-propylene ratio of 0.67",propylene
"acetic acid production, from n-butane oxidation",acetic acid
market for acetic acid,acetic acid
market for butane,butane
maleic anhydride production by catalytic oxidation of benzene,maleic anhydride
"unsaturated hydrocarbons production, steam cracking operation, average",C4 hydrocarbon mixture
market for nitrobenzene,nitrobenzene
"acetic acid production, from low-pressure methanol carbonylation",acetic acid
"propylene oxide production, liquid","propylene oxide, liquid"
"acetic acid production, from naphtha oxidation",acetic acid
market for formaldehyde,formaldehyde
maleic anhydride production by direct oxidation of n-butane,maleic anhydride
market for vinyl chloride,vinyl chloride
market for aniline,aniline
"unsaturated hydrocarbons production, steam cracking operation, average",ethylene
market for ethylene oxide,ethylene oxide
"synthetic fuel production, from coal, high temperature Fischer-Tropsch operations",ethylene
"synthetic fuel production, from coal, high temperature Fischer-Tropsch operations",propylene
market for purified terephthalic acid,purified terephthalic acid
nitrobenzene production,nitrobenzene
"acetic anhydride production, acetaldehyde oxidation",acetic acid
succinic acid production,succinic acid
market for methyl methacrylate,methyl methacrylate
market for succinic acid,succinic acid
"butadiene purification, extractive distillation of C4 hydrocarbon mixture",butadiene
"acetic acid production, from high-pressure methanol carbonylation",acetic acid
market for ethyl benzene,ethyl benzene
"styrene production, from ethyl benzene, PO/SM process",styrene
market for ethane,ethane
"BTX production, from pyrolysis gas, average",p-xylene
"propylene oxide production, from isobutene, PO/TBA process","propylene oxide, liquid"
"acetic acid production, from acetaldehyde oxidation",acetic acid
"chlor-alkali electrolysis, average production","sodium hydroxide, without water, in 50% solution state"
vinyl chloride production,vinyl chloride
"methyl methacrylate production, acetone cyanohydrin process, with sulfuric acid recovery",methyl methacrylate
"styrene production, from ethyl benzene, PO/SM process","propylene oxide, liquid"
"acrylic acid production, propylene oxidation",acetic acid
market for ammonia (SPS),"ammonia, anhydrous, liquid"
market for ammonia (SPS),"ammonia, anhydrous, liquid"
market for ammonia (SPS),"ammonia, anhydrous, liquid"
market for ammonia (SPS),"ammonia, anhydrous, liquid"
market for ammonia (SPS),"ammonia, anhydrous, liquid"
market for ammonia (SPS),"ammonia, anhydrous, liquid"
market for ammonia (SPS),"ammonia, anhydrous, liquid"
market for ammonia (SPS),"ammonia, anhydrous, liquid"
market for ammonia (SPS),"ammonia, anhydrous, liquid"
market for ammonia (SPS),"ammonia, anhydrous, liquid"
market for ammonia (SPS),"ammonia, anhydrous, liquid"
market for ammonia (SPS),"ammonia, anhydrous, liquid"
market for ammonia (SPS),"ammonia, anhydrous, liquid"
market for ammonia (SPS),"ammonia, anhydrous, liquid"
market for ammonia (SPS),"ammonia, anhydrous, liquid"
market for ammonia (SPS),"ammonia, anhydrous, liquid"
market for ammonia (SPS),"ammonia, anhydrous, liquid"
market for ammonia (SPS),"ammonia, anhydrous, liquid"
market for ammonia (SPS),"ammonia, anhydrous, liquid"
market for methanol (SPS),methanol
market for methanol (SPS),methanol
market for methanol (SPS),methanol
market for methanol (SPS),methanol
market for methanol (SPS),methanol
market for ethylene (por),ethylene
market for propylene (por),propylene
"benzene production, from raw benzene upgrading (por)",benzene
market for benzene (por),benzene
"toluene production, from raw toluene upgrading (por)","toluene, liquid"
market for toluene (por),"toluene, liquid"
"p-xylene production, from raw p-xylene upgrading (por)",p-xylene
market for p-xylene (por),p-xylene
market for methanol (por),methanol
"methanol synthesis, hydrogen from electrolysis, CO2 from DAC (por)","methanol, unpurified"
"carbon dioxide, captured, with a sorbent-based direct air capture system, 100ktCO2, with heat pump heat, and grid electricity (por)","carbon dioxide, captured"
"steam production, as energy carrier, in chemical industry (por)","heat, from steam, in chemical industry"
"ethylene, via methanol-to-olefins, mass allocation",ethylene
"p-xylene, via methanol-to-aromatics, mass allocation",p-xylene
"toluene, via methanol-to-aromatics, mass allocation",toluene
"benzene, via methanol-to-aromatics, mass allocation",benzene
MDI production,methylene diphenyl diisocyanate
"MDI production, exported",methylene diphenyl diisocyanate
PBR production,polybutadiene
PET production,"polyethylene terephthalate, granulate, amorphous"
PMMA production,polymethyl methacrylate
"PEP production, from lignin",polyol
PEP production,"polyether polyols, long chain"
"PEP production, retrofit","polyether polyols, long chain"
PPP production,"polypropylene, granulate"
PLA production,polylactic acid
PBS production,polybutylene succinate
"BTX production, from pyrolysis gas, average, retrofit",benzene
"BTX production, from pyrolysis gas, average, retrofit","toluene, liquid"
"BTX production, from pyrolysis gas, average, retrofit",p-xylene
"light olefins production, from methanol-to-olefins conversion, ethylene-to-propylene ratio of 1.51, retrofit",ethylene
"unsaturated hydrocarbons production, steam cracking operation, average, retrofit",ethylene
"unsaturated hydrocarbons production, steam cracking operation, average, retrofit 2",ethylene
"methanol, imported from EU (por)",methanol
"methanol, DAC-based, imported outside EU (por)",methanol
"methanol synthesis, hydrogen from electrolysis, CO2 from DAC, for por","methanol, unpurified"
"carbon dioxide, captured, with a sorbent-based direct air capture system, 100ktCO2, with heat pump heat, and grid electricity, for por","carbon dioxide, captured"
"steam production, as energy carrier, in chemical industry, for por","heat, from steam, in chemical industry"
"propylene, imported",propylene
"benzene, imported from EU (por)",benzene
"raw benzene, imported from EU (por)",raw benzene
"benzene, imported from outside EU (por)",benzene
"raw toluene, imported from EU (por)",raw toluene
"raw p-xylene, imported from EU (por)",raw p-xylene
"p-xylene, imported from EU (por)",p-xylene
"raw p-xylene, imported from outside EU (por)",raw p-xylene
PVC production,"polyvinyl chloride, suspension polymerised"
"carbon dioxide compression, transport and storage, with credit, MTO with loop","carbon dioxide, stored"
"PBS production, 100% bio-based carbon",polybutylene succinate
"1,4-butanediol production, fermentation, wheat straw, bio-based","1,4-butanediol, bio-based"
"succinic acid production, fermentation, glucose, low-pH","succinic acid, bio-based"
"carbon dioxide compression, transport and storage, with credit, gasification with plastic waste","carbon dioxide, stored"
"carbon dioxide compression, transport and storage, with credit, plastic waste pyrolysis","carbon dioxide, stored"
"methanol production, from methane GSR (por)",methanol
"methanol production, from syngas (por)",methanol
"benzene production, via toluene hydrodealkylation (por)",benzene
market for ammonia (SPS),"ammonia, anhydrous, liquid"
market for methanol (SPS),methanol
market for ethylene (por),ethylene
market for propylene (por),propylene
"benzene production, from raw benzene upgrading (por)",benzene
market for benzene (por),benzene
"toluene production, from raw toluene upgrading (por)","toluene, liquid"
"p-xylene production, from raw p-xylene upgrading (por)",p-xylene
market for p-xylene (por),p-xylene
market for methanol (por),methanol
market for toluene (por),"toluene, liquid"
