impact_category,unit,scenario,year,contributor,value,total
EF v3.1 - acidification - accumulated exceedance (AE),mol H+ -eq.,CL,2025,FE_CC_MTO_with_loop,0.0,18381178.744859748
EF v3.1 - acidification - accumulated exceedance (AE),mol H+ -eq.,CL,2025,FE_CC_gasification,192.7386631638473,18381178.744859748
EF v3.1 - acidification - accumulated exceedance (AE),mol H+ -eq.,CL,2025,FE_CC_waste_pyrolysis,911.4186319710514,18381178.744859748
EF v3.1 - acidification - accumulated exceedance (AE),mol H+ -eq.,CL,2025,FE_MDI,3942198.5534088006,18381178.744859748
EF v3.1 - acidification - accumulated exceedance (AE),mol H+ -eq.,CL,2025,FE_PBS,0.0,18381178.744859748
EF v3.1 - acidification - accumulated exceedance (AE),mol H+ -eq.,CL,2025,FE_PET,3361162.7794160275,18381178.744859748
EF v3.1 - acidification - accumulated exceedance (AE),mol H+ -eq.,CL,2025,FE_PLA,0.0,18381178.744859748
EF v3.1 - acidification - accumulated exceedance (AE),mol H+ -eq.,CL,2025,FE_PMMA,483359.6498212234,18381178.744859748
EF v3.1 - acidification - accumulated exceedance (AE),mol H+ -eq.,CL,2025,FE_PPP,906995.308981146,18381178.744859748
EF v3.1 - acidification - accumulated exceedance (AE),mol H+ -eq.,CL,2025,FE_PVC,2267411.912843189,18381178.744859748
EF v3.1 - acidification - accumulated exceedance (AE),mol H+ -eq.,CL,2025,FE_nylon,2300710.7559079113,18381178.744859748
EF v3.1 - acidification - accumulated exceedance (AE),mol H+ -eq.,CL,2025,FE_polyols,3745050.4589103935,18381178.744859748
EF v3.1 - acidification - accumulated exceedance (AE),mol H+ -eq.,CL,2025,FE_polyols_lignin,0.0,18381178.744859748
EF v3.1 - acidification - accumulated exceedance (AE),mol H+ -eq.,CL,2025,FE_polyols_retrofit,1373185.1682759202,18381178.744859748
EF v3.1 - acidification - accumulated exceedance (AE),mol H+ -eq.,CL,2030,FE_CC_MTO_with_loop,1368.1005361229204,15190628.897929994
EF v3.1 - acidification - accumulated exceedance (AE),mol H+ -eq.,CL,2030,FE_CC_gasification,16769.213172060237,15190628.897929994
EF v3.1 - acidification - accumulated exceedance (AE),mol H+ -eq.,CL,2030,FE_CC_waste_pyrolysis,646.5482880986351,15190628.897929994
EF v3.1 - acidification - accumulated exceedance (AE),mol H+ -eq.,CL,2030,FE_MDI,1871621.7965672188,15190628.897929994
EF v3.1 - acidification - accumulated exceedance (AE),mol H+ -eq.,CL,2030,FE_PBS,0.0,15190628.897929994
EF v3.1 - acidification - accumulated exceedance (AE),mol H+ -eq.,CL,2030,FE_PET,2912453.035599603,15190628.897929994
EF v3.1 - acidification - accumulated exceedance (AE),mol H+ -eq.,CL,2030,FE_PLA,2086420.261702515,15190628.897929994
EF v3.1 - acidification - accumulated exceedance (AE),mol H+ -eq.,CL,2030,FE_PMMA,440426.44271408266,15190628.897929994
EF v3.1 - acidification - accumulated exceedance (AE),mol H+ -eq.,CL,2030,FE_PPP,800790.3175018152,15190628.897929994
EF v3.1 - acidification - accumulated exceedance (AE),mol H+ -eq.,CL,2030,FE_PVC,562189.628173389,15190628.897929994
EF v3.1 - acidification - accumulated exceedance (AE),mol H+ -eq.,CL,2030,FE_nylon,2114752.522742866,15190628.897929994
EF v3.1 - acidification - accumulated exceedance (AE),mol H+ -eq.,CL,2030,FE_polyols,2087233.8244160586,15190628.897929994
EF v3.1 - acidification - accumulated exceedance (AE),mol H+ -eq.,CL,2030,FE_polyols_lignin,0.0,15190628.897929994
EF v3.1 - acidification - accumulated exceedance (AE),mol H+ -eq.,CL,2030,FE_polyols_retrofit,2295957.2065161653,15190628.897929994
EF v3.1 - acidification - accumulated exceedance (AE),mol H+ -eq.,CL,2035,FE_CC_MTO_with_loop,1359.2642513383453,14290920.050498158
EF v3.1 - acidification - accumulated exceedance (AE),mol H+ -eq.,CL,2035,FE_CC_gasification,11276.562380062876,14290920.050498158
EF v3.1 - acidification - accumulated exceedance (AE),mol H+ -eq.,CL,2035,FE_CC_waste_pyrolysis,3919.708771764164,14290920.050498158
EF v3.1 - acidification - accumulated exceedance (AE),mol H+ -eq.,CL,2035,FE_MDI,1889018.0212589903,14290920.050498158
EF v3.1 - acidification - accumulated exceedance (AE),mol H+ -eq.,CL,2035,FE_PBS,0.0,14290920.050498158
EF v3.1 - acidification - accumulated exceedance (AE),mol H+ -eq.,CL,2035,FE_PET,2866479.175469706,14290920.050498158
EF v3.1 - acidification - accumulated exceedance (AE),mol H+ -eq.,CL,2035,FE_PLA,1983848.0021117355,14290920.050498158
EF v3.1 - acidification - accumulated exceedance (AE),mol H+ -eq.,CL,2035,FE_PMMA,445496.59538471315,14290920.050498158
EF v3.1 - acidification - accumulated exceedance (AE),mol H+ -eq.,CL,2035,FE_PPP,351602.931427137,14290920.050498158
EF v3.1 - acidification - accumulated exceedance (AE),mol H+ -eq.,CL,2035,FE_PVC,1250701.273990565,14290920.050498158
EF v3.1 - acidification - accumulated exceedance (AE),mol H+ -eq.,CL,2035,FE_nylon,746046.1524380145,14290920.050498158
EF v3.1 - acidification - accumulated exceedance (AE),mol H+ -eq.,CL,2035,FE_polyols,1102598.2237936188,14290920.050498158
EF v3.1 - acidification - accumulated exceedance (AE),mol H+ -eq.,CL,2035,FE_polyols_lignin,0.0,14290920.050498158
EF v3.1 - acidification - accumulated exceedance (AE),mol H+ -eq.,CL,2035,FE_polyols_retrofit,3638574.1392205143,14290920.050498158
EF v3.1 - acidification - accumulated exceedance (AE),mol H+ -eq.,CL,2040,FE_CC_MTO_with_loop,1864.3402723915324,17149058.202899896
EF v3.1 - acidification - accumulated exceedance (AE),mol H+ -eq.,CL,2040,FE_CC_gasification,4391.598339229028,17149058.202899896
EF v3.1 - acidification - accumulated exceedance (AE),mol H+ -eq.,CL,2040,FE_CC_waste_pyrolysis,4513.758903071183,17149058.202899896
EF v3.1 - acidification - accumulated exceedance (AE),mol H+ -eq.,CL,2040,FE_MDI,0.0,17149058.202899896
EF v3.1 - acidification - accumulated exceedance (AE),mol H+ -eq.,CL,2040,FE_PBS,0.0,17149058.202899896
EF v3.1 - acidification - accumulated exceedance (AE),mol H+ -eq.,CL,2040,FE_PET,3469495.1829894218,17149058.202899896
EF v3.1 - acidification - accumulated exceedance (AE),mol H+ -eq.,CL,2040,FE_PLA,1520809.8344915924,17149058.202899896
EF v3.1 - acidification - accumulated exceedance (AE),mol H+ -eq.,CL,2040,FE_PMMA,438466.95111402054,17149058.202899896
EF v3.1 - acidification - accumulated exceedance (AE),mol H+ -eq.,CL,2040,FE_PPP,1097636.2701898678,17149058.202899896
EF v3.1 - acidification - accumulated exceedance (AE),mol H+ -eq.,CL,2040,FE_PVC,2753779.097327889,17149058.202899896
EF v3.1 - acidification - accumulated exceedance (AE),mol H+ -eq.,CL,2040,FE_nylon,786340.7437540652,17149058.202899896
EF v3.1 - acidification - accumulated exceedance (AE),mol H+ -eq.,CL,2040,FE_polyols,0.0,17149058.202899896
EF v3.1 - acidification - accumulated exceedance (AE),mol H+ -eq.,CL,2040,FE_polyols_lignin,0.0,17149058.202899896
EF v3.1 - acidification - accumulated exceedance (AE),mol H+ -eq.,CL,2040,FE_polyols_retrofit,7071760.425518346,17149058.202899896
EF v3.1 - acidification - accumulated exceedance (AE),mol H+ -eq.,CL,2045,FE_CC_MTO_with_loop,2182.2546098068133,20294902.980341394
EF v3.1 - acidification - accumulated exceedance (AE),mol H+ -eq.,CL,2045,FE_CC_gasification,4519.852143511677,20294902.980341394
EF v3.1 - acidification - accumulated exceedance (AE),mol H+ -eq.,CL,2045,FE_CC_waste_pyrolysis,4011.0095825219787,20294902.980341394
EF v3.1 - acidification - accumulated exceedance (AE),mol H+ -eq.,CL,2045,FE_MDI,1372754.6201965462,20294902.980341394
EF v3.1 - acidification - accumulated exceedance (AE),mol H+ -eq.,CL,2045,FE_PBS,251413.15217168562,20294902.980341394
EF v3.1 - acidification - accumulated exceedance (AE),mol H+ -eq.,CL,2045,FE_PET,3652826.8106009034,20294902.980341394
EF v3.1 - acidification - accumulated exceedance (AE),mol H+ -eq.,CL,2045,FE_PLA,1849760.2290277178,20294902.980341394
EF v3.1 - acidification - accumulated exceedance (AE),mol H+ -eq.,CL,2045,FE_PMMA,439368.05911463965,20294902.980341394
EF v3.1 - acidification - accumulated exceedance (AE),mol H+ -eq.,CL,2045,FE_PPP,0.0,20294902.980341394
EF v3.1 - acidification - accumulated exceedance (AE),mol H+ -eq.,CL,2045,FE_PVC,3490451.194975002,20294902.980341394
EF v3.1 - acidification - accumulated exceedance (AE),mol H+ -eq.,CL,2045,FE_nylon,825884.2696830223,20294902.980341394
EF v3.1 - acidification - accumulated exceedance (AE),mol H+ -eq.,CL,2045,FE_polyols,0.0,20294902.980341394
EF v3.1 - acidification - accumulated exceedance (AE),mol H+ -eq.,CL,2045,FE_polyols_lignin,0.0,20294902.980341394
EF v3.1 - acidification - accumulated exceedance (AE),mol H+ -eq.,CL,2045,FE_polyols_retrofit,8401731.528236035,20294902.980341394
EF v3.1 - acidification - accumulated exceedance (AE),mol H+ -eq.,CL,2050,FE_CC_MTO_with_loop,2043.76160120258,14543988.218058094
EF v3.1 - acidification - accumulated exceedance (AE),mol H+ -eq.,CL,2050,FE_CC_gasification,6321.432540281102,14543988.218058094
EF v3.1 - acidification - accumulated exceedance (AE),mol H+ -eq.,CL,2050,FE_CC_waste_pyrolysis,3959.1241747114786,14543988.218058094
EF v3.1 - acidification - accumulated exceedance (AE),mol H+ -eq.,CL,2050,FE_MDI,309925.7145039268,14543988.218058094
EF v3.1 - acidification - accumulated exceedance (AE),mol H+ -eq.,CL,2050,FE_PBS,243047.7316355859,14543988.218058094
EF v3.1 - acidification - accumulated exceedance (AE),mol H+ -eq.,CL,2050,FE_PET,3128600.5529148066,14543988.218058094
EF v3.1 - acidification - accumulated exceedance (AE),mol H+ -eq.,CL,2050,FE_PLA,0.0,14543988.218058094
EF v3.1 - acidification - accumulated exceedance (AE),mol H+ -eq.,CL,2050,FE_PMMA,418027.6295623606,14543988.218058094
EF v3.1 - acidification - accumulated exceedance (AE),mol H+ -eq.,CL,2050,FE_PPP,3839439.04026898,14543988.218058094
EF v3.1 - acidification - accumulated exceedance (AE),mol H+ -eq.,CL,2050,FE_PVC,3171816.488027729,14543988.218058094
EF v3.1 - acidification - accumulated exceedance (AE),mol H+ -eq.,CL,2050,FE_nylon,3070368.1912731,14543988.218058094
EF v3.1 - acidification - accumulated exceedance (AE),mol H+ -eq.,CL,2050,FE_polyols,0.0,14543988.218058094
EF v3.1 - acidification - accumulated exceedance (AE),mol H+ -eq.,CL,2050,FE_polyols_lignin,350438.5515554093,14543988.218058094
EF v3.1 - acidification - accumulated exceedance (AE),mol H+ -eq.,CL,2050,FE_polyols_retrofit,0.0,14543988.218058094
EF v3.1 - acidification - accumulated exceedance (AE),mol H+ -eq.,OCE,2025,FE_CC_MTO_with_loop,0.0,18382448.833138812
EF v3.1 - acidification - accumulated exceedance (AE),mol H+ -eq.,OCE,2025,FE_CC_gasification,0.0,18382448.833138812
EF v3.1 - acidification - accumulated exceedance (AE),mol H+ -eq.,OCE,2025,FE_CC_waste_pyrolysis,911.4186347644212,18382448.833138812
EF v3.1 - acidification - accumulated exceedance (AE),mol H+ -eq.,OCE,2025,FE_MDI,3942994.5028669457,18382448.833138812
EF v3.1 - acidification - accumulated exceedance (AE),mol H+ -eq.,OCE,2025,FE_PBS,0.0,18382448.833138812
EF v3.1 - acidification - accumulated exceedance (AE),mol H+ -eq.,OCE,2025,FE_PET,3360954.340067119,18382448.833138812
EF v3.1 - acidification - accumulated exceedance (AE),mol H+ -eq.,OCE,2025,FE_PLA,0.0,18382448.833138812
EF v3.1 - acidification - accumulated exceedance (AE),mol H+ -eq.,OCE,2025,FE_PMMA,483359.65051539533,18382448.833138812
EF v3.1 - acidification - accumulated exceedance (AE),mol H+ -eq.,OCE,2025,FE_PPP,907187.5900957139,18382448.833138812
EF v3.1 - acidification - accumulated exceedance (AE),mol H+ -eq.,OCE,2025,FE_PVC,2267411.956624488,18382448.833138812
EF v3.1 - acidification - accumulated exceedance (AE),mol H+ -eq.,OCE,2025,FE_nylon,2300710.755921709,18382448.833138812
EF v3.1 - acidification - accumulated exceedance (AE),mol H+ -eq.,OCE,2025,FE_polyols,3745550.2085830825,18382448.833138812
EF v3.1 - acidification - accumulated exceedance (AE),mol H+ -eq.,OCE,2025,FE_polyols_lignin,0.0,18382448.833138812
EF v3.1 - acidification - accumulated exceedance (AE),mol H+ -eq.,OCE,2025,FE_polyols_retrofit,1373368.4098295942,18382448.833138812
EF v3.1 - acidification - accumulated exceedance (AE),mol H+ -eq.,OCE,2030,FE_CC_MTO_with_loop,434.2399703877877,17255612.42983334
EF v3.1 - acidification - accumulated exceedance (AE),mol H+ -eq.,OCE,2030,FE_CC_gasification,1737.7979386913314,17255612.42983334
EF v3.1 - acidification - accumulated exceedance (AE),mol H+ -eq.,OCE,2030,FE_CC_waste_pyrolysis,-5.950781701809938e-14,17255612.42983334
EF v3.1 - acidification - accumulated exceedance (AE),mol H+ -eq.,OCE,2030,FE_MDI,3267267.9599520653,17255612.42983334
EF v3.1 - acidification - accumulated exceedance (AE),mol H+ -eq.,OCE,2030,FE_PBS,0.0,17255612.42983334
EF v3.1 - acidification - accumulated exceedance (AE),mol H+ -eq.,OCE,2030,FE_PET,2920871.428839552,17255612.42983334
EF v3.1 - acidification - accumulated exceedance (AE),mol H+ -eq.,OCE,2030,FE_PLA,1375464.9703420103,17255612.42983334
EF v3.1 - acidification - accumulated exceedance (AE),mol H+ -eq.,OCE,2030,FE_PMMA,440426.45959346805,17255612.42983334
EF v3.1 - acidification - accumulated exceedance (AE),mol H+ -eq.,OCE,2030,FE_PPP,818526.1515233583,17255612.42983334
EF v3.1 - acidification - accumulated exceedance (AE),mol H+ -eq.,OCE,2030,FE_PVC,1899332.0126978143,17255612.42983334
EF v3.1 - acidification - accumulated exceedance (AE),mol H+ -eq.,OCE,2030,FE_nylon,2114752.52311289,17255612.42983334
EF v3.1 - acidification - accumulated exceedance (AE),mol H+ -eq.,OCE,2030,FE_polyols,2103237.56472864,17255612.42983334
EF v3.1 - acidification - accumulated exceedance (AE),mol H+ -eq.,OCE,2030,FE_polyols_lignin,0.0,17255612.42983334
EF v3.1 - acidification - accumulated exceedance (AE),mol H+ -eq.,OCE,2030,FE_polyols_retrofit,2313561.3211344643,17255612.42983334
EF v3.1 - acidification - accumulated exceedance (AE),mol H+ -eq.,OCE,2035,FE_CC_MTO_with_loop,827.0561341685616,15327283.238951862
EF v3.1 - acidification - accumulated exceedance (AE),mol H+ -eq.,OCE,2035,FE_CC_gasification,10125.513916658792,15327283.238951862
EF v3.1 - acidification - accumulated exceedance (AE),mol H+ -eq.,OCE,2035,FE_CC_waste_pyrolysis,3413.354148073316,15327283.238951862
EF v3.1 - acidification - accumulated exceedance (AE),mol H+ -eq.,OCE,2035,FE_MDI,2667618.398379311,15327283.238951862
EF v3.1 - acidification - accumulated exceedance (AE),mol H+ -eq.,OCE,2035,FE_PBS,271689.09758380847,15327283.238951862
EF v3.1 - acidification - accumulated exceedance (AE),mol H+ -eq.,OCE,2035,FE_PET,2892806.7166212443,15327283.238951862
EF v3.1 - acidification - accumulated exceedance (AE),mol H+ -eq.,OCE,2035,FE_PLA,1307844.7722281907,15327283.238951862
EF v3.1 - acidification - accumulated exceedance (AE),mol H+ -eq.,OCE,2035,FE_PMMA,445496.847538753,15327283.238951862
EF v3.1 - acidification - accumulated exceedance (AE),mol H+ -eq.,OCE,2035,FE_PPP,0.0,15327283.238951862
EF v3.1 - acidification - accumulated exceedance (AE),mol H+ -eq.,OCE,2035,FE_PVC,868463.7286538302,15327283.238951862
EF v3.1 - acidification - accumulated exceedance (AE),mol H+ -eq.,OCE,2035,FE_nylon,2248854.9045201936,15327283.238951862
EF v3.1 - acidification - accumulated exceedance (AE),mol H+ -eq.,OCE,2035,FE_polyols,1072126.243845104,15327283.238951862
EF v3.1 - acidification - accumulated exceedance (AE),mol H+ -eq.,OCE,2035,FE_polyols_lignin,0.0,15327283.238951862
EF v3.1 - acidification - accumulated exceedance (AE),mol H+ -eq.,OCE,2035,FE_polyols_retrofit,3538016.605382527,15327283.238951862
EF v3.1 - acidification - accumulated exceedance (AE),mol H+ -eq.,OCE,2040,FE_CC_MTO_with_loop,724.248237172157,21355672.447585266
EF v3.1 - acidification - accumulated exceedance (AE),mol H+ -eq.,OCE,2040,FE_CC_gasification,7643.842358438476,21355672.447585266
EF v3.1 - acidification - accumulated exceedance (AE),mol H+ -eq.,OCE,2040,FE_CC_waste_pyrolysis,4595.776634019779,21355672.447585266
EF v3.1 - acidification - accumulated exceedance (AE),mol H+ -eq.,OCE,2040,FE_MDI,2587161.2632694175,21355672.447585266
EF v3.1 - acidification - accumulated exceedance (AE),mol H+ -eq.,OCE,2040,FE_PBS,261567.76881705385,21355672.447585266
EF v3.1 - acidification - accumulated exceedance (AE),mol H+ -eq.,OCE,2040,FE_PET,3281660.7662675884,21355672.447585266
EF v3.1 - acidification - accumulated exceedance (AE),mol H+ -eq.,OCE,2040,FE_PLA,1274176.345997854,21355672.447585266
EF v3.1 - acidification - accumulated exceedance (AE),mol H+ -eq.,OCE,2040,FE_PMMA,438467.63681815163,21355672.447585266
EF v3.1 - acidification - accumulated exceedance (AE),mol H+ -eq.,OCE,2040,FE_PPP,0.0,21355672.447585266
EF v3.1 - acidification - accumulated exceedance (AE),mol H+ -eq.,OCE,2040,FE_PVC,3113411.567361549,21355672.447585266
EF v3.1 - acidification - accumulated exceedance (AE),mol H+ -eq.,OCE,2040,FE_nylon,3193187.86640086,21355672.447585266
EF v3.1 - acidification - accumulated exceedance (AE),mol H+ -eq.,OCE,2040,FE_polyols,0.0,21355672.447585266
EF v3.1 - acidification - accumulated exceedance (AE),mol H+ -eq.,OCE,2040,FE_polyols_lignin,0.0,21355672.447585266
EF v3.1 - acidification - accumulated exceedance (AE),mol H+ -eq.,OCE,2040,FE_polyols_retrofit,7193075.365423161,21355672.447585266
EF v3.1 - acidification - accumulated exceedance (AE),mol H+ -eq.,OCE,2045,FE_CC_MTO_with_loop,3896.3437858754946,30374215.34970253
EF v3.1 - acidification - accumulated exceedance (AE),mol H+ -eq.,OCE,2045,FE_CC_gasification,7071.040738099048,30374215.34970253
EF v3.1 - acidification - accumulated exceedance (AE),mol H+ -eq.,OCE,2045,FE_CC_waste_pyrolysis,8081.288150468691,30374215.34970253
EF v3.1 - acidification - accumulated exceedance (AE),mol H+ -eq.,OCE,2045,FE_MDI,5139523.923842677,30374215.34970253
EF v3.1 - acidification - accumulated exceedance (AE),mol H+ -eq.,OCE,2045,FE_PBS,0.0,30374215.34970253
EF v3.1 - acidification - accumulated exceedance (AE),mol H+ -eq.,OCE,2045,FE_PET,4511034.587943492,30374215.34970253
EF v3.1 - acidification - accumulated exceedance (AE),mol H+ -eq.,OCE,2045,FE_PLA,1231104.6736795937,30374215.34970253
EF v3.1 - acidification - accumulated exceedance (AE),mol H+ -eq.,OCE,2045,FE_PMMA,439370.00688092865,30374215.34970253
EF v3.1 - acidification - accumulated exceedance (AE),mol H+ -eq.,OCE,2045,FE_PPP,3221223.1467602127,30374215.34970253
EF v3.1 - acidification - accumulated exceedance (AE),mol H+ -eq.,OCE,2045,FE_PVC,3614010.8161701285,30374215.34970253
EF v3.1 - acidification - accumulated exceedance (AE),mol H+ -eq.,OCE,2045,FE_nylon,3192835.1117161997,30374215.34970253
EF v3.1 - acidification - accumulated exceedance (AE),mol H+ -eq.,OCE,2045,FE_polyols,0.0,30374215.34970253
EF v3.1 - acidification - accumulated exceedance (AE),mol H+ -eq.,OCE,2045,FE_polyols_lignin,0.0,30374215.34970253
EF v3.1 - acidification - accumulated exceedance (AE),mol H+ -eq.,OCE,2045,FE_polyols_retrofit,9006064.410034856,30374215.34970253
EF v3.1 - acidification - accumulated exceedance (AE),mol H+ -eq.,OCE,2050,FE_CC_MTO_with_loop,5854.555915773748,27926759.391944103
EF v3.1 - acidification - accumulated exceedance (AE),mol H+ -eq.,OCE,2050,FE_CC_gasification,5511.8812050468205,27926759.391944103
EF v3.1 - acidification - accumulated exceedance (AE),mol H+ -eq.,OCE,2050,FE_CC_waste_pyrolysis,7175.03013818927,27926759.391944103
EF v3.1 - acidification - accumulated exceedance (AE),mol H+ -eq.,OCE,2050,FE_MDI,5654661.133626196,27926759.391944103
EF v3.1 - acidification - accumulated exceedance (AE),mol H+ -eq.,OCE,2050,FE_PBS,0.0,27926759.391944103
EF v3.1 - acidification - accumulated exceedance (AE),mol H+ -eq.,OCE,2050,FE_PET,3099757.2574399514,27926759.391944103
EF v3.1 - acidification - accumulated exceedance (AE),mol H+ -eq.,OCE,2050,FE_PLA,1820341.7934149182,27926759.391944103
EF v3.1 - acidification - accumulated exceedance (AE),mol H+ -eq.,OCE,2050,FE_PMMA,418027.52316950477,27926759.391944103
EF v3.1 - acidification - accumulated exceedance (AE),mol H+ -eq.,OCE,2050,FE_PPP,2836255.4293095297,27926759.391944103
EF v3.1 - acidification - accumulated exceedance (AE),mol H+ -eq.,OCE,2050,FE_PVC,3024805.4162274348,27926759.391944103
EF v3.1 - acidification - accumulated exceedance (AE),mol H+ -eq.,OCE,2050,FE_nylon,3192436.459776432,27926759.391944103
EF v3.1 - acidification - accumulated exceedance (AE),mol H+ -eq.,OCE,2050,FE_polyols,0.0,27926759.391944103
EF v3.1 - acidification - accumulated exceedance (AE),mol H+ -eq.,OCE,2050,FE_polyols_lignin,0.0,27926759.391944103
EF v3.1 - acidification - accumulated exceedance (AE),mol H+ -eq.,OCE,2050,FE_polyols_retrofit,7861932.911721124,27926759.391944103
EF v3.1 - climate change - global warming potential (GWP100),kg CO$_{2}$-eq.,CL,2025,FE_CC_MTO_with_loop,0.0,4346333587.179263
EF v3.1 - climate change - global warming potential (GWP100),kg CO$_{2}$-eq.,CL,2025,FE_CC_gasification,-2859729.9223175882,4346333587.179263
EF v3.1 - climate change - global warming potential (GWP100),kg CO$_{2}$-eq.,CL,2025,FE_CC_waste_pyrolysis,-13523032.124505263,4346333587.179263
EF v3.1 - climate change - global warming potential (GWP100),kg CO$_{2}$-eq.,CL,2025,FE_MDI,745698175.0689151,4346333587.179263
EF v3.1 - climate change - global warming potential (GWP100),kg CO$_{2}$-eq.,CL,2025,FE_PBS,0.0,4346333587.179263
EF v3.1 - climate change - global warming potential (GWP100),kg CO$_{2}$-eq.,CL,2025,FE_PET,740074159.9815204,4346333587.179263
EF v3.1 - climate change - global warming potential (GWP100),kg CO$_{2}$-eq.,CL,2025,FE_PLA,0.0,4346333587.179263
EF v3.1 - climate change - global warming potential (GWP100),kg CO$_{2}$-eq.,CL,2025,FE_PMMA,70337819.54883526,4346333587.179263
EF v3.1 - climate change - global warming potential (GWP100),kg CO$_{2}$-eq.,CL,2025,FE_PPP,346187959.30593115,4346333587.179263
EF v3.1 - climate change - global warming potential (GWP100),kg CO$_{2}$-eq.,CL,2025,FE_PVC,638165298.1362677,4346333587.179263
EF v3.1 - climate change - global warming potential (GWP100),kg CO$_{2}$-eq.,CL,2025,FE_nylon,533188793.5850032,4346333587.179263
EF v3.1 - climate change - global warming potential (GWP100),kg CO$_{2}$-eq.,CL,2025,FE_polyols,943217666.0481571,4346333587.179263
EF v3.1 - climate change - global warming potential (GWP100),kg CO$_{2}$-eq.,CL,2025,FE_polyols_lignin,0.0,4346333587.179263
EF v3.1 - climate change - global warming potential (GWP100),kg CO$_{2}$-eq.,CL,2025,FE_polyols_retrofit,345846477.5514562,4346333587.179263
EF v3.1 - climate change - global warming potential (GWP100),kg CO$_{2}$-eq.,CL,2030,FE_CC_MTO_with_loop,-40606902.57057562,3051496152.633361
EF v3.1 - climate change - global warming potential (GWP100),kg CO$_{2}$-eq.,CL,2030,FE_CC_gasification,-497730823.01612705,3051496152.633361
EF v3.1 - climate change - global warming potential (GWP100),kg CO$_{2}$-eq.,CL,2030,FE_CC_waste_pyrolysis,-19190346.494675808,3051496152.633361
EF v3.1 - climate change - global warming potential (GWP100),kg CO$_{2}$-eq.,CL,2030,FE_MDI,346378103.553581,3051496152.633361
EF v3.1 - climate change - global warming potential (GWP100),kg CO$_{2}$-eq.,CL,2030,FE_PBS,0.0,3051496152.633361
EF v3.1 - climate change - global warming potential (GWP100),kg CO$_{2}$-eq.,CL,2030,FE_PET,631369799.3241272,3051496152.633361
EF v3.1 - climate change - global warming potential (GWP100),kg CO$_{2}$-eq.,CL,2030,FE_PLA,470558664.28398055,3051496152.633361
EF v3.1 - climate change - global warming potential (GWP100),kg CO$_{2}$-eq.,CL,2030,FE_PMMA,57749852.52662838,3051496152.633361
EF v3.1 - climate change - global warming potential (GWP100),kg CO$_{2}$-eq.,CL,2030,FE_PPP,329213801.2983761,3051496152.633361
EF v3.1 - climate change - global warming potential (GWP100),kg CO$_{2}$-eq.,CL,2030,FE_PVC,162999170.92073858,3051496152.633361
EF v3.1 - climate change - global warming potential (GWP100),kg CO$_{2}$-eq.,CL,2030,FE_nylon,490105940.4975789,3051496152.633361
EF v3.1 - climate change - global warming potential (GWP100),kg CO$_{2}$-eq.,CL,2030,FE_polyols,533642329.6796369,3051496152.633361
EF v3.1 - climate change - global warming potential (GWP100),kg CO$_{2}$-eq.,CL,2030,FE_polyols_lignin,0.0,3051496152.633361
EF v3.1 - climate change - global warming potential (GWP100),kg CO$_{2}$-eq.,CL,2030,FE_polyols_retrofit,587006562.6300917,3051496152.633361
EF v3.1 - climate change - global warming potential (GWP100),kg CO$_{2}$-eq.,CL,2035,FE_CC_MTO_with_loop,-51646080.87404342,2536497740.5723433
EF v3.1 - climate change - global warming potential (GWP100),kg CO$_{2}$-eq.,CL,2035,FE_CC_gasification,-428459920.3405982,2536497740.5723433
EF v3.1 - climate change - global warming potential (GWP100),kg CO$_{2}$-eq.,CL,2035,FE_CC_waste_pyrolysis,-148931744.55942085,2536497740.5723433
EF v3.1 - climate change - global warming potential (GWP100),kg CO$_{2}$-eq.,CL,2035,FE_MDI,329116664.5511506,2536497740.5723433
EF v3.1 - climate change - global warming potential (GWP100),kg CO$_{2}$-eq.,CL,2035,FE_PBS,0.0,2536497740.5723433
EF v3.1 - climate change - global warming potential (GWP100),kg CO$_{2}$-eq.,CL,2035,FE_PET,606423463.0426065,2536497740.5723433
EF v3.1 - climate change - global warming potential (GWP100),kg CO$_{2}$-eq.,CL,2035,FE_PLA,443991685.3791514,2536497740.5723433
EF v3.1 - climate change - global warming potential (GWP100),kg CO$_{2}$-eq.,CL,2035,FE_PMMA,55057365.99940833,2536497740.5723433
EF v3.1 - climate change - global warming potential (GWP100),kg CO$_{2}$-eq.,CL,2035,FE_PPP,111264287.52117112,2536497740.5723433
EF v3.1 - climate change - global warming potential (GWP100),kg CO$_{2}$-eq.,CL,2035,FE_PVC,331776794.0760843,2536497740.5723433
EF v3.1 - climate change - global warming potential (GWP100),kg CO$_{2}$-eq.,CL,2035,FE_nylon,172895084.77402872,2536497740.5723433
EF v3.1 - climate change - global warming potential (GWP100),kg CO$_{2}$-eq.,CL,2035,FE_polyols,259304683.94416896,2536497740.5723433
EF v3.1 - climate change - global warming potential (GWP100),kg CO$_{2}$-eq.,CL,2035,FE_polyols_lignin,0.0,2536497740.5723433
EF v3.1 - climate change - global warming potential (GWP100),kg CO$_{2}$-eq.,CL,2035,FE_polyols_retrofit,855705457.0586357,2536497740.5723433
EF v3.1 - climate change - global warming potential (GWP100),kg CO$_{2}$-eq.,CL,2040,FE_CC_MTO_with_loop,-80922589.71130678,3160677760.1574106
EF v3.1 - climate change - global warming potential (GWP100),kg CO$_{2}$-eq.,CL,2040,FE_CC_gasification,-190619446.38291803,3160677760.1574106
EF v3.1 - climate change - global warming potential (GWP100),kg CO$_{2}$-eq.,CL,2040,FE_CC_waste_pyrolysis,-195921884.6363053,3160677760.1574106
EF v3.1 - climate change - global warming potential (GWP100),kg CO$_{2}$-eq.,CL,2040,FE_MDI,0.0,3160677760.1574106
EF v3.1 - climate change - global warming potential (GWP100),kg CO$_{2}$-eq.,CL,2040,FE_PBS,0.0,3160677760.1574106
EF v3.1 - climate change - global warming potential (GWP100),kg CO$_{2}$-eq.,CL,2040,FE_PET,865967008.5538232,3160677760.1574106
EF v3.1 - climate change - global warming potential (GWP100),kg CO$_{2}$-eq.,CL,2040,FE_PLA,332855148.7285775,3160677760.1574106
EF v3.1 - climate change - global warming potential (GWP100),kg CO$_{2}$-eq.,CL,2040,FE_PMMA,49988144.46749827,3160677760.1574106
EF v3.1 - climate change - global warming potential (GWP100),kg CO$_{2}$-eq.,CL,2040,FE_PPP,222494655.58257914,3160677760.1574106
EF v3.1 - climate change - global warming potential (GWP100),kg CO$_{2}$-eq.,CL,2040,FE_PVC,565467693.4143329,3160677760.1574106
EF v3.1 - climate change - global warming potential (GWP100),kg CO$_{2}$-eq.,CL,2040,FE_nylon,182223261.45389655,3160677760.1574106
EF v3.1 - climate change - global warming potential (GWP100),kg CO$_{2}$-eq.,CL,2040,FE_polyols,0.0,3160677760.1574106
EF v3.1 - climate change - global warming potential (GWP100),kg CO$_{2}$-eq.,CL,2040,FE_polyols_lignin,0.0,3160677760.1574106
EF v3.1 - climate change - global warming potential (GWP100),kg CO$_{2}$-eq.,CL,2040,FE_polyols_retrofit,1409145768.6872332,3160677760.1574106
EF v3.1 - climate change - global warming potential (GWP100),kg CO$_{2}$-eq.,CL,2045,FE_CC_MTO_with_loop,-106639466.59313394,3079862310.4034824
EF v3.1 - climate change - global warming potential (GWP100),kg CO$_{2}$-eq.,CL,2045,FE_CC_gasification,-220870021.1087018,3079862310.4034824
EF v3.1 - climate change - global warming potential (GWP100),kg CO$_{2}$-eq.,CL,2045,FE_CC_waste_pyrolysis,-196004591.0341289,3079862310.4034824
EF v3.1 - climate change - global warming potential (GWP100),kg CO$_{2}$-eq.,CL,2045,FE_MDI,228515941.76691407,3079862310.4034824
EF v3.1 - climate change - global warming potential (GWP100),kg CO$_{2}$-eq.,CL,2045,FE_PBS,20927934.299287528,3079862310.4034824
EF v3.1 - climate change - global warming potential (GWP100),kg CO$_{2}$-eq.,CL,2045,FE_PET,822306169.2595938,3079862310.4034824
EF v3.1 - climate change - global warming potential (GWP100),kg CO$_{2}$-eq.,CL,2045,FE_PLA,392189342.1884206,3079862310.4034824
EF v3.1 - climate change - global warming potential (GWP100),kg CO$_{2}$-eq.,CL,2045,FE_PMMA,46008013.530914985,3079862310.4034824
EF v3.1 - climate change - global warming potential (GWP100),kg CO$_{2}$-eq.,CL,2045,FE_PPP,0.0,3079862310.4034824
EF v3.1 - climate change - global warming potential (GWP100),kg CO$_{2}$-eq.,CL,2045,FE_PVC,542680058.5437961,3079862310.4034824
EF v3.1 - climate change - global warming potential (GWP100),kg CO$_{2}$-eq.,CL,2045,FE_nylon,191371442.57618013,3079862310.4034824
EF v3.1 - climate change - global warming potential (GWP100),kg CO$_{2}$-eq.,CL,2045,FE_polyols,0.0,3079862310.4034824
EF v3.1 - climate change - global warming potential (GWP100),kg CO$_{2}$-eq.,CL,2045,FE_polyols_lignin,0.0,3079862310.4034824
EF v3.1 - climate change - global warming potential (GWP100),kg CO$_{2}$-eq.,CL,2045,FE_polyols_retrofit,1359377486.9743395,3079862310.4034824
EF v3.1 - climate change - global warming potential (GWP100),kg CO$_{2}$-eq.,CL,2050,FE_CC_MTO_with_loop,-112512020.55751938,1823336592.1114302
EF v3.1 - climate change - global warming potential (GWP100),kg CO$_{2}$-eq.,CL,2050,FE_CC_gasification,-348003969.3820982,1823336592.1114302
EF v3.1 - climate change - global warming potential (GWP100),kg CO$_{2}$-eq.,CL,2050,FE_CC_waste_pyrolysis,-217955491.9415439,1823336592.1114302
EF v3.1 - climate change - global warming potential (GWP100),kg CO$_{2}$-eq.,CL,2050,FE_MDI,45084894.062496744,1823336592.1114302
EF v3.1 - climate change - global warming potential (GWP100),kg CO$_{2}$-eq.,CL,2050,FE_PBS,19464716.856520586,1823336592.1114302
EF v3.1 - climate change - global warming potential (GWP100),kg CO$_{2}$-eq.,CL,2050,FE_PET,593993597.8572899,1823336592.1114302
EF v3.1 - climate change - global warming potential (GWP100),kg CO$_{2}$-eq.,CL,2050,FE_PLA,0.0,1823336592.1114302
EF v3.1 - climate change - global warming potential (GWP100),kg CO$_{2}$-eq.,CL,2050,FE_PMMA,43976720.38956332,1823336592.1114302
EF v3.1 - climate change - global warming potential (GWP100),kg CO$_{2}$-eq.,CL,2050,FE_PPP,525150934.97598827,1823336592.1114302
EF v3.1 - climate change - global warming potential (GWP100),kg CO$_{2}$-eq.,CL,2050,FE_PVC,504171074.8170052,1823336592.1114302
EF v3.1 - climate change - global warming potential (GWP100),kg CO$_{2}$-eq.,CL,2050,FE_nylon,711391223.131758,1823336592.1114302
EF v3.1 - climate change - global warming potential (GWP100),kg CO$_{2}$-eq.,CL,2050,FE_polyols,0.0,1823336592.1114302
EF v3.1 - climate change - global warming potential (GWP100),kg CO$_{2}$-eq.,CL,2050,FE_polyols_lignin,58574911.90196974,1823336592.1114302
EF v3.1 - climate change - global warming potential (GWP100),kg CO$_{2}$-eq.,CL,2050,FE_polyols_retrofit,0.0,1823336592.1114302
EF v3.1 - climate change - global warming potential (GWP100),kg CO$_{2}$-eq.,OCE,2025,FE_CC_MTO_with_loop,0.0,4348473790.257944
EF v3.1 - climate change - global warming potential (GWP100),kg CO$_{2}$-eq.,OCE,2025,FE_CC_gasification,0.0,4348473790.257944
EF v3.1 - climate change - global warming potential (GWP100),kg CO$_{2}$-eq.,OCE,2025,FE_CC_waste_pyrolysis,-13523032.125329684,4348473790.257944
EF v3.1 - climate change - global warming potential (GWP100),kg CO$_{2}$-eq.,OCE,2025,FE_MDI,744982822.4964311,4348473790.257944
EF v3.1 - climate change - global warming potential (GWP100),kg CO$_{2}$-eq.,OCE,2025,FE_PBS,0.0,4348473790.257944
EF v3.1 - climate change - global warming potential (GWP100),kg CO$_{2}$-eq.,OCE,2025,FE_PET,739904774.9411244,4348473790.257944
EF v3.1 - climate change - global warming potential (GWP100),kg CO$_{2}$-eq.,OCE,2025,FE_PLA,0.0,4348473790.257944
EF v3.1 - climate change - global warming potential (GWP100),kg CO$_{2}$-eq.,OCE,2025,FE_PMMA,70337819.11822245,4348473790.257944
EF v3.1 - climate change - global warming potential (GWP100),kg CO$_{2}$-eq.,OCE,2025,FE_PPP,346247865.6358161,4348473790.257944
EF v3.1 - climate change - global warming potential (GWP100),kg CO$_{2}$-eq.,OCE,2025,FE_PVC,638439093.2040298,4348473790.257944
EF v3.1 - climate change - global warming potential (GWP100),kg CO$_{2}$-eq.,OCE,2025,FE_nylon,533188793.57770985,4348473790.257944
EF v3.1 - climate change - global warming potential (GWP100),kg CO$_{2}$-eq.,OCE,2025,FE_polyols,943094380.542733,4348473790.257944
EF v3.1 - climate change - global warming potential (GWP100),kg CO$_{2}$-eq.,OCE,2025,FE_polyols_lignin,0.0,4348473790.257944
EF v3.1 - climate change - global warming potential (GWP100),kg CO$_{2}$-eq.,OCE,2025,FE_polyols_retrofit,345801272.86720705,4348473790.257944
EF v3.1 - climate change - global warming potential (GWP100),kg CO$_{2}$-eq.,OCE,2030,FE_CC_MTO_with_loop,-12888770.70857584,4019526911.055764
EF v3.1 - climate change - global warming potential (GWP100),kg CO$_{2}$-eq.,OCE,2030,FE_CC_gasification,-51579957.39675906,4019526911.055764
EF v3.1 - climate change - global warming potential (GWP100),kg CO$_{2}$-eq.,OCE,2030,FE_CC_waste_pyrolysis,1.7662644188415957e-09,4019526911.055764
EF v3.1 - climate change - global warming potential (GWP100),kg CO$_{2}$-eq.,OCE,2030,FE_MDI,606427850.8186059,4019526911.055764
EF v3.1 - climate change - global warming potential (GWP100),kg CO$_{2}$-eq.,OCE,2030,FE_PBS,0.0,4019526911.055764
EF v3.1 - climate change - global warming potential (GWP100),kg CO$_{2}$-eq.,OCE,2030,FE_PET,630210850.2923447,4019526911.055764
EF v3.1 - climate change - global warming potential (GWP100),kg CO$_{2}$-eq.,OCE,2030,FE_PLA,310214072.96236527,4019526911.055764
EF v3.1 - climate change - global warming potential (GWP100),kg CO$_{2}$-eq.,OCE,2030,FE_PMMA,57749851.646041155,4019526911.055764
EF v3.1 - climate change - global warming potential (GWP100),kg CO$_{2}$-eq.,OCE,2030,FE_PPP,328369464.2901196,4019526911.055764
EF v3.1 - climate change - global warming potential (GWP100),kg CO$_{2}$-eq.,OCE,2030,FE_PVC,541942807.7412468,4019526911.055764
EF v3.1 - climate change - global warming potential (GWP100),kg CO$_{2}$-eq.,OCE,2030,FE_nylon,490105940.4703956,4019526911.055764
EF v3.1 - climate change - global warming potential (GWP100),kg CO$_{2}$-eq.,OCE,2030,FE_polyols,532845143.3095846,4019526911.055764
EF v3.1 - climate change - global warming potential (GWP100),kg CO$_{2}$-eq.,OCE,2030,FE_polyols_lignin,0.0,4019526911.055764
EF v3.1 - climate change - global warming potential (GWP100),kg CO$_{2}$-eq.,OCE,2030,FE_polyols_retrofit,586129657.6303953,4019526911.055764
EF v3.1 - climate change - global warming potential (GWP100),kg CO$_{2}$-eq.,OCE,2035,FE_CC_MTO_with_loop,-31424444.74314917,2729469572.1295795
EF v3.1 - climate change - global warming potential (GWP100),kg CO$_{2}$-eq.,OCE,2035,FE_CC_gasification,-384724372.97141504,2729469572.1295795
EF v3.1 - climate change - global warming potential (GWP100),kg CO$_{2}$-eq.,OCE,2035,FE_CC_waste_pyrolysis,-129692235.35959063,2729469572.1295795
EF v3.1 - climate change - global warming potential (GWP100),kg CO$_{2}$-eq.,OCE,2035,FE_MDI,454220864.4047849,2729469572.1295795
EF v3.1 - climate change - global warming potential (GWP100),kg CO$_{2}$-eq.,OCE,2035,FE_PBS,26725817.45027318,2729469572.1295795
EF v3.1 - climate change - global warming potential (GWP100),kg CO$_{2}$-eq.,OCE,2035,FE_PET,604966509.1608331,2729469572.1295795
EF v3.1 - climate change - global warming potential (GWP100),kg CO$_{2}$-eq.,OCE,2035,FE_PLA,292699883.03700364,2729469572.1295795
EF v3.1 - climate change - global warming potential (GWP100),kg CO$_{2}$-eq.,OCE,2035,FE_PMMA,55057377.57980735,2729469572.1295795
EF v3.1 - climate change - global warming potential (GWP100),kg CO$_{2}$-eq.,OCE,2035,FE_PPP,0.0,2729469572.1295795
EF v3.1 - climate change - global warming potential (GWP100),kg CO$_{2}$-eq.,OCE,2035,FE_PVC,225273577.56449506,2729469572.1295795
EF v3.1 - climate change - global warming potential (GWP100),kg CO$_{2}$-eq.,OCE,2035,FE_nylon,521168774.4909323,2729469572.1295795
EF v3.1 - climate change - global warming potential (GWP100),kg CO$_{2}$-eq.,OCE,2035,FE_polyols,254697167.7847803,2729469572.1295795
EF v3.1 - climate change - global warming potential (GWP100),kg CO$_{2}$-eq.,OCE,2035,FE_polyols_lignin,0.0,2729469572.1295795
EF v3.1 - climate change - global warming potential (GWP100),kg CO$_{2}$-eq.,OCE,2035,FE_polyols_retrofit,840500653.730825,2729469572.1295795
EF v3.1 - climate change - global warming potential (GWP100),kg CO$_{2}$-eq.,OCE,2040,FE_CC_MTO_with_loop,-31436162.056821737,3745584564.1301823
EF v3.1 - climate change - global warming potential (GWP100),kg CO$_{2}$-eq.,OCE,2040,FE_CC_gasification,-331782743.50075656,3745584564.1301823
EF v3.1 - climate change - global warming potential (GWP100),kg CO$_{2}$-eq.,OCE,2040,FE_CC_waste_pyrolysis,-199480746.55841854,3745584564.1301823
EF v3.1 - climate change - global warming potential (GWP100),kg CO$_{2}$-eq.,OCE,2040,FE_MDI,462798356.52559394,3745584564.1301823
EF v3.1 - climate change - global warming potential (GWP100),kg CO$_{2}$-eq.,OCE,2040,FE_PBS,23784600.337748248,3745584564.1301823
EF v3.1 - climate change - global warming potential (GWP100),kg CO$_{2}$-eq.,OCE,2040,FE_PET,667213784.6993992,3745584564.1301823
EF v3.1 - climate change - global warming potential (GWP100),kg CO$_{2}$-eq.,OCE,2040,FE_PLA,278875149.7812512,3745584564.1301823
EF v3.1 - climate change - global warming potential (GWP100),kg CO$_{2}$-eq.,OCE,2040,FE_PMMA,49988266.115487,3745584564.1301823
EF v3.1 - climate change - global warming potential (GWP100),kg CO$_{2}$-eq.,OCE,2040,FE_PPP,0.0,3745584564.1301823
EF v3.1 - climate change - global warming potential (GWP100),kg CO$_{2}$-eq.,OCE,2040,FE_PVC,640496672.646154,3745584564.1301823
EF v3.1 - climate change - global warming potential (GWP100),kg CO$_{2}$-eq.,OCE,2040,FE_nylon,739975782.1292316,3745584564.1301823
EF v3.1 - climate change - global warming potential (GWP100),kg CO$_{2}$-eq.,OCE,2040,FE_polyols,0.0,3745584564.1301823
EF v3.1 - climate change - global warming potential (GWP100),kg CO$_{2}$-eq.,OCE,2040,FE_polyols_lignin,0.0,3745584564.1301823
EF v3.1 - climate change - global warming potential (GWP100),kg CO$_{2}$-eq.,OCE,2040,FE_polyols_retrofit,1445151604.0113137,3745584564.1301823
EF v3.1 - climate change - global warming potential (GWP100),kg CO$_{2}$-eq.,OCE,2045,FE_CC_MTO_with_loop,-190397280.67164528,3480573152.8248405
EF v3.1 - climate change - global warming potential (GWP100),kg CO$_{2}$-eq.,OCE,2045,FE_CC_gasification,-345530836.3629806,3480573152.8248405
EF v3.1 - climate change - global warming potential (GWP100),kg CO$_{2}$-eq.,OCE,2045,FE_CC_waste_pyrolysis,-394897208.94079757,3480573152.8248405
EF v3.1 - climate change - global warming potential (GWP100),kg CO$_{2}$-eq.,OCE,2045,FE_MDI,594654191.6313602,3480573152.8248405
EF v3.1 - climate change - global warming potential (GWP100),kg CO$_{2}$-eq.,OCE,2045,FE_PBS,0.0,3480573152.8248405
EF v3.1 - climate change - global warming potential (GWP100),kg CO$_{2}$-eq.,OCE,2045,FE_PET,586139207.5003872,3480573152.8248405
EF v3.1 - climate change - global warming potential (GWP100),kg CO$_{2}$-eq.,OCE,2045,FE_PLA,261019989.90928647,3480573152.8248405
EF v3.1 - climate change - global warming potential (GWP100),kg CO$_{2}$-eq.,OCE,2045,FE_PMMA,46007711.01495376,3480573152.8248405
EF v3.1 - climate change - global warming potential (GWP100),kg CO$_{2}$-eq.,OCE,2045,FE_PPP,440366354.03204256,3480573152.8248405
EF v3.1 - climate change - global warming potential (GWP100),kg CO$_{2}$-eq.,OCE,2045,FE_PVC,507906531.91273606,3480573152.8248405
EF v3.1 - climate change - global warming potential (GWP100),kg CO$_{2}$-eq.,OCE,2045,FE_nylon,739834227.8325338,3480573152.8248405
EF v3.1 - climate change - global warming potential (GWP100),kg CO$_{2}$-eq.,OCE,2045,FE_polyols,0.0,3480573152.8248405
EF v3.1 - climate change - global warming potential (GWP100),kg CO$_{2}$-eq.,OCE,2045,FE_polyols_lignin,0.0,3480573152.8248405
EF v3.1 - climate change - global warming potential (GWP100),kg CO$_{2}$-eq.,OCE,2045,FE_polyols_retrofit,1235470264.9669638,3480573152.8248405
EF v3.1 - climate change - global warming potential (GWP100),kg CO$_{2}$-eq.,OCE,2050,FE_CC_MTO_with_loop,-322299856.8642146,3314383246.7032733
EF v3.1 - climate change - global warming potential (GWP100),kg CO$_{2}$-eq.,OCE,2050,FE_CC_gasification,-303435232.90241367,3314383246.7032733
EF v3.1 - climate change - global warming potential (GWP100),kg CO$_{2}$-eq.,OCE,2050,FE_CC_waste_pyrolysis,-394993443.67070097,3314383246.7032733
EF v3.1 - climate change - global warming potential (GWP100),kg CO$_{2}$-eq.,OCE,2050,FE_MDI,678116842.5519173,3314383246.7032733
EF v3.1 - climate change - global warming potential (GWP100),kg CO$_{2}$-eq.,OCE,2050,FE_PBS,0.0,3314383246.7032733
EF v3.1 - climate change - global warming potential (GWP100),kg CO$_{2}$-eq.,OCE,2050,FE_PET,568181013.3224115,3314383246.7032733
EF v3.1 - climate change - global warming potential (GWP100),kg CO$_{2}$-eq.,OCE,2050,FE_PLA,381046442.84108263,3314383246.7032733
EF v3.1 - climate change - global warming potential (GWP100),kg CO$_{2}$-eq.,OCE,2050,FE_PMMA,43976338.78435239,3314383246.7032733
EF v3.1 - climate change - global warming potential (GWP100),kg CO$_{2}$-eq.,OCE,2050,FE_PPP,376252674.02880776,3314383246.7032733
EF v3.1 - climate change - global warming potential (GWP100),kg CO$_{2}$-eq.,OCE,2050,FE_PVC,444502807.1520153,3314383246.7032733
EF v3.1 - climate change - global warming potential (GWP100),kg CO$_{2}$-eq.,OCE,2050,FE_nylon,739673913.7944839,3314383246.7032733
EF v3.1 - climate change - global warming potential (GWP100),kg CO$_{2}$-eq.,OCE,2050,FE_polyols,0.0,3314383246.7032733
EF v3.1 - climate change - global warming potential (GWP100),kg CO$_{2}$-eq.,OCE,2050,FE_polyols_lignin,0.0,3314383246.7032733
EF v3.1 - climate change - global warming potential (GWP100),kg CO$_{2}$-eq.,OCE,2050,FE_polyols_retrofit,1103361747.6655316,3314383246.7032733
EF v3.1 - ecotoxicity: freshwater - comparative toxic unit for ecosystems (CTUe),CTUe,CL,2025,FE_CC_MTO_with_loop,0.0,196608352672.60306
EF v3.1 - ecotoxicity: freshwater - comparative toxic unit for ecosystems (CTUe),CTUe,CL,2025,FE_CC_gasification,128417.6974466664,196608352672.60306
EF v3.1 - ecotoxicity: freshwater - comparative toxic unit for ecosystems (CTUe),CTUe,CL,2025,FE_CC_waste_pyrolysis,607258.970289007,196608352672.60306
EF v3.1 - ecotoxicity: freshwater - comparative toxic unit for ecosystems (CTUe),CTUe,CL,2025,FE_MDI,35692053037.328384,196608352672.60306
EF v3.1 - ecotoxicity: freshwater - comparative toxic unit for ecosystems (CTUe),CTUe,CL,2025,FE_PBS,0.0,196608352672.60306
EF v3.1 - ecotoxicity: freshwater - comparative toxic unit for ecosystems (CTUe),CTUe,CL,2025,FE_PET,3587149248.4012985,196608352672.60306
EF v3.1 - ecotoxicity: freshwater - comparative toxic unit for ecosystems (CTUe),CTUe,CL,2025,FE_PLA,0.0,196608352672.60306
EF v3.1 - ecotoxicity: freshwater - comparative toxic unit for ecosystems (CTUe),CTUe,CL,2025,FE_PMMA,52431679391.17885,196608352672.60306
EF v3.1 - ecotoxicity: freshwater - comparative toxic unit for ecosystems (CTUe),CTUe,CL,2025,FE_PPP,1664790604.7231507,196608352672.60306
EF v3.1 - ecotoxicity: freshwater - comparative toxic unit for ecosystems (CTUe),CTUe,CL,2025,FE_PVC,5654789662.324142,196608352672.60306
EF v3.1 - ecotoxicity: freshwater - comparative toxic unit for ecosystems (CTUe),CTUe,CL,2025,FE_nylon,541845702.4148684,196608352672.60306
EF v3.1 - ecotoxicity: freshwater - comparative toxic unit for ecosystems (CTUe),CTUe,CL,2025,FE_polyols,71001445865.52895,196608352672.60306
EF v3.1 - ecotoxicity: freshwater - comparative toxic unit for ecosystems (CTUe),CTUe,CL,2025,FE_polyols_lignin,0.0,196608352672.60306
EF v3.1 - ecotoxicity: freshwater - comparative toxic unit for ecosystems (CTUe),CTUe,CL,2025,FE_polyols_retrofit,26033863484.035683,196608352672.60306
EF v3.1 - ecotoxicity: freshwater - comparative toxic unit for ecosystems (CTUe),CTUe,CL,2030,FE_CC_MTO_with_loop,1300689.826802202,182358889228.22992
EF v3.1 - ecotoxicity: freshwater - comparative toxic unit for ecosystems (CTUe),CTUe,CL,2030,FE_CC_gasification,15942940.155696776,182358889228.22992
EF v3.1 - ecotoxicity: freshwater - comparative toxic unit for ecosystems (CTUe),CTUe,CL,2030,FE_CC_waste_pyrolysis,614690.776526492,182358889228.22992
EF v3.1 - ecotoxicity: freshwater - comparative toxic unit for ecosystems (CTUe),CTUe,CL,2030,FE_MDI,18421087321.225662,182358889228.22992
EF v3.1 - ecotoxicity: freshwater - comparative toxic unit for ecosystems (CTUe),CTUe,CL,2030,FE_PBS,0.0,182358889228.22992
EF v3.1 - ecotoxicity: freshwater - comparative toxic unit for ecosystems (CTUe),CTUe,CL,2030,FE_PET,3371548270.128101,182358889228.22992
EF v3.1 - ecotoxicity: freshwater - comparative toxic unit for ecosystems (CTUe),CTUe,CL,2030,FE_PLA,5572497326.580935,182358889228.22992
EF v3.1 - ecotoxicity: freshwater - comparative toxic unit for ecosystems (CTUe),CTUe,CL,2030,FE_PMMA,52420118964.9563,182358889228.22992
EF v3.1 - ecotoxicity: freshwater - comparative toxic unit for ecosystems (CTUe),CTUe,CL,2030,FE_PPP,1509436212.4142203,182358889228.22992
EF v3.1 - ecotoxicity: freshwater - comparative toxic unit for ecosystems (CTUe),CTUe,CL,2030,FE_PVC,1616580677.9325483,182358889228.22992
EF v3.1 - ecotoxicity: freshwater - comparative toxic unit for ecosystems (CTUe),CTUe,CL,2030,FE_nylon,497997906.99665076,182358889228.22992
EF v3.1 - ecotoxicity: freshwater - comparative toxic unit for ecosystems (CTUe),CTUe,CL,2030,FE_polyols,47110363917.89612,182358889228.22992
EF v3.1 - ecotoxicity: freshwater - comparative toxic unit for ecosystems (CTUe),CTUe,CL,2030,FE_polyols_lignin,0.0,182358889228.22992
EF v3.1 - ecotoxicity: freshwater - comparative toxic unit for ecosystems (CTUe),CTUe,CL,2030,FE_polyols_retrofit,51821400309.34038,182358889228.22992
EF v3.1 - ecotoxicity: freshwater - comparative toxic unit for ecosystems (CTUe),CTUe,CL,2035,FE_CC_MTO_with_loop,1597019.1966430757,186936140634.27313
EF v3.1 - ecotoxicity: freshwater - comparative toxic unit for ecosystems (CTUe),CTUe,CL,2035,FE_CC_gasification,13248995.972794048,186936140634.27313
EF v3.1 - ecotoxicity: freshwater - comparative toxic unit for ecosystems (CTUe),CTUe,CL,2035,FE_CC_waste_pyrolysis,4605322.436626758,186936140634.27313
EF v3.1 - ecotoxicity: freshwater - comparative toxic unit for ecosystems (CTUe),CTUe,CL,2035,FE_MDI,18768111772.620777,186936140634.27313
EF v3.1 - ecotoxicity: freshwater - comparative toxic unit for ecosystems (CTUe),CTUe,CL,2035,FE_PBS,0.0,186936140634.27313
EF v3.1 - ecotoxicity: freshwater - comparative toxic unit for ecosystems (CTUe),CTUe,CL,2035,FE_PET,3500708127.5267134,186936140634.27313
EF v3.1 - ecotoxicity: freshwater - comparative toxic unit for ecosystems (CTUe),CTUe,CL,2035,FE_PLA,5536943914.093709,186936140634.27313
EF v3.1 - ecotoxicity: freshwater - comparative toxic unit for ecosystems (CTUe),CTUe,CL,2035,FE_PMMA,52452357468.21745,186936140634.27313
EF v3.1 - ecotoxicity: freshwater - comparative toxic unit for ecosystems (CTUe),CTUe,CL,2035,FE_PPP,664343074.8521051,186936140634.27313
EF v3.1 - ecotoxicity: freshwater - comparative toxic unit for ecosystems (CTUe),CTUe,CL,2035,FE_PVC,3659549026.98222,186936140634.27313
EF v3.1 - ecotoxicity: freshwater - comparative toxic unit for ecosystems (CTUe),CTUe,CL,2035,FE_nylon,175676310.2235438,186936140634.27313
EF v3.1 - ecotoxicity: freshwater - comparative toxic unit for ecosystems (CTUe),CTUe,CL,2035,FE_polyols,23757906884.051132,186936140634.27313
EF v3.1 - ecotoxicity: freshwater - comparative toxic unit for ecosystems (CTUe),CTUe,CL,2035,FE_polyols_lignin,0.0,186936140634.27313
EF v3.1 - ecotoxicity: freshwater - comparative toxic unit for ecosystems (CTUe),CTUe,CL,2035,FE_polyols_retrofit,78401092718.0994,186936140634.27313
EF v3.1 - ecotoxicity: freshwater - comparative toxic unit for ecosystems (CTUe),CTUe,CL,2040,FE_CC_MTO_with_loop,2418959.584732491,183227636346.90182
EF v3.1 - ecotoxicity: freshwater - comparative toxic unit for ecosystems (CTUe),CTUe,CL,2040,FE_CC_gasification,5698047.213996338,183227636346.90182
EF v3.1 - ecotoxicity: freshwater - comparative toxic unit for ecosystems (CTUe),CTUe,CL,2040,FE_CC_waste_pyrolysis,5856549.109345197,183227636346.90182
EF v3.1 - ecotoxicity: freshwater - comparative toxic unit for ecosystems (CTUe),CTUe,CL,2040,FE_MDI,0.0,183227636346.90182
EF v3.1 - ecotoxicity: freshwater - comparative toxic unit for ecosystems (CTUe),CTUe,CL,2040,FE_PBS,0.0,183227636346.90182
EF v3.1 - ecotoxicity: freshwater - comparative toxic unit for ecosystems (CTUe),CTUe,CL,2040,FE_PET,6170815405.6396885,183227636346.90182
EF v3.1 - ecotoxicity: freshwater - comparative toxic unit for ecosystems (CTUe),CTUe,CL,2040,FE_PLA,4365029535.862923,183227636346.90182
EF v3.1 - ecotoxicity: freshwater - comparative toxic unit for ecosystems (CTUe),CTUe,CL,2040,FE_PMMA,52462751817.71307,183227636346.90182
EF v3.1 - ecotoxicity: freshwater - comparative toxic unit for ecosystems (CTUe),CTUe,CL,2040,FE_PPP,2291144620.543187,183227636346.90182
EF v3.1 - ecotoxicity: freshwater - comparative toxic unit for ecosystems (CTUe),CTUe,CL,2040,FE_PVC,7427376117.3046875,183227636346.90182
EF v3.1 - ecotoxicity: freshwater - comparative toxic unit for ecosystems (CTUe),CTUe,CL,2040,FE_nylon,185167925.2029273,183227636346.90182
EF v3.1 - ecotoxicity: freshwater - comparative toxic unit for ecosystems (CTUe),CTUe,CL,2040,FE_polyols,0.0,183227636346.90182
EF v3.1 - ecotoxicity: freshwater - comparative toxic unit for ecosystems (CTUe),CTUe,CL,2040,FE_polyols_lignin,0.0,183227636346.90182
EF v3.1 - ecotoxicity: freshwater - comparative toxic unit for ecosystems (CTUe),CTUe,CL,2040,FE_polyols_retrofit,110311377368.72725,183227636346.90182
EF v3.1 - ecotoxicity: freshwater - comparative toxic unit for ecosystems (CTUe),CTUe,CL,2045,FE_CC_MTO_with_loop,3089654.0428572525,202162312708.52072
EF v3.1 - ecotoxicity: freshwater - comparative toxic unit for ecosystems (CTUe),CTUe,CL,2045,FE_CC_gasification,6399243.876373086,202162312708.52072
EF v3.1 - ecotoxicity: freshwater - comparative toxic unit for ecosystems (CTUe),CTUe,CL,2045,FE_CC_waste_pyrolysis,5678820.38895169,202162312708.52072
EF v3.1 - ecotoxicity: freshwater - comparative toxic unit for ecosystems (CTUe),CTUe,CL,2045,FE_MDI,14289621339.87017,202162312708.52072
EF v3.1 - ecotoxicity: freshwater - comparative toxic unit for ecosystems (CTUe),CTUe,CL,2045,FE_PBS,660789384.1606592,202162312708.52072
EF v3.1 - ecotoxicity: freshwater - comparative toxic unit for ecosystems (CTUe),CTUe,CL,2045,FE_PET,6730402175.122005,202162312708.52072
EF v3.1 - ecotoxicity: freshwater - comparative toxic unit for ecosystems (CTUe),CTUe,CL,2045,FE_PLA,5453618145.06981,202162312708.52072
EF v3.1 - ecotoxicity: freshwater - comparative toxic unit for ecosystems (CTUe),CTUe,CL,2045,FE_PMMA,52491773550.77988,202162312708.52072
EF v3.1 - ecotoxicity: freshwater - comparative toxic unit for ecosystems (CTUe),CTUe,CL,2045,FE_PPP,0.0,202162312708.52072
EF v3.1 - ecotoxicity: freshwater - comparative toxic unit for ecosystems (CTUe),CTUe,CL,2045,FE_PVC,9092278676.40576,202162312708.52072
EF v3.1 - ecotoxicity: freshwater - comparative toxic unit for ecosystems (CTUe),CTUe,CL,2045,FE_nylon,194487252.4494573,202162312708.52072
EF v3.1 - ecotoxicity: freshwater - comparative toxic unit for ecosystems (CTUe),CTUe,CL,2045,FE_polyols,0.0,202162312708.52072
EF v3.1 - ecotoxicity: freshwater - comparative toxic unit for ecosystems (CTUe),CTUe,CL,2045,FE_polyols_lignin,0.0,202162312708.52072
EF v3.1 - ecotoxicity: freshwater - comparative toxic unit for ecosystems (CTUe),CTUe,CL,2045,FE_polyols_retrofit,113234174466.3548,202162312708.52072
EF v3.1 - ecotoxicity: freshwater - comparative toxic unit for ecosystems (CTUe),CTUe,CL,2050,FE_CC_MTO_with_loop,3108303.528316142,83433875633.13997
EF v3.1 - ecotoxicity: freshwater - comparative toxic unit for ecosystems (CTUe),CTUe,CL,2050,FE_CC_gasification,9614101.305518247,83433875633.13997
EF v3.1 - ecotoxicity: freshwater - comparative toxic unit for ecosystems (CTUe),CTUe,CL,2050,FE_CC_waste_pyrolysis,6021328.353343214,83433875633.13997
EF v3.1 - ecotoxicity: freshwater - comparative toxic unit for ecosystems (CTUe),CTUe,CL,2050,FE_MDI,3230571711.4471946,83433875633.13997
EF v3.1 - ecotoxicity: freshwater - comparative toxic unit for ecosystems (CTUe),CTUe,CL,2050,FE_PBS,655949773.0665059,83433875633.13997
EF v3.1 - ecotoxicity: freshwater - comparative toxic unit for ecosystems (CTUe),CTUe,CL,2050,FE_PET,4885119350.74498,83433875633.13997
EF v3.1 - ecotoxicity: freshwater - comparative toxic unit for ecosystems (CTUe),CTUe,CL,2050,FE_PLA,0.0,83433875633.13997
EF v3.1 - ecotoxicity: freshwater - comparative toxic unit for ecosystems (CTUe),CTUe,CL,2050,FE_PMMA,52482462128.761696,83433875633.13997
EF v3.1 - ecotoxicity: freshwater - comparative toxic unit for ecosystems (CTUe),CTUe,CL,2050,FE_PPP,8153319913.79544,83433875633.13997
EF v3.1 - ecotoxicity: freshwater - comparative toxic unit for ecosystems (CTUe),CTUe,CL,2050,FE_PVC,8714756438.08476,83433875633.13997
EF v3.1 - ecotoxicity: freshwater - comparative toxic unit for ecosystems (CTUe),CTUe,CL,2050,FE_nylon,723077967.7825637,83433875633.13997
EF v3.1 - ecotoxicity: freshwater - comparative toxic unit for ecosystems (CTUe),CTUe,CL,2050,FE_polyols,0.0,83433875633.13997
EF v3.1 - ecotoxicity: freshwater - comparative toxic unit for ecosystems (CTUe),CTUe,CL,2050,FE_polyols_lignin,4569874616.269651,83433875633.13997
EF v3.1 - ecotoxicity: freshwater - comparative toxic unit for ecosystems (CTUe),CTUe,CL,2050,FE_polyols_retrofit,0.0,83433875633.13997
EF v3.1 - ecotoxicity: freshwater - comparative toxic unit for ecosystems (CTUe),CTUe,OCE,2025,FE_CC_MTO_with_loop,0.0,196594781696.5958
EF v3.1 - ecotoxicity: freshwater - comparative toxic unit for ecosystems (CTUe),CTUe,OCE,2025,FE_CC_gasification,0.0,196594781696.5958
EF v3.1 - ecotoxicity: freshwater - comparative toxic unit for ecosystems (CTUe),CTUe,OCE,2025,FE_CC_waste_pyrolysis,607258.9433138605,196594781696.5958
EF v3.1 - ecotoxicity: freshwater - comparative toxic unit for ecosystems (CTUe),CTUe,OCE,2025,FE_MDI,35684382301.881386,196594781696.5958
EF v3.1 - ecotoxicity: freshwater - comparative toxic unit for ecosystems (CTUe),CTUe,OCE,2025,FE_PBS,0.0,196594781696.5958
EF v3.1 - ecotoxicity: freshwater - comparative toxic unit for ecosystems (CTUe),CTUe,OCE,2025,FE_PET,3584962609.607694,196594781696.5958
EF v3.1 - ecotoxicity: freshwater - comparative toxic unit for ecosystems (CTUe),CTUe,OCE,2025,FE_PLA,0.0,196594781696.5958
EF v3.1 - ecotoxicity: freshwater - comparative toxic unit for ecosystems (CTUe),CTUe,OCE,2025,FE_PMMA,52431679384.30648,196594781696.5958
EF v3.1 - ecotoxicity: freshwater - comparative toxic unit for ecosystems (CTUe),CTUe,OCE,2025,FE_PPP,1665027082.7967405,196594781696.5958
EF v3.1 - ecotoxicity: freshwater - comparative toxic unit for ecosystems (CTUe),CTUe,OCE,2025,FE_PVC,5654789241.32503,196594781696.5958
EF v3.1 - ecotoxicity: freshwater - comparative toxic unit for ecosystems (CTUe),CTUe,OCE,2025,FE_nylon,541845702.276796,196594781696.5958
EF v3.1 - ecotoxicity: freshwater - comparative toxic unit for ecosystems (CTUe),CTUe,OCE,2025,FE_polyols,70998649840.56741,196594781696.5958
EF v3.1 - ecotoxicity: freshwater - comparative toxic unit for ecosystems (CTUe),CTUe,OCE,2025,FE_polyols_lignin,0.0,196594781696.5958
EF v3.1 - ecotoxicity: freshwater - comparative toxic unit for ecosystems (CTUe),CTUe,OCE,2025,FE_polyols_retrofit,26032838274.89095,196594781696.5958
EF v3.1 - ecotoxicity: freshwater - comparative toxic unit for ecosystems (CTUe),CTUe,OCE,2030,FE_CC_MTO_with_loop,412844.26397661236,198456281907.92358
EF v3.1 - ecotoxicity: freshwater - comparative toxic unit for ecosystems (CTUe),CTUe,OCE,2030,FE_CC_gasification,1652173.8206913047,198456281907.92358
EF v3.1 - ecotoxicity: freshwater - comparative toxic unit for ecosystems (CTUe),CTUe,OCE,2030,FE_CC_waste_pyrolysis,-5.657577052746213e-11,198456281907.92358
EF v3.1 - ecotoxicity: freshwater - comparative toxic unit for ecosystems (CTUe),CTUe,OCE,2030,FE_MDI,32191667433.68566,198456281907.92358
EF v3.1 - ecotoxicity: freshwater - comparative toxic unit for ecosystems (CTUe),CTUe,OCE,2030,FE_PBS,0.0,198456281907.92358
EF v3.1 - ecotoxicity: freshwater - comparative toxic unit for ecosystems (CTUe),CTUe,OCE,2030,FE_PET,3411020479.469958,198456281907.92358
EF v3.1 - ecotoxicity: freshwater - comparative toxic unit for ecosystems (CTUe),CTUe,OCE,2030,FE_PLA,3673648776.322501,198456281907.92358
EF v3.1 - ecotoxicity: freshwater - comparative toxic unit for ecosystems (CTUe),CTUe,OCE,2030,FE_PMMA,52420119071.65292,198456281907.92358
EF v3.1 - ecotoxicity: freshwater - comparative toxic unit for ecosystems (CTUe),CTUe,OCE,2030,FE_PPP,1619318871.9920235,198456281907.92358
EF v3.1 - ecotoxicity: freshwater - comparative toxic unit for ecosystems (CTUe),CTUe,OCE,2030,FE_PVC,5498577197.553282,198456281907.92358
EF v3.1 - ecotoxicity: freshwater - comparative toxic unit for ecosystems (CTUe),CTUe,OCE,2030,FE_nylon,497997909.23615867,198456281907.92358
EF v3.1 - ecotoxicity: freshwater - comparative toxic unit for ecosystems (CTUe),CTUe,OCE,2030,FE_polyols,47210412928.56712,198456281907.92358
EF v3.1 - ecotoxicity: freshwater - comparative toxic unit for ecosystems (CTUe),CTUe,OCE,2030,FE_polyols_lignin,0.0,198456281907.92358
EF v3.1 - ecotoxicity: freshwater - comparative toxic unit for ecosystems (CTUe),CTUe,OCE,2030,FE_polyols_retrofit,51931454221.3593,198456281907.92358
EF v3.1 - ecotoxicity: freshwater - comparative toxic unit for ecosystems (CTUe),CTUe,OCE,2035,FE_CC_MTO_with_loop,971718.5261230349,191616442356.72644
EF v3.1 - ecotoxicity: freshwater - comparative toxic unit for ecosystems (CTUe),CTUe,OCE,2035,FE_CC_gasification,11896592.08519034,191616442356.72644
EF v3.1 - ecotoxicity: freshwater - comparative toxic unit for ecosystems (CTUe),CTUe,OCE,2035,FE_CC_waste_pyrolysis,4010392.1909239586,191616442356.72644
EF v3.1 - ecotoxicity: freshwater - comparative toxic unit for ecosystems (CTUe),CTUe,OCE,2035,FE_MDI,26370539536.249737,191616442356.72644
EF v3.1 - ecotoxicity: freshwater - comparative toxic unit for ecosystems (CTUe),CTUe,OCE,2035,FE_PBS,671106860.1144909,191616442356.72644
EF v3.1 - ecotoxicity: freshwater - comparative toxic unit for ecosystems (CTUe),CTUe,OCE,2035,FE_PET,3504080950.0326567,191616442356.72644
EF v3.1 - ecotoxicity: freshwater - comparative toxic unit for ecosystems (CTUe),CTUe,OCE,2035,FE_PLA,3650209930.245635,191616442356.72644
EF v3.1 - ecotoxicity: freshwater - comparative toxic unit for ecosystems (CTUe),CTUe,OCE,2035,FE_PMMA,52452357606.48319,191616442356.72644
EF v3.1 - ecotoxicity: freshwater - comparative toxic unit for ecosystems (CTUe),CTUe,OCE,2035,FE_PPP,0.0,191616442356.72644
EF v3.1 - ecotoxicity: freshwater - comparative toxic unit for ecosystems (CTUe),CTUe,OCE,2035,FE_PVC,2483580102.643786,191616442356.72644
EF v3.1 - ecotoxicity: freshwater - comparative toxic unit for ecosystems (CTUe),CTUe,OCE,2035,FE_nylon,529552401.2043775,191616442356.72644
EF v3.1 - ecotoxicity: freshwater - comparative toxic unit for ecosystems (CTUe),CTUe,OCE,2035,FE_polyols,23706543317.73653,191616442356.72644
EF v3.1 - ecotoxicity: freshwater - comparative toxic unit for ecosystems (CTUe),CTUe,OCE,2035,FE_polyols_lignin,0.0,191616442356.72644
EF v3.1 - ecotoxicity: freshwater - comparative toxic unit for ecosystems (CTUe),CTUe,OCE,2035,FE_polyols_retrofit,78231592949.21382,191616442356.72644
EF v3.1 - ecotoxicity: freshwater - comparative toxic unit for ecosystems (CTUe),CTUe,OCE,2040,FE_CC_MTO_with_loop,939709.6822705506,208587146904.59888
EF v3.1 - ecotoxicity: freshwater - comparative toxic unit for ecosystems (CTUe),CTUe,OCE,2040,FE_CC_gasification,9917860.07234542,208587146904.59888
EF v3.1 - ecotoxicity: freshwater - comparative toxic unit for ecosystems (CTUe),CTUe,OCE,2040,FE_CC_waste_pyrolysis,5963004.918590794,208587146904.59888
EF v3.1 - ecotoxicity: freshwater - comparative toxic unit for ecosystems (CTUe),CTUe,OCE,2040,FE_MDI,26823182360.18357,208587146904.59888
EF v3.1 - ecotoxicity: freshwater - comparative toxic unit for ecosystems (CTUe),CTUe,OCE,2040,FE_PBS,666143761.9968914,208587146904.59888
EF v3.1 - ecotoxicity: freshwater - comparative toxic unit for ecosystems (CTUe),CTUe,OCE,2040,FE_PET,4801935587.024586,208587146904.59888
EF v3.1 - ecotoxicity: freshwater - comparative toxic unit for ecosystems (CTUe),CTUe,OCE,2040,FE_PLA,3657141722.8529763,208587146904.59888
EF v3.1 - ecotoxicity: freshwater - comparative toxic unit for ecosystems (CTUe),CTUe,OCE,2040,FE_PMMA,52462753825.335495,208587146904.59888
EF v3.1 - ecotoxicity: freshwater - comparative toxic unit for ecosystems (CTUe),CTUe,OCE,2040,FE_PPP,0.0,208587146904.59888
EF v3.1 - ecotoxicity: freshwater - comparative toxic unit for ecosystems (CTUe),CTUe,OCE,2040,FE_PVC,8495171675.174025,208587146904.59888
EF v3.1 - ecotoxicity: freshwater - comparative toxic unit for ecosystems (CTUe),CTUe,OCE,2040,FE_nylon,751933557.9669471,208587146904.59888
EF v3.1 - ecotoxicity: freshwater - comparative toxic unit for ecosystems (CTUe),CTUe,OCE,2040,FE_polyols,0.0,208587146904.59888
EF v3.1 - ecotoxicity: freshwater - comparative toxic unit for ecosystems (CTUe),CTUe,OCE,2040,FE_polyols_lignin,0.0,208587146904.59888
EF v3.1 - ecotoxicity: freshwater - comparative toxic unit for ecosystems (CTUe),CTUe,OCE,2040,FE_polyols_retrofit,110912063839.39116,208587146904.59888
EF v3.1 - ecotoxicity: freshwater - comparative toxic unit for ecosystems (CTUe),CTUe,OCE,2045,FE_CC_MTO_with_loop,5516489.039127915,239716466841.27283
EF v3.1 - ecotoxicity: freshwater - comparative toxic unit for ecosystems (CTUe),CTUe,OCE,2045,FE_CC_gasification,10011262.061296621,239716466841.27283
EF v3.1 - ecotoxicity: freshwater - comparative toxic unit for ecosystems (CTUe),CTUe,OCE,2045,FE_CC_waste_pyrolysis,11441582.146785172,239716466841.27283
EF v3.1 - ecotoxicity: freshwater - comparative toxic unit for ecosystems (CTUe),CTUe,OCE,2045,FE_MDI,44526842995.62822,239716466841.27283
EF v3.1 - ecotoxicity: freshwater - comparative toxic unit for ecosystems (CTUe),CTUe,OCE,2045,FE_PBS,0.0,239716466841.27283
EF v3.1 - ecotoxicity: freshwater - comparative toxic unit for ecosystems (CTUe),CTUe,OCE,2045,FE_PET,8770510286.989906,239716466841.27283
EF v3.1 - ecotoxicity: freshwater - comparative toxic unit for ecosystems (CTUe),CTUe,OCE,2045,FE_PLA,3629642203.5906944,239716466841.27283
EF v3.1 - ecotoxicity: freshwater - comparative toxic unit for ecosystems (CTUe),CTUe,OCE,2045,FE_PMMA,52491776130.567345,239716466841.27283
EF v3.1 - ecotoxicity: freshwater - comparative toxic unit for ecosystems (CTUe),CTUe,OCE,2045,FE_PPP,6439074141.092229,239716466841.27283
EF v3.1 - ecotoxicity: freshwater - comparative toxic unit for ecosystems (CTUe),CTUe,OCE,2045,FE_PVC,9142079293.80212,239716466841.27283
EF v3.1 - ecotoxicity: freshwater - comparative toxic unit for ecosystems (CTUe),CTUe,OCE,2045,FE_nylon,751879875.9929577,239716466841.27283
EF v3.1 - ecotoxicity: freshwater - comparative toxic unit for ecosystems (CTUe),CTUe,OCE,2045,FE_polyols,0.0,239716466841.27283
EF v3.1 - ecotoxicity: freshwater - comparative toxic unit for ecosystems (CTUe),CTUe,OCE,2045,FE_polyols_lignin,0.0,239716466841.27283
EF v3.1 - ecotoxicity: freshwater - comparative toxic unit for ecosystems (CTUe),CTUe,OCE,2045,FE_polyols_retrofit,113937692580.36215,239716466841.27283
EF v3.1 - ecotoxicity: freshwater - comparative toxic unit for ecosystems (CTUe),CTUe,OCE,2050,FE_CC_MTO_with_loop,8904060.550863488,242813225231.9577
EF v3.1 - ecotoxicity: freshwater - comparative toxic unit for ecosystems (CTUe),CTUe,OCE,2050,FE_CC_gasification,8382894.422209211,242813225231.9577
EF v3.1 - ecotoxicity: freshwater - comparative toxic unit for ecosystems (CTUe),CTUe,OCE,2050,FE_CC_waste_pyrolysis,10912339.701670242,242813225231.9577
EF v3.1 - ecotoxicity: freshwater - comparative toxic unit for ecosystems (CTUe),CTUe,OCE,2050,FE_MDI,52946356576.60518,242813225231.9577
EF v3.1 - ecotoxicity: freshwater - comparative toxic unit for ecosystems (CTUe),CTUe,OCE,2050,FE_PBS,0.0,242813225231.9577
EF v3.1 - ecotoxicity: freshwater - comparative toxic unit for ecosystems (CTUe),CTUe,OCE,2050,FE_PET,4818796678.996445,242813225231.9577
EF v3.1 - ecotoxicity: freshwater - comparative toxic unit for ecosystems (CTUe),CTUe,OCE,2050,FE_PLA,5452580030.011522,242813225231.9577
EF v3.1 - ecotoxicity: freshwater - comparative toxic unit for ecosystems (CTUe),CTUe,OCE,2050,FE_PMMA,52482461369.48305,242813225231.9577
EF v3.1 - ecotoxicity: freshwater - comparative toxic unit for ecosystems (CTUe),CTUe,OCE,2050,FE_PPP,5812757865.94761,242813225231.9577
EF v3.1 - ecotoxicity: freshwater - comparative toxic unit for ecosystems (CTUe),CTUe,OCE,2050,FE_PVC,8250287266.330696,242813225231.9577
EF v3.1 - ecotoxicity: freshwater - comparative toxic unit for ecosystems (CTUe),CTUe,OCE,2050,FE_nylon,751825283.3980283,242813225231.9577
EF v3.1 - ecotoxicity: freshwater - comparative toxic unit for ecosystems (CTUe),CTUe,OCE,2050,FE_polyols,0.0,242813225231.9577
EF v3.1 - ecotoxicity: freshwater - comparative toxic unit for ecosystems (CTUe),CTUe,OCE,2050,FE_polyols_lignin,0.0,242813225231.9577
EF v3.1 - ecotoxicity: freshwater - comparative toxic unit for ecosystems (CTUe),CTUe,OCE,2050,FE_polyols_retrofit,112269960866.51044,242813225231.9577
EF v3.1 - eutrophication: terrestrial - accumulated exceedance (AE),mol N-eq.,CL,2025,FE_CC_MTO_with_loop,0.0,42596354.03221163
EF v3.1 - eutrophication: terrestrial - accumulated exceedance (AE),mol N-eq.,CL,2025,FE_CC_gasification,463.26634648225354,42596354.03221163
EF v3.1 - eutrophication: terrestrial - accumulated exceedance (AE),mol N-eq.,CL,2025,FE_CC_waste_pyrolysis,2190.684384847375,42596354.03221163
EF v3.1 - eutrophication: terrestrial - accumulated exceedance (AE),mol N-eq.,CL,2025,FE_MDI,10711879.16998965,42596354.03221163
EF v3.1 - eutrophication: terrestrial - accumulated exceedance (AE),mol N-eq.,CL,2025,FE_PBS,0.0,42596354.03221163
EF v3.1 - eutrophication: terrestrial - accumulated exceedance (AE),mol N-eq.,CL,2025,FE_PET,6771717.894858257,42596354.03221163
EF v3.1 - eutrophication: terrestrial - accumulated exceedance (AE),mol N-eq.,CL,2025,FE_PLA,0.0,42596354.03221163
EF v3.1 - eutrophication: terrestrial - accumulated exceedance (AE),mol N-eq.,CL,2025,FE_PMMA,1084057.9590926783,42596354.03221163
EF v3.1 - eutrophication: terrestrial - accumulated exceedance (AE),mol N-eq.,CL,2025,FE_PPP,2459605.7205886557,42596354.03221163
EF v3.1 - eutrophication: terrestrial - accumulated exceedance (AE),mol N-eq.,CL,2025,FE_PVC,5175798.680119777,42596354.03221163
EF v3.1 - eutrophication: terrestrial - accumulated exceedance (AE),mol N-eq.,CL,2025,FE_nylon,4347746.607155229,42596354.03221163
EF v3.1 - eutrophication: terrestrial - accumulated exceedance (AE),mol N-eq.,CL,2025,FE_polyols,8811873.694872942,42596354.03221163
EF v3.1 - eutrophication: terrestrial - accumulated exceedance (AE),mol N-eq.,CL,2025,FE_polyols_lignin,0.0,42596354.03221163
EF v3.1 - eutrophication: terrestrial - accumulated exceedance (AE),mol N-eq.,CL,2025,FE_polyols_retrofit,3231020.3548031156,42596354.03221163
EF v3.1 - eutrophication: terrestrial - accumulated exceedance (AE),mol N-eq.,CL,2030,FE_CC_MTO_with_loop,4176.844383406723,38248471.91726749
EF v3.1 - eutrophication: terrestrial - accumulated exceedance (AE),mol N-eq.,CL,2030,FE_CC_gasification,51196.81778717918,38248471.91726749
EF v3.1 - eutrophication: terrestrial - accumulated exceedance (AE),mol N-eq.,CL,2030,FE_CC_waste_pyrolysis,1973.9277302822954,38248471.91726749
EF v3.1 - eutrophication: terrestrial - accumulated exceedance (AE),mol N-eq.,CL,2030,FE_MDI,5351411.578626756,38248471.91726749
EF v3.1 - eutrophication: terrestrial - accumulated exceedance (AE),mol N-eq.,CL,2030,FE_PBS,0.0,38248471.91726749
EF v3.1 - eutrophication: terrestrial - accumulated exceedance (AE),mol N-eq.,CL,2030,FE_PET,6203686.489813196,38248471.91726749
EF v3.1 - eutrophication: terrestrial - accumulated exceedance (AE),mol N-eq.,CL,2030,FE_PLA,6867175.392114074,38248471.91726749
EF v3.1 - eutrophication: terrestrial - accumulated exceedance (AE),mol N-eq.,CL,2030,FE_PMMA,1040486.027382421,38248471.91726749
EF v3.1 - eutrophication: terrestrial - accumulated exceedance (AE),mol N-eq.,CL,2030,FE_PPP,2266043.7445623158,38248471.91726749
EF v3.1 - eutrophication: terrestrial - accumulated exceedance (AE),mol N-eq.,CL,2030,FE_PVC,1359840.8594644156,38248471.91726749
EF v3.1 - eutrophication: terrestrial - accumulated exceedance (AE),mol N-eq.,CL,2030,FE_nylon,3996331.6018561157,38248471.91726749
EF v3.1 - eutrophication: terrestrial - accumulated exceedance (AE),mol N-eq.,CL,2030,FE_polyols,5288642.206693688,38248471.91726749
EF v3.1 - eutrophication: terrestrial - accumulated exceedance (AE),mol N-eq.,CL,2030,FE_polyols_lignin,0.0,38248471.91726749
EF v3.1 - eutrophication: terrestrial - accumulated exceedance (AE),mol N-eq.,CL,2030,FE_polyols_retrofit,5817506.426853634,38248471.91726749
EF v3.1 - eutrophication: terrestrial - accumulated exceedance (AE),mol N-eq.,CL,2035,FE_CC_MTO_with_loop,3993.7305942266794,35970108.29048343
EF v3.1 - eutrophication: terrestrial - accumulated exceedance (AE),mol N-eq.,CL,2035,FE_CC_gasification,33132.300898428344,35970108.29048343
EF v3.1 - eutrophication: terrestrial - accumulated exceedance (AE),mol N-eq.,CL,2035,FE_CC_waste_pyrolysis,11516.716360199756,35970108.29048343
EF v3.1 - eutrophication: terrestrial - accumulated exceedance (AE),mol N-eq.,CL,2035,FE_MDI,5347206.290707176,35970108.29048343
EF v3.1 - eutrophication: terrestrial - accumulated exceedance (AE),mol N-eq.,CL,2035,FE_PBS,0.0,35970108.29048343
EF v3.1 - eutrophication: terrestrial - accumulated exceedance (AE),mol N-eq.,CL,2035,FE_PET,5961310.013625292,35970108.29048343
EF v3.1 - eutrophication: terrestrial - accumulated exceedance (AE),mol N-eq.,CL,2035,FE_PLA,6662830.865189051,35970108.29048343
EF v3.1 - eutrophication: terrestrial - accumulated exceedance (AE),mol N-eq.,CL,2035,FE_PMMA,1024522.4206978035,35970108.29048343
EF v3.1 - eutrophication: terrestrial - accumulated exceedance (AE),mol N-eq.,CL,2035,FE_PPP,899212.8717982487,35970108.29048343
EF v3.1 - eutrophication: terrestrial - accumulated exceedance (AE),mol N-eq.,CL,2035,FE_PVC,2953269.1938609406,35970108.29048343
EF v3.1 - eutrophication: terrestrial - accumulated exceedance (AE),mol N-eq.,CL,2035,FE_nylon,1409819.6694419999,35970108.29048343
EF v3.1 - eutrophication: terrestrial - accumulated exceedance (AE),mol N-eq.,CL,2035,FE_polyols,2712394.003680725,35970108.29048343
EF v3.1 - eutrophication: terrestrial - accumulated exceedance (AE),mol N-eq.,CL,2035,FE_polyols_lignin,0.0,35970108.29048343
EF v3.1 - eutrophication: terrestrial - accumulated exceedance (AE),mol N-eq.,CL,2035,FE_polyols_retrofit,8950900.213629343,35970108.29048343
EF v3.1 - eutrophication: terrestrial - accumulated exceedance (AE),mol N-eq.,CL,2040,FE_CC_MTO_with_loop,5188.787592124654,41372809.861111686
EF v3.1 - eutrophication: terrestrial - accumulated exceedance (AE),mol N-eq.,CL,2040,FE_CC_gasification,12222.592253940084,41372809.861111686
EF v3.1 - eutrophication: terrestrial - accumulated exceedance (AE),mol N-eq.,CL,2040,FE_CC_waste_pyrolysis,12562.586635586571,41372809.861111686
EF v3.1 - eutrophication: terrestrial - accumulated exceedance (AE),mol N-eq.,CL,2040,FE_MDI,0.0,41372809.861111686
EF v3.1 - eutrophication: terrestrial - accumulated exceedance (AE),mol N-eq.,CL,2040,FE_PBS,0.0,41372809.861111686
EF v3.1 - eutrophication: terrestrial - accumulated exceedance (AE),mol N-eq.,CL,2040,FE_PET,8102763.798965218,41372809.861111686
EF v3.1 - eutrophication: terrestrial - accumulated exceedance (AE),mol N-eq.,CL,2040,FE_PLA,5159986.957459026,41372809.861111686
EF v3.1 - eutrophication: terrestrial - accumulated exceedance (AE),mol N-eq.,CL,2040,FE_PMMA,976726.3264133102,41372809.861111686
EF v3.1 - eutrophication: terrestrial - accumulated exceedance (AE),mol N-eq.,CL,2040,FE_PPP,2560090.9934420455,41372809.861111686
EF v3.1 - eutrophication: terrestrial - accumulated exceedance (AE),mol N-eq.,CL,2040,FE_PVC,6112056.357536058,41372809.861111686
EF v3.1 - eutrophication: terrestrial - accumulated exceedance (AE),mol N-eq.,CL,2040,FE_nylon,1485954.7772613894,41372809.861111686
EF v3.1 - eutrophication: terrestrial - accumulated exceedance (AE),mol N-eq.,CL,2040,FE_polyols,0.0,41372809.861111686
EF v3.1 - eutrophication: terrestrial - accumulated exceedance (AE),mol N-eq.,CL,2040,FE_polyols_lignin,0.0,41372809.861111686
EF v3.1 - eutrophication: terrestrial - accumulated exceedance (AE),mol N-eq.,CL,2040,FE_polyols_retrofit,16945256.68355299,41372809.861111686
EF v3.1 - eutrophication: terrestrial - accumulated exceedance (AE),mol N-eq.,CL,2045,FE_CC_MTO_with_loop,5746.85423040589,47842800.4045438
EF v3.1 - eutrophication: terrestrial - accumulated exceedance (AE),mol N-eq.,CL,2045,FE_CC_gasification,11902.795986872314,47842800.4045438
EF v3.1 - eutrophication: terrestrial - accumulated exceedance (AE),mol N-eq.,CL,2045,FE_CC_waste_pyrolysis,10562.785516969776,47842800.4045438
EF v3.1 - eutrophication: terrestrial - accumulated exceedance (AE),mol N-eq.,CL,2045,FE_MDI,4078483.497925398,47842800.4045438
EF v3.1 - eutrophication: terrestrial - accumulated exceedance (AE),mol N-eq.,CL,2045,FE_PBS,848502.4180320055,47842800.4045438
EF v3.1 - eutrophication: terrestrial - accumulated exceedance (AE),mol N-eq.,CL,2045,FE_PET,8209224.808179976,47842800.4045438
EF v3.1 - eutrophication: terrestrial - accumulated exceedance (AE),mol N-eq.,CL,2045,FE_PLA,6335964.702901812,47842800.4045438
EF v3.1 - eutrophication: terrestrial - accumulated exceedance (AE),mol N-eq.,CL,2045,FE_PMMA,936118.3686795121,47842800.4045438
EF v3.1 - eutrophication: terrestrial - accumulated exceedance (AE),mol N-eq.,CL,2045,FE_PPP,0.0,47842800.4045438
EF v3.1 - eutrophication: terrestrial - accumulated exceedance (AE),mol N-eq.,CL,2045,FE_PVC,7129830.487443368,47842800.4045438
EF v3.1 - eutrophication: terrestrial - accumulated exceedance (AE),mol N-eq.,CL,2045,FE_nylon,1560694.9951430766,47842800.4045438
EF v3.1 - eutrophication: terrestrial - accumulated exceedance (AE),mol N-eq.,CL,2045,FE_polyols,0.0,47842800.4045438
EF v3.1 - eutrophication: terrestrial - accumulated exceedance (AE),mol N-eq.,CL,2045,FE_polyols_lignin,0.0,47842800.4045438
EF v3.1 - eutrophication: terrestrial - accumulated exceedance (AE),mol N-eq.,CL,2045,FE_polyols_retrofit,18715768.6905044,47842800.4045438
EF v3.1 - eutrophication: terrestrial - accumulated exceedance (AE),mol N-eq.,CL,2050,FE_CC_MTO_with_loop,5142.00321692319,29049283.745075393
EF v3.1 - eutrophication: terrestrial - accumulated exceedance (AE),mol N-eq.,CL,2050,FE_CC_gasification,15904.412005606266,29049283.745075393
EF v3.1 - eutrophication: terrestrial - accumulated exceedance (AE),mol N-eq.,CL,2050,FE_CC_waste_pyrolysis,9960.960813244114,29049283.745075393
EF v3.1 - eutrophication: terrestrial - accumulated exceedance (AE),mol N-eq.,CL,2050,FE_MDI,882719.9998074778,29049283.745075393
EF v3.1 - eutrophication: terrestrial - accumulated exceedance (AE),mol N-eq.,CL,2050,FE_PBS,816312.4094105448,29049283.745075393
EF v3.1 - eutrophication: terrestrial - accumulated exceedance (AE),mol N-eq.,CL,2050,FE_PET,5831581.014556892,29049283.745075393
EF v3.1 - eutrophication: terrestrial - accumulated exceedance (AE),mol N-eq.,CL,2050,FE_PLA,0.0,29049283.745075393
EF v3.1 - eutrophication: terrestrial - accumulated exceedance (AE),mol N-eq.,CL,2050,FE_PMMA,850450.8111217857,29049283.745075393
EF v3.1 - eutrophication: terrestrial - accumulated exceedance (AE),mol N-eq.,CL,2050,FE_PPP,7779063.013785522,29049283.745075393
EF v3.1 - eutrophication: terrestrial - accumulated exceedance (AE),mol N-eq.,CL,2050,FE_PVC,6355525.4631421175,29049283.745075393
EF v3.1 - eutrophication: terrestrial - accumulated exceedance (AE),mol N-eq.,CL,2050,FE_nylon,5802260.323031788,29049283.745075393
EF v3.1 - eutrophication: terrestrial - accumulated exceedance (AE),mol N-eq.,CL,2050,FE_polyols,0.0,29049283.745075393
EF v3.1 - eutrophication: terrestrial - accumulated exceedance (AE),mol N-eq.,CL,2050,FE_polyols_lignin,700363.3341834903,29049283.745075393
EF v3.1 - eutrophication: terrestrial - accumulated exceedance (AE),mol N-eq.,CL,2050,FE_polyols_retrofit,0.0,29049283.745075393
EF v3.1 - eutrophication: terrestrial - accumulated exceedance (AE),mol N-eq.,OCE,2025,FE_CC_MTO_with_loop,0.0,42585406.391284466
EF v3.1 - eutrophication: terrestrial - accumulated exceedance (AE),mol N-eq.,OCE,2025,FE_CC_gasification,0.0,42585406.391284466
EF v3.1 - eutrophication: terrestrial - accumulated exceedance (AE),mol N-eq.,OCE,2025,FE_CC_waste_pyrolysis,2190.6843644932674,42585406.391284466
EF v3.1 - eutrophication: terrestrial - accumulated exceedance (AE),mol N-eq.,OCE,2025,FE_MDI,10706087.318627553,42585406.391284466
EF v3.1 - eutrophication: terrestrial - accumulated exceedance (AE),mol N-eq.,OCE,2025,FE_PBS,0.0,42585406.391284466
EF v3.1 - eutrophication: terrestrial - accumulated exceedance (AE),mol N-eq.,OCE,2025,FE_PET,6769704.7933037495,42585406.391284466
EF v3.1 - eutrophication: terrestrial - accumulated exceedance (AE),mol N-eq.,OCE,2025,FE_PLA,0.0,42585406.391284466
EF v3.1 - eutrophication: terrestrial - accumulated exceedance (AE),mol N-eq.,OCE,2025,FE_PMMA,1084057.9538437899,42585406.391284466
EF v3.1 - eutrophication: terrestrial - accumulated exceedance (AE),mol N-eq.,OCE,2025,FE_PPP,2459796.1650650357,42585406.391284466
EF v3.1 - eutrophication: terrestrial - accumulated exceedance (AE),mol N-eq.,OCE,2025,FE_PVC,5175798.362547839,42585406.391284466
EF v3.1 - eutrophication: terrestrial - accumulated exceedance (AE),mol N-eq.,OCE,2025,FE_nylon,4347746.607049512,42585406.391284466
EF v3.1 - eutrophication: terrestrial - accumulated exceedance (AE),mol N-eq.,OCE,2025,FE_polyols,8809774.029104387,42585406.391284466
EF v3.1 - eutrophication: terrestrial - accumulated exceedance (AE),mol N-eq.,OCE,2025,FE_polyols_lignin,0.0,42585406.391284466
EF v3.1 - eutrophication: terrestrial - accumulated exceedance (AE),mol N-eq.,OCE,2025,FE_polyols_retrofit,3230250.4773781043,42585406.391284466
EF v3.1 - eutrophication: terrestrial - accumulated exceedance (AE),mol N-eq.,OCE,2030,FE_CC_MTO_with_loop,1325.7456244349303,43335813.72897822
EF v3.1 - eutrophication: terrestrial - accumulated exceedance (AE),mol N-eq.,OCE,2030,FE_CC_gasification,5305.541107020336,43335813.72897822
EF v3.1 - eutrophication: terrestrial - accumulated exceedance (AE),mol N-eq.,OCE,2030,FE_CC_waste_pyrolysis,-1.8167887206834082e-13,43335813.72897822
EF v3.1 - eutrophication: terrestrial - accumulated exceedance (AE),mol N-eq.,OCE,2030,FE_MDI,9363380.83084586,43335813.72897822
EF v3.1 - eutrophication: terrestrial - accumulated exceedance (AE),mol N-eq.,OCE,2030,FE_PBS,0.0,43335813.72897822
EF v3.1 - eutrophication: terrestrial - accumulated exceedance (AE),mol N-eq.,OCE,2030,FE_PET,6243882.941488041,43335813.72897822
EF v3.1 - eutrophication: terrestrial - accumulated exceedance (AE),mol N-eq.,OCE,2030,FE_PLA,4527160.548328124,43335813.72897822
EF v3.1 - eutrophication: terrestrial - accumulated exceedance (AE),mol N-eq.,OCE,2030,FE_PMMA,1040486.1331357794,43335813.72897822
EF v3.1 - eutrophication: terrestrial - accumulated exceedance (AE),mol N-eq.,OCE,2030,FE_PPP,2301167.9275871497,43335813.72897822
EF v3.1 - eutrophication: terrestrial - accumulated exceedance (AE),mol N-eq.,OCE,2030,FE_PVC,4642372.784800196,43335813.72897822
EF v3.1 - eutrophication: terrestrial - accumulated exceedance (AE),mol N-eq.,OCE,2030,FE_nylon,3996331.604082608,43335813.72897822
EF v3.1 - eutrophication: terrestrial - accumulated exceedance (AE),mol N-eq.,OCE,2030,FE_polyols,5340190.320151751,43335813.72897822
EF v3.1 - eutrophication: terrestrial - accumulated exceedance (AE),mol N-eq.,OCE,2030,FE_polyols_lignin,0.0,43335813.72897822
EF v3.1 - eutrophication: terrestrial - accumulated exceedance (AE),mol N-eq.,OCE,2030,FE_polyols_retrofit,5874209.35182725,43335813.72897822
EF v3.1 - eutrophication: terrestrial - accumulated exceedance (AE),mol N-eq.,OCE,2035,FE_CC_MTO_with_loop,2430.0159022638927,37437851.27141096
EF v3.1 - eutrophication: terrestrial - accumulated exceedance (AE),mol N-eq.,OCE,2035,FE_CC_gasification,29750.289999789533,37437851.27141096
EF v3.1 - eutrophication: terrestrial - accumulated exceedance (AE),mol N-eq.,OCE,2035,FE_CC_waste_pyrolysis,10028.950293545375,37437851.27141096
EF v3.1 - eutrophication: terrestrial - accumulated exceedance (AE),mol N-eq.,OCE,2035,FE_MDI,7473352.451827198,37437851.27141096
EF v3.1 - eutrophication: terrestrial - accumulated exceedance (AE),mol N-eq.,OCE,2035,FE_PBS,910401.7945304862,37437851.27141096
EF v3.1 - eutrophication: terrestrial - accumulated exceedance (AE),mol N-eq.,OCE,2035,FE_PET,5967381.155424741,37437851.27141096
EF v3.1 - eutrophication: terrestrial - accumulated exceedance (AE),mol N-eq.,OCE,2035,FE_PLA,4392446.867326421,37437851.27141096
EF v3.1 - eutrophication: terrestrial - accumulated exceedance (AE),mol N-eq.,OCE,2035,FE_PMMA,1024522.5878497071,37437851.27141096
EF v3.1 - eutrophication: terrestrial - accumulated exceedance (AE),mol N-eq.,OCE,2035,FE_PPP,0.0,37437851.27141096
EF v3.1 - eutrophication: terrestrial - accumulated exceedance (AE),mol N-eq.,OCE,2035,FE_PVC,2009524.2228228305,37437851.27141096
EF v3.1 - eutrophication: terrestrial - accumulated exceedance (AE),mol N-eq.,OCE,2035,FE_nylon,4249710.108687343,37437851.27141096
EF v3.1 - eutrophication: terrestrial - accumulated exceedance (AE),mol N-eq.,OCE,2035,FE_polyols,2643791.354721701,37437851.27141096
EF v3.1 - eutrophication: terrestrial - accumulated exceedance (AE),mol N-eq.,OCE,2035,FE_polyols_lignin,0.0,37437851.27141096
EF v3.1 - eutrophication: terrestrial - accumulated exceedance (AE),mol N-eq.,OCE,2035,FE_polyols_retrofit,8724511.472024934,37437851.27141096
EF v3.1 - eutrophication: terrestrial - accumulated exceedance (AE),mol N-eq.,OCE,2040,FE_CC_MTO_with_loop,2015.7116406368712,51538447.14243865
EF v3.1 - eutrophication: terrestrial - accumulated exceedance (AE),mol N-eq.,OCE,2040,FE_CC_gasification,21274.172625521252,51538447.14243865
EF v3.1 - eutrophication: terrestrial - accumulated exceedance (AE),mol N-eq.,OCE,2040,FE_CC_waste_pyrolysis,12790.86366189219,51538447.14243865
EF v3.1 - eutrophication: terrestrial - accumulated exceedance (AE),mol N-eq.,OCE,2040,FE_MDI,7723462.422019139,51538447.14243865
EF v3.1 - eutrophication: terrestrial - accumulated exceedance (AE),mol N-eq.,OCE,2040,FE_PBS,880595.3668260993,51538447.14243865
EF v3.1 - eutrophication: terrestrial - accumulated exceedance (AE),mol N-eq.,OCE,2040,FE_PET,6917448.511043215,51538447.14243865
EF v3.1 - eutrophication: terrestrial - accumulated exceedance (AE),mol N-eq.,OCE,2040,FE_PLA,4323178.833722173,51538447.14243865
EF v3.1 - eutrophication: terrestrial - accumulated exceedance (AE),mol N-eq.,OCE,2040,FE_PMMA,976728.4939910243,51538447.14243865
EF v3.1 - eutrophication: terrestrial - accumulated exceedance (AE),mol N-eq.,OCE,2040,FE_PPP,0.0,51538447.14243865
EF v3.1 - eutrophication: terrestrial - accumulated exceedance (AE),mol N-eq.,OCE,2040,FE_PVC,7132901.465360449,51538447.14243865
EF v3.1 - eutrophication: terrestrial - accumulated exceedance (AE),mol N-eq.,OCE,2040,FE_nylon,6034194.224762617,51538447.14243865
EF v3.1 - eutrophication: terrestrial - accumulated exceedance (AE),mol N-eq.,OCE,2040,FE_polyols,0.0,51538447.14243865
EF v3.1 - eutrophication: terrestrial - accumulated exceedance (AE),mol N-eq.,OCE,2040,FE_polyols_lignin,0.0,51538447.14243865
EF v3.1 - eutrophication: terrestrial - accumulated exceedance (AE),mol N-eq.,OCE,2040,FE_polyols_retrofit,17513857.07678589,51538447.14243865
EF v3.1 - eutrophication: terrestrial - accumulated exceedance (AE),mol N-eq.,OCE,2045,FE_CC_MTO_with_loop,10260.654203050563,65391859.712228395
EF v3.1 - eutrophication: terrestrial - accumulated exceedance (AE),mol N-eq.,OCE,2045,FE_CC_gasification,18620.919476342016,65391859.712228395
EF v3.1 - eutrophication: terrestrial - accumulated exceedance (AE),mol N-eq.,OCE,2045,FE_CC_waste_pyrolysis,21281.310838409674,65391859.712228395
EF v3.1 - eutrophication: terrestrial - accumulated exceedance (AE),mol N-eq.,OCE,2045,FE_MDI,13170264.234528473,65391859.712228395
EF v3.1 - eutrophication: terrestrial - accumulated exceedance (AE),mol N-eq.,OCE,2045,FE_PBS,0.0,65391859.712228395
EF v3.1 - eutrophication: terrestrial - accumulated exceedance (AE),mol N-eq.,OCE,2045,FE_PET,8644694.861792952,65391859.712228395
EF v3.1 - eutrophication: terrestrial - accumulated exceedance (AE),mol N-eq.,OCE,2045,FE_PLA,4216882.273126359,65391859.712228395
EF v3.1 - eutrophication: terrestrial - accumulated exceedance (AE),mol N-eq.,OCE,2045,FE_PMMA,936118.9260042805,65391859.712228395
EF v3.1 - eutrophication: terrestrial - accumulated exceedance (AE),mol N-eq.,OCE,2045,FE_PPP,6556712.291015541,65391859.712228395
EF v3.1 - eutrophication: terrestrial - accumulated exceedance (AE),mol N-eq.,OCE,2045,FE_PVC,7019361.907008258,65391859.712228395
EF v3.1 - eutrophication: terrestrial - accumulated exceedance (AE),mol N-eq.,OCE,2045,FE_nylon,6033583.54429674,65391859.712228395
EF v3.1 - eutrophication: terrestrial - accumulated exceedance (AE),mol N-eq.,OCE,2045,FE_polyols,0.0,65391859.712228395
EF v3.1 - eutrophication: terrestrial - accumulated exceedance (AE),mol N-eq.,OCE,2045,FE_polyols_lignin,0.0,65391859.712228395
EF v3.1 - eutrophication: terrestrial - accumulated exceedance (AE),mol N-eq.,OCE,2045,FE_polyols_retrofit,18764078.789937988,65391859.712228395
EF v3.1 - eutrophication: terrestrial - accumulated exceedance (AE),mol N-eq.,OCE,2050,FE_CC_MTO_with_loop,14729.627237006616,60634145.11963206
EF v3.1 - eutrophication: terrestrial - accumulated exceedance (AE),mol N-eq.,OCE,2050,FE_CC_gasification,13867.483125486422,60634145.11963206
EF v3.1 - eutrophication: terrestrial - accumulated exceedance (AE),mol N-eq.,OCE,2050,FE_CC_waste_pyrolysis,18051.84208790776,60634145.11963206
EF v3.1 - eutrophication: terrestrial - accumulated exceedance (AE),mol N-eq.,OCE,2050,FE_MDI,14804309.564860834,60634145.11963206
EF v3.1 - eutrophication: terrestrial - accumulated exceedance (AE),mol N-eq.,OCE,2050,FE_PBS,0.0,60634145.11963206
EF v3.1 - eutrophication: terrestrial - accumulated exceedance (AE),mol N-eq.,OCE,2050,FE_PET,5628963.692820291,60634145.11963206
EF v3.1 - eutrophication: terrestrial - accumulated exceedance (AE),mol N-eq.,OCE,2050,FE_PLA,6258165.324965933,60634145.11963206
EF v3.1 - eutrophication: terrestrial - accumulated exceedance (AE),mol N-eq.,OCE,2050,FE_PMMA,850447.9411364673,60634145.11963206
EF v3.1 - eutrophication: terrestrial - accumulated exceedance (AE),mol N-eq.,OCE,2050,FE_PPP,5444818.6562317,60634145.11963206
EF v3.1 - eutrophication: terrestrial - accumulated exceedance (AE),mol N-eq.,OCE,2050,FE_PVC,5716870.662701926,60634145.11963206
EF v3.1 - eutrophication: terrestrial - accumulated exceedance (AE),mol N-eq.,OCE,2050,FE_nylon,6032940.057330325,60634145.11963206
EF v3.1 - eutrophication: terrestrial - accumulated exceedance (AE),mol N-eq.,OCE,2050,FE_polyols,0.0,60634145.11963206
EF v3.1 - eutrophication: terrestrial - accumulated exceedance (AE),mol N-eq.,OCE,2050,FE_polyols_lignin,0.0,60634145.11963206
EF v3.1 - eutrophication: terrestrial - accumulated exceedance (AE),mol N-eq.,OCE,2050,FE_polyols_retrofit,15850980.267134184,60634145.11963206
EF v3.1 - human toxicity: carcinogenic - comparative toxic unit for human (CTUh),CTUh,CL,2025,FE_CC_MTO_with_loop,0.0,7.735832184952063
EF v3.1 - human toxicity: carcinogenic - comparative toxic unit for human (CTUh),CTUh,CL,2025,FE_CC_gasification,1.2020786855503279e-05,7.735832184952063
EF v3.1 - human toxicity: carcinogenic - comparative toxic unit for human (CTUh),CTUh,CL,2025,FE_CC_waste_pyrolysis,5.684365000367212e-05,7.735832184952063
EF v3.1 - human toxicity: carcinogenic - comparative toxic unit for human (CTUh),CTUh,CL,2025,FE_MDI,1.4736272786125038,7.735832184952063
EF v3.1 - human toxicity: carcinogenic - comparative toxic unit for human (CTUh),CTUh,CL,2025,FE_PBS,0.0,7.735832184952063
EF v3.1 - human toxicity: carcinogenic - comparative toxic unit for human (CTUh),CTUh,CL,2025,FE_PET,0.2602753406742048,7.735832184952063
EF v3.1 - human toxicity: carcinogenic - comparative toxic unit for human (CTUh),CTUh,CL,2025,FE_PLA,0.0,7.735832184952063
EF v3.1 - human toxicity: carcinogenic - comparative toxic unit for human (CTUh),CTUh,CL,2025,FE_PMMA,0.016551634669924615,7.735832184952063
EF v3.1 - human toxicity: carcinogenic - comparative toxic unit for human (CTUh),CTUh,CL,2025,FE_PPP,0.06237321642221765,7.735832184952063
EF v3.1 - human toxicity: carcinogenic - comparative toxic unit for human (CTUh),CTUh,CL,2025,FE_PVC,1.6277939688935645,7.735832184952063
EF v3.1 - human toxicity: carcinogenic - comparative toxic unit for human (CTUh),CTUh,CL,2025,FE_nylon,0.014830170011431585,7.735832184952063
EF v3.1 - human toxicity: carcinogenic - comparative toxic unit for human (CTUh),CTUh,CL,2025,FE_polyols,3.131935398461264,7.735832184952063
EF v3.1 - human toxicity: carcinogenic - comparative toxic unit for human (CTUh),CTUh,CL,2025,FE_polyols_lignin,0.0,7.735832184952063
EF v3.1 - human toxicity: carcinogenic - comparative toxic unit for human (CTUh),CTUh,CL,2025,FE_polyols_retrofit,1.148376312770093,7.735832184952063
EF v3.1 - human toxicity: carcinogenic - comparative toxic unit for human (CTUh),CTUh,CL,2030,FE_CC_MTO_with_loop,0.00014303008164889738,6.070684045304185
EF v3.1 - human toxicity: carcinogenic - comparative toxic unit for human (CTUh),CTUh,CL,2030,FE_CC_gasification,0.0017531620414983455,6.070684045304185
EF v3.1 - human toxicity: carcinogenic - comparative toxic unit for human (CTUh),CTUh,CL,2030,FE_CC_waste_pyrolysis,6.75943412053515e-05,6.070684045304185
EF v3.1 - human toxicity: carcinogenic - comparative toxic unit for human (CTUh),CTUh,CL,2030,FE_MDI,0.7580185515384509,6.070684045304185
EF v3.1 - human toxicity: carcinogenic - comparative toxic unit for human (CTUh),CTUh,CL,2030,FE_PBS,0.0,6.070684045304185
EF v3.1 - human toxicity: carcinogenic - comparative toxic unit for human (CTUh),CTUh,CL,2030,FE_PET,0.25393073774161146,6.070684045304185
EF v3.1 - human toxicity: carcinogenic - comparative toxic unit for human (CTUh),CTUh,CL,2030,FE_PLA,0.09548867767628681,6.070684045304185
EF v3.1 - human toxicity: carcinogenic - comparative toxic unit for human (CTUh),CTUh,CL,2030,FE_PMMA,0.01657723589467346,6.070684045304185
EF v3.1 - human toxicity: carcinogenic - comparative toxic unit for human (CTUh),CTUh,CL,2030,FE_PPP,0.06689182418499327,6.070684045304185
EF v3.1 - human toxicity: carcinogenic - comparative toxic unit for human (CTUh),CTUh,CL,2030,FE_PVC,0.4870958068622242,6.070684045304185
EF v3.1 - human toxicity: carcinogenic - comparative toxic unit for human (CTUh),CTUh,CL,2030,FE_nylon,0.013630129601678075,6.070684045304185
EF v3.1 - human toxicity: carcinogenic - comparative toxic unit for human (CTUh),CTUh,CL,2030,FE_polyols,2.084327283512758,6.070684045304185
EF v3.1 - human toxicity: carcinogenic - comparative toxic unit for human (CTUh),CTUh,CL,2030,FE_polyols_lignin,0.0,6.070684045304185
EF v3.1 - human toxicity: carcinogenic - comparative toxic unit for human (CTUh),CTUh,CL,2030,FE_polyols_retrofit,2.292760011827157,6.070684045304185
EF v3.1 - human toxicity: carcinogenic - comparative toxic unit for human (CTUh),CTUh,CL,2035,FE_CC_MTO_with_loop,0.00015965727476676802,6.758410974760846
EF v3.1 - human toxicity: carcinogenic - comparative toxic unit for human (CTUh),CTUh,CL,2035,FE_CC_gasification,0.001324529219680459,6.758410974760846
EF v3.1 - human toxicity: carcinogenic - comparative toxic unit for human (CTUh),CTUh,CL,2035,FE_CC_waste_pyrolysis,0.00046040350121582494,6.758410974760846
EF v3.1 - human toxicity: carcinogenic - comparative toxic unit for human (CTUh),CTUh,CL,2035,FE_MDI,0.7729880772862645,6.758410974760846
EF v3.1 - human toxicity: carcinogenic - comparative toxic unit for human (CTUh),CTUh,CL,2035,FE_PBS,0.0,6.758410974760846
EF v3.1 - human toxicity: carcinogenic - comparative toxic unit for human (CTUh),CTUh,CL,2035,FE_PET,0.25689488881862155,6.758410974760846
EF v3.1 - human toxicity: carcinogenic - comparative toxic unit for human (CTUh),CTUh,CL,2035,FE_PLA,0.0922450077491943,6.758410974760846
EF v3.1 - human toxicity: carcinogenic - comparative toxic unit for human (CTUh),CTUh,CL,2035,FE_PMMA,0.017802232296007928,6.758410974760846
EF v3.1 - human toxicity: carcinogenic - comparative toxic unit for human (CTUh),CTUh,CL,2035,FE_PPP,0.03440195037184466,6.758410974760846
EF v3.1 - human toxicity: carcinogenic - comparative toxic unit for human (CTUh),CTUh,CL,2035,FE_PVC,1.0426782296363393,6.758410974760846
EF v3.1 - human toxicity: carcinogenic - comparative toxic unit for human (CTUh),CTUh,CL,2035,FE_nylon,0.004808601195125803,6.758410974760846
EF v3.1 - human toxicity: carcinogenic - comparative toxic unit for human (CTUh),CTUh,CL,2035,FE_polyols,1.0545691621702287,6.758410974760846
EF v3.1 - human toxicity: carcinogenic - comparative toxic unit for human (CTUh),CTUh,CL,2035,FE_polyols_lignin,0.0,6.758410974760846
EF v3.1 - human toxicity: carcinogenic - comparative toxic unit for human (CTUh),CTUh,CL,2035,FE_polyols_retrofit,3.480078235241556,6.758410974760846
EF v3.1 - human toxicity: carcinogenic - comparative toxic unit for human (CTUh),CTUh,CL,2040,FE_CC_MTO_with_loop,0.00023186187092474428,6.748681541379449
EF v3.1 - human toxicity: carcinogenic - comparative toxic unit for human (CTUh),CTUh,CL,2040,FE_CC_gasification,0.0005461686486985928,6.748681541379449
EF v3.1 - human toxicity: carcinogenic - comparative toxic unit for human (CTUh),CTUh,CL,2040,FE_CC_waste_pyrolysis,0.0005613613564388569,6.748681541379449
EF v3.1 - human toxicity: carcinogenic - comparative toxic unit for human (CTUh),CTUh,CL,2040,FE_MDI,0.0,6.748681541379449
EF v3.1 - human toxicity: carcinogenic - comparative toxic unit for human (CTUh),CTUh,CL,2040,FE_PBS,0.0,6.748681541379449
EF v3.1 - human toxicity: carcinogenic - comparative toxic unit for human (CTUh),CTUh,CL,2040,FE_PET,0.29010187509306795,6.748681541379449
EF v3.1 - human toxicity: carcinogenic - comparative toxic unit for human (CTUh),CTUh,CL,2040,FE_PLA,0.07199448894388229,6.748681541379449
EF v3.1 - human toxicity: carcinogenic - comparative toxic unit for human (CTUh),CTUh,CL,2040,FE_PMMA,0.018016180784144624,6.748681541379449
EF v3.1 - human toxicity: carcinogenic - comparative toxic unit for human (CTUh),CTUh,CL,2040,FE_PPP,0.06370587355911032,6.748681541379449
EF v3.1 - human toxicity: carcinogenic - comparative toxic unit for human (CTUh),CTUh,CL,2040,FE_PVC,1.5960451288449025,6.748681541379449
EF v3.1 - human toxicity: carcinogenic - comparative toxic unit for human (CTUh),CTUh,CL,2040,FE_nylon,0.005069198438282392,6.748681541379449
EF v3.1 - human toxicity: carcinogenic - comparative toxic unit for human (CTUh),CTUh,CL,2040,FE_polyols,0.0,6.748681541379449
EF v3.1 - human toxicity: carcinogenic - comparative toxic unit for human (CTUh),CTUh,CL,2040,FE_polyols_lignin,0.0,6.748681541379449
EF v3.1 - human toxicity: carcinogenic - comparative toxic unit for human (CTUh),CTUh,CL,2040,FE_polyols_retrofit,4.702409403839997,6.748681541379449
EF v3.1 - human toxicity: carcinogenic - comparative toxic unit for human (CTUh),CTUh,CL,2045,FE_CC_MTO_with_loop,0.00028489946582314647,7.728182385123687
EF v3.1 - human toxicity: carcinogenic - comparative toxic unit for human (CTUh),CTUh,CL,2045,FE_CC_gasification,0.0005900793864922771,7.728182385123687
EF v3.1 - human toxicity: carcinogenic - comparative toxic unit for human (CTUh),CTUh,CL,2045,FE_CC_waste_pyrolysis,0.000523648561629981,7.728182385123687
EF v3.1 - human toxicity: carcinogenic - comparative toxic unit for human (CTUh),CTUh,CL,2045,FE_MDI,0.5760288434502017,7.728182385123687
EF v3.1 - human toxicity: carcinogenic - comparative toxic unit for human (CTUh),CTUh,CL,2045,FE_PBS,0.017785602133254825,7.728182385123687
EF v3.1 - human toxicity: carcinogenic - comparative toxic unit for human (CTUh),CTUh,CL,2045,FE_PET,0.32873413522776196,7.728182385123687
EF v3.1 - human toxicity: carcinogenic - comparative toxic unit for human (CTUh),CTUh,CL,2045,FE_PLA,0.08931619116525542,7.728182385123687
EF v3.1 - human toxicity: carcinogenic - comparative toxic unit for human (CTUh),CTUh,CL,2045,FE_PMMA,0.019740734185363238,7.728182385123687
EF v3.1 - human toxicity: carcinogenic - comparative toxic unit for human (CTUh),CTUh,CL,2045,FE_PPP,0.0,7.728182385123687
EF v3.1 - human toxicity: carcinogenic - comparative toxic unit for human (CTUh),CTUh,CL,2045,FE_PVC,1.785489892290597,7.728182385123687
EF v3.1 - human toxicity: carcinogenic - comparative toxic unit for human (CTUh),CTUh,CL,2045,FE_nylon,0.005324290621159795,7.728182385123687
EF v3.1 - human toxicity: carcinogenic - comparative toxic unit for human (CTUh),CTUh,CL,2045,FE_polyols,0.0,7.728182385123687
EF v3.1 - human toxicity: carcinogenic - comparative toxic unit for human (CTUh),CTUh,CL,2045,FE_polyols_lignin,0.0,7.728182385123687
EF v3.1 - human toxicity: carcinogenic - comparative toxic unit for human (CTUh),CTUh,CL,2045,FE_polyols_retrofit,4.904364068636148,7.728182385123687
EF v3.1 - human toxicity: carcinogenic - comparative toxic unit for human (CTUh),CTUh,CL,2050,FE_CC_MTO_with_loop,0.0002767892610451824,2.7704027711036274
EF v3.1 - human toxicity: carcinogenic - comparative toxic unit for human (CTUh),CTUh,CL,2050,FE_CC_gasification,0.0008561197350221037,2.7704027711036274
EF v3.1 - human toxicity: carcinogenic - comparative toxic unit for human (CTUh),CTUh,CL,2050,FE_CC_waste_pyrolysis,0.0005361892771845277,2.7704027711036274
EF v3.1 - human toxicity: carcinogenic - comparative toxic unit for human (CTUh),CTUh,CL,2050,FE_MDI,0.1323884524185145,2.7704027711036274
EF v3.1 - human toxicity: carcinogenic - comparative toxic unit for human (CTUh),CTUh,CL,2050,FE_PBS,0.0174419599297804,2.7704027711036274
EF v3.1 - human toxicity: carcinogenic - comparative toxic unit for human (CTUh),CTUh,CL,2050,FE_PET,0.3022269359504434,2.7704027711036274
EF v3.1 - human toxicity: carcinogenic - comparative toxic unit for human (CTUh),CTUh,CL,2050,FE_PLA,0.0,2.7704027711036274
EF v3.1 - human toxicity: carcinogenic - comparative toxic unit for human (CTUh),CTUh,CL,2050,FE_PMMA,0.018492355144927808,2.7704027711036274
EF v3.1 - human toxicity: carcinogenic - comparative toxic unit for human (CTUh),CTUh,CL,2050,FE_PPP,0.31294317103314656,2.7704027711036274
EF v3.1 - human toxicity: carcinogenic - comparative toxic unit for human (CTUh),CTUh,CL,2050,FE_PVC,1.7677015272881265,2.7704027711036274
EF v3.1 - human toxicity: carcinogenic - comparative toxic unit for human (CTUh),CTUh,CL,2050,FE_nylon,0.019796434151902367,2.7704027711036274
EF v3.1 - human toxicity: carcinogenic - comparative toxic unit for human (CTUh),CTUh,CL,2050,FE_polyols,0.0,2.7704027711036274
EF v3.1 - human toxicity: carcinogenic - comparative toxic unit for human (CTUh),CTUh,CL,2050,FE_polyols_lignin,0.19774283691353442,2.7704027711036274
EF v3.1 - human toxicity: carcinogenic - comparative toxic unit for human (CTUh),CTUh,CL,2050,FE_polyols_retrofit,0.0,2.7704027711036274
EF v3.1 - human toxicity: carcinogenic - comparative toxic unit for human (CTUh),CTUh,OCE,2025,FE_CC_MTO_with_loop,0.0,7.735764076656225
EF v3.1 - human toxicity: carcinogenic - comparative toxic unit for human (CTUh),CTUh,OCE,2025,FE_CC_gasification,0.0,7.735764076656225
EF v3.1 - human toxicity: carcinogenic - comparative toxic unit for human (CTUh),CTUh,OCE,2025,FE_CC_waste_pyrolysis,5.6843649927990005e-05,7.735764076656225
EF v3.1 - human toxicity: carcinogenic - comparative toxic unit for human (CTUh),CTUh,OCE,2025,FE_MDI,1.4736057534248637,7.735764076656225
EF v3.1 - human toxicity: carcinogenic - comparative toxic unit for human (CTUh),CTUh,OCE,2025,FE_PBS,0.0,7.735764076656225
EF v3.1 - human toxicity: carcinogenic - comparative toxic unit for human (CTUh),CTUh,OCE,2025,FE_PET,0.2602516533139924,7.735764076656225
EF v3.1 - human toxicity: carcinogenic - comparative toxic unit for human (CTUh),CTUh,OCE,2025,FE_PLA,0.0,7.735764076656225
EF v3.1 - human toxicity: carcinogenic - comparative toxic unit for human (CTUh),CTUh,OCE,2025,FE_PMMA,0.0165516346495686,7.735764076656225
EF v3.1 - human toxicity: carcinogenic - comparative toxic unit for human (CTUh),CTUh,OCE,2025,FE_PPP,0.06237352915825566,7.735764076656225
EF v3.1 - human toxicity: carcinogenic - comparative toxic unit for human (CTUh),CTUh,OCE,2025,FE_PVC,1.6277939677199356,7.735764076656225
EF v3.1 - human toxicity: carcinogenic - comparative toxic unit for human (CTUh),CTUh,OCE,2025,FE_nylon,0.014830170011007403,7.735764076656225
EF v3.1 - human toxicity: carcinogenic - comparative toxic unit for human (CTUh),CTUh,OCE,2025,FE_polyols,3.1319272132147,7.735764076656225
EF v3.1 - human toxicity: carcinogenic - comparative toxic unit for human (CTUh),CTUh,OCE,2025,FE_polyols_lignin,0.0,7.735764076656225
EF v3.1 - human toxicity: carcinogenic - comparative toxic unit for human (CTUh),CTUh,OCE,2025,FE_polyols_retrofit,1.1483733115139743,7.735764076656225
EF v3.1 - human toxicity: carcinogenic - comparative toxic unit for human (CTUh),CTUh,OCE,2030,FE_CC_MTO_with_loop,4.539824144591088e-05,7.732124498587579
EF v3.1 - human toxicity: carcinogenic - comparative toxic unit for human (CTUh),CTUh,OCE,2030,FE_CC_gasification,0.00018168058169438418,7.732124498587579
EF v3.1 - human toxicity: carcinogenic - comparative toxic unit for human (CTUh),CTUh,OCE,2030,FE_CC_waste_pyrolysis,-6.221330207600817e-21,7.732124498587579
EF v3.1 - human toxicity: carcinogenic - comparative toxic unit for human (CTUh),CTUh,OCE,2030,FE_MDI,1.3239495261456047,7.732124498587579
EF v3.1 - human toxicity: carcinogenic - comparative toxic unit for human (CTUh),CTUh,OCE,2030,FE_PBS,0.0,7.732124498587579
EF v3.1 - human toxicity: carcinogenic - comparative toxic unit for human (CTUh),CTUh,OCE,2030,FE_PET,0.2539565402882054,7.732124498587579
EF v3.1 - human toxicity: carcinogenic - comparative toxic unit for human (CTUh),CTUh,OCE,2030,FE_PLA,0.06295056160736842,7.732124498587579
EF v3.1 - human toxicity: carcinogenic - comparative toxic unit for human (CTUh),CTUh,OCE,2030,FE_PMMA,0.016577236096443806,7.732124498587579
EF v3.1 - human toxicity: carcinogenic - comparative toxic unit for human (CTUh),CTUh,OCE,2030,FE_PPP,0.06211978406811786,7.732124498587579
EF v3.1 - human toxicity: carcinogenic - comparative toxic unit for human (CTUh),CTUh,OCE,2030,FE_PVC,1.6279886385509212,7.732124498587579
EF v3.1 - human toxicity: carcinogenic - comparative toxic unit for human (CTUh),CTUh,OCE,2030,FE_nylon,0.013630129604669174,7.732124498587579
EF v3.1 - human toxicity: carcinogenic - comparative toxic unit for human (CTUh),CTUh,OCE,2030,FE_polyols,2.081297620670933,7.732124498587579
EF v3.1 - human toxicity: carcinogenic - comparative toxic unit for human (CTUh),CTUh,OCE,2030,FE_polyols_lignin,0.0,7.732124498587579
EF v3.1 - human toxicity: carcinogenic - comparative toxic unit for human (CTUh),CTUh,OCE,2030,FE_polyols_retrofit,2.2894273827321747,7.732124498587579
EF v3.1 - human toxicity: carcinogenic - comparative toxic unit for human (CTUh),CTUh,OCE,2035,FE_CC_MTO_with_loop,9.714489696629817e-05,6.6758552180504145
EF v3.1 - human toxicity: carcinogenic - comparative toxic unit for human (CTUh),CTUh,OCE,2035,FE_CC_gasification,0.0011893291948960024,6.6758552180504145
EF v3.1 - human toxicity: carcinogenic - comparative toxic unit for human (CTUh),CTUh,OCE,2035,FE_CC_waste_pyrolysis,0.00040092797009410724,6.6758552180504145
EF v3.1 - human toxicity: carcinogenic - comparative toxic unit for human (CTUh),CTUh,OCE,2035,FE_MDI,1.0896257491555612,6.6758552180504145
EF v3.1 - human toxicity: carcinogenic - comparative toxic unit for human (CTUh),CTUh,OCE,2035,FE_PBS,0.01820005754731047,6.6758552180504145
EF v3.1 - human toxicity: carcinogenic - comparative toxic unit for human (CTUh),CTUh,OCE,2035,FE_PET,0.26131923225255216,6.6758552180504145
EF v3.1 - human toxicity: carcinogenic - comparative toxic unit for human (CTUh),CTUh,OCE,2035,FE_PLA,0.06081221700751389,6.6758552180504145
EF v3.1 - human toxicity: carcinogenic - comparative toxic unit for human (CTUh),CTUh,OCE,2035,FE_PMMA,0.017802269487641388,6.6758552180504145
EF v3.1 - human toxicity: carcinogenic - comparative toxic unit for human (CTUh),CTUh,OCE,2035,FE_PPP,0.0,6.6758552180504145
EF v3.1 - human toxicity: carcinogenic - comparative toxic unit for human (CTUh),CTUh,OCE,2035,FE_PVC,0.7020045429216663,6.6758552180504145
EF v3.1 - human toxicity: carcinogenic - comparative toxic unit for human (CTUh),CTUh,OCE,2035,FE_nylon,0.014494876162995059,6.6758552180504145
EF v3.1 - human toxicity: carcinogenic - comparative toxic unit for human (CTUh),CTUh,OCE,2035,FE_polyols,1.04881601659923,6.6758552180504145
EF v3.1 - human toxicity: carcinogenic - comparative toxic unit for human (CTUh),CTUh,OCE,2035,FE_polyols_lignin,0.0,6.6758552180504145
EF v3.1 - human toxicity: carcinogenic - comparative toxic unit for human (CTUh),CTUh,OCE,2035,FE_polyols_retrofit,3.461092854853988,6.6758552180504145
EF v3.1 - human toxicity: carcinogenic - comparative toxic unit for human (CTUh),CTUh,OCE,2040,FE_CC_MTO_with_loop,9.007141237412786e-05,7.779179050516747
EF v3.1 - human toxicity: carcinogenic - comparative toxic unit for human (CTUh),CTUh,OCE,2040,FE_CC_gasification,0.0009506294138560265,7.779179050516747
EF v3.1 - human toxicity: carcinogenic - comparative toxic unit for human (CTUh),CTUh,OCE,2040,FE_CC_waste_pyrolysis,0.0005715555401244884,7.779179050516747
EF v3.1 - human toxicity: carcinogenic - comparative toxic unit for human (CTUh),CTUh,OCE,2040,FE_MDI,1.0839207627254315,7.779179050516747
EF v3.1 - human toxicity: carcinogenic - comparative toxic unit for human (CTUh),CTUh,OCE,2040,FE_PBS,0.017999611815525368,7.779179050516747
EF v3.1 - human toxicity: carcinogenic - comparative toxic unit for human (CTUh),CTUh,OCE,2040,FE_PET,0.26330722211486907,7.779179050516747
EF v3.1 - human toxicity: carcinogenic - comparative toxic unit for human (CTUh),CTUh,OCE,2040,FE_PLA,0.06031886553771071,7.779179050516747
EF v3.1 - human toxicity: carcinogenic - comparative toxic unit for human (CTUh),CTUh,OCE,2040,FE_PMMA,0.018016109680073174,7.779179050516747
EF v3.1 - human toxicity: carcinogenic - comparative toxic unit for human (CTUh),CTUh,OCE,2040,FE_PPP,0.0,7.779179050516747
EF v3.1 - human toxicity: carcinogenic - comparative toxic unit for human (CTUh),CTUh,OCE,2040,FE_PVC,1.6662140644109138,7.779179050516747
EF v3.1 - human toxicity: carcinogenic - comparative toxic unit for human (CTUh),CTUh,OCE,2040,FE_nylon,0.020585098968192685,7.779179050516747
EF v3.1 - human toxicity: carcinogenic - comparative toxic unit for human (CTUh),CTUh,OCE,2040,FE_polyols,0.0,7.779179050516747
EF v3.1 - human toxicity: carcinogenic - comparative toxic unit for human (CTUh),CTUh,OCE,2040,FE_polyols_lignin,0.0,7.779179050516747
EF v3.1 - human toxicity: carcinogenic - comparative toxic unit for human (CTUh),CTUh,OCE,2040,FE_polyols_retrofit,4.647205058897676,7.779179050516747
EF v3.1 - human toxicity: carcinogenic - comparative toxic unit for human (CTUh),CTUh,OCE,2045,FE_CC_MTO_with_loop,0.0005086884558481803,9.88872223719612
EF v3.1 - human toxicity: carcinogenic - comparative toxic unit for human (CTUh),CTUh,OCE,2045,FE_CC_gasification,0.0009231620698438281,9.88872223719612
EF v3.1 - human toxicity: carcinogenic - comparative toxic unit for human (CTUh),CTUh,OCE,2045,FE_CC_waste_pyrolysis,0.001055055256259053,9.88872223719612
EF v3.1 - human toxicity: carcinogenic - comparative toxic unit for human (CTUh),CTUh,OCE,2045,FE_MDI,1.9330243346591267,9.88872223719612
EF v3.1 - human toxicity: carcinogenic - comparative toxic unit for human (CTUh),CTUh,OCE,2045,FE_PBS,0.0,9.88872223719612
EF v3.1 - human toxicity: carcinogenic - comparative toxic unit for human (CTUh),CTUh,OCE,2045,FE_PET,0.589742889856475,9.88872223719612
EF v3.1 - human toxicity: carcinogenic - comparative toxic unit for human (CTUh),CTUh,OCE,2045,FE_PLA,0.05944479236441269,9.88872223719612
EF v3.1 - human toxicity: carcinogenic - comparative toxic unit for human (CTUh),CTUh,OCE,2045,FE_PMMA,0.01974130268526432,9.88872223719612
EF v3.1 - human toxicity: carcinogenic - comparative toxic unit for human (CTUh),CTUh,OCE,2045,FE_PPP,0.30473814891134143,9.88872223719612
EF v3.1 - human toxicity: carcinogenic - comparative toxic unit for human (CTUh),CTUh,OCE,2045,FE_PVC,1.8397244990635575,9.88872223719612
EF v3.1 - human toxicity: carcinogenic - comparative toxic unit for human (CTUh),CTUh,OCE,2045,FE_nylon,0.02058350068007782,9.88872223719612
EF v3.1 - human toxicity: carcinogenic - comparative toxic unit for human (CTUh),CTUh,OCE,2045,FE_polyols,0.0,9.88872223719612
EF v3.1 - human toxicity: carcinogenic - comparative toxic unit for human (CTUh),CTUh,OCE,2045,FE_polyols_lignin,0.0,9.88872223719612
EF v3.1 - human toxicity: carcinogenic - comparative toxic unit for human (CTUh),CTUh,OCE,2045,FE_polyols_retrofit,5.1192358631939126,9.88872223719612
EF v3.1 - human toxicity: carcinogenic - comparative toxic unit for human (CTUh),CTUh,OCE,2050,FE_CC_MTO_with_loop,0.0007929088103137045,9.94149131129182
EF v3.1 - human toxicity: carcinogenic - comparative toxic unit for human (CTUh),CTUh,OCE,2050,FE_CC_gasification,0.0007464988357141081,9.94149131129182
EF v3.1 - human toxicity: carcinogenic - comparative toxic unit for human (CTUh),CTUh,OCE,2050,FE_CC_waste_pyrolysis,0.0009717465684885699,9.94149131129182
EF v3.1 - human toxicity: carcinogenic - comparative toxic unit for human (CTUh),CTUh,OCE,2050,FE_MDI,2.26580653269623,9.94149131129182
EF v3.1 - human toxicity: carcinogenic - comparative toxic unit for human (CTUh),CTUh,OCE,2050,FE_PBS,0.0,9.94149131129182
EF v3.1 - human toxicity: carcinogenic - comparative toxic unit for human (CTUh),CTUh,OCE,2050,FE_PET,0.3270255267225425,9.94149131129182
EF v3.1 - human toxicity: carcinogenic - comparative toxic unit for human (CTUh),CTUh,OCE,2050,FE_PLA,0.08854183711895755,9.94149131129182
EF v3.1 - human toxicity: carcinogenic - comparative toxic unit for human (CTUh),CTUh,OCE,2050,FE_PMMA,0.018492758701611847,9.94149131129182
EF v3.1 - human toxicity: carcinogenic - comparative toxic unit for human (CTUh),CTUh,OCE,2050,FE_PPP,0.31928920647578374,9.94149131129182
EF v3.1 - human toxicity: carcinogenic - comparative toxic unit for human (CTUh),CTUh,OCE,2050,FE_PVC,1.8068016992545217,9.94149131129182
EF v3.1 - human toxicity: carcinogenic - comparative toxic unit for human (CTUh),CTUh,OCE,2050,FE_nylon,0.020583486327037947,9.94149131129182
EF v3.1 - human toxicity: carcinogenic - comparative toxic unit for human (CTUh),CTUh,OCE,2050,FE_polyols,0.0,9.94149131129182
EF v3.1 - human toxicity: carcinogenic - comparative toxic unit for human (CTUh),CTUh,OCE,2050,FE_polyols_lignin,0.0,9.94149131129182
EF v3.1 - human toxicity: carcinogenic - comparative toxic unit for human (CTUh),CTUh,OCE,2050,FE_polyols_retrofit,5.092439109780619,9.94149131129182
EF v3.1 - material resources: metals/minerals - abiotic depletion potential (ADP): elements (ultimate reserves),kg Sb-eq.,CL,2025,FE_CC_MTO_with_loop,0.0,43708.36008921735
EF v3.1 - material resources: metals/minerals - abiotic depletion potential (ADP): elements (ultimate reserves),kg Sb-eq.,CL,2025,FE_CC_gasification,0.2580248824694944,43708.36008921735
EF v3.1 - material resources: metals/minerals - abiotic depletion potential (ADP): elements (ultimate reserves),kg Sb-eq.,CL,2025,FE_CC_waste_pyrolysis,1.2201427673321223,43708.36008921735
EF v3.1 - material resources: metals/minerals - abiotic depletion potential (ADP): elements (ultimate reserves),kg Sb-eq.,CL,2025,FE_MDI,7868.788037523132,43708.36008921735
EF v3.1 - material resources: metals/minerals - abiotic depletion potential (ADP): elements (ultimate reserves),kg Sb-eq.,CL,2025,FE_PBS,0.0,43708.36008921735
EF v3.1 - material resources: metals/minerals - abiotic depletion potential (ADP): elements (ultimate reserves),kg Sb-eq.,CL,2025,FE_PET,6527.167669017897,43708.36008921735
EF v3.1 - material resources: metals/minerals - abiotic depletion potential (ADP): elements (ultimate reserves),kg Sb-eq.,CL,2025,FE_PLA,0.0,43708.36008921735
EF v3.1 - material resources: metals/minerals - abiotic depletion potential (ADP): elements (ultimate reserves),kg Sb-eq.,CL,2025,FE_PMMA,985.635948910426,43708.36008921735
EF v3.1 - material resources: metals/minerals - abiotic depletion potential (ADP): elements (ultimate reserves),kg Sb-eq.,CL,2025,FE_PPP,1073.884166281806,43708.36008921735
EF v3.1 - material resources: metals/minerals - abiotic depletion potential (ADP): elements (ultimate reserves),kg Sb-eq.,CL,2025,FE_PVC,8650.575785624542,43708.36008921735
EF v3.1 - material resources: metals/minerals - abiotic depletion potential (ADP): elements (ultimate reserves),kg Sb-eq.,CL,2025,FE_nylon,219.86787686983686,43708.36008921735
EF v3.1 - material resources: metals/minerals - abiotic depletion potential (ADP): elements (ultimate reserves),kg Sb-eq.,CL,2025,FE_polyols,13449.4847103748,43708.36008921735
EF v3.1 - material resources: metals/minerals - abiotic depletion potential (ADP): elements (ultimate reserves),kg Sb-eq.,CL,2025,FE_polyols_lignin,0.0,43708.36008921735
EF v3.1 - material resources: metals/minerals - abiotic depletion potential (ADP): elements (ultimate reserves),kg Sb-eq.,CL,2025,FE_polyols_retrofit,4931.4777269651,43708.36008921735
EF v3.1 - material resources: metals/minerals - abiotic depletion potential (ADP): elements (ultimate reserves),kg Sb-eq.,CL,2030,FE_CC_MTO_with_loop,5.408383798157962,37792.68779610615
EF v3.1 - material resources: metals/minerals - abiotic depletion potential (ADP): elements (ultimate reserves),kg Sb-eq.,CL,2030,FE_CC_gasification,66.2921608883241,37792.68779610615
EF v3.1 - material resources: metals/minerals - abiotic depletion potential (ADP): elements (ultimate reserves),kg Sb-eq.,CL,2030,FE_CC_waste_pyrolysis,2.5559388309272477,37792.68779610615
EF v3.1 - material resources: metals/minerals - abiotic depletion potential (ADP): elements (ultimate reserves),kg Sb-eq.,CL,2030,FE_MDI,4133.7255537913115,37792.68779610615
EF v3.1 - material resources: metals/minerals - abiotic depletion potential (ADP): elements (ultimate reserves),kg Sb-eq.,CL,2030,FE_PBS,0.0,37792.68779610615
EF v3.1 - material resources: metals/minerals - abiotic depletion potential (ADP): elements (ultimate reserves),kg Sb-eq.,CL,2030,FE_PET,6734.274594473155,37792.68779610615
EF v3.1 - material resources: metals/minerals - abiotic depletion potential (ADP): elements (ultimate reserves),kg Sb-eq.,CL,2030,FE_PLA,2138.199569878616,37792.68779610615
EF v3.1 - material resources: metals/minerals - abiotic depletion potential (ADP): elements (ultimate reserves),kg Sb-eq.,CL,2030,FE_PMMA,1008.2759929804671,37792.68779610615
EF v3.1 - material resources: metals/minerals - abiotic depletion potential (ADP): elements (ultimate reserves),kg Sb-eq.,CL,2030,FE_PPP,1283.686680890367,37792.68779610615
EF v3.1 - material resources: metals/minerals - abiotic depletion potential (ADP): elements (ultimate reserves),kg Sb-eq.,CL,2030,FE_PVC,2691.1032039044403,37792.68779610615
EF v3.1 - material resources: metals/minerals - abiotic depletion potential (ADP): elements (ultimate reserves),kg Sb-eq.,CL,2030,FE_nylon,202.26778779877452,37792.68779610615
EF v3.1 - material resources: metals/minerals - abiotic depletion potential (ADP): elements (ultimate reserves),kg Sb-eq.,CL,2030,FE_polyols,9298.522823648353,37792.68779610615
EF v3.1 - material resources: metals/minerals - abiotic depletion potential (ADP): elements (ultimate reserves),kg Sb-eq.,CL,2030,FE_polyols_lignin,0.0,37792.68779610615
EF v3.1 - material resources: metals/minerals - abiotic depletion potential (ADP): elements (ultimate reserves),kg Sb-eq.,CL,2030,FE_polyols_retrofit,10228.375105223255,37792.68779610615
EF v3.1 - material resources: metals/minerals - abiotic depletion potential (ADP): elements (ultimate reserves),kg Sb-eq.,CL,2035,FE_CC_MTO_with_loop,7.494689219414168,44185.68403271776
EF v3.1 - material resources: metals/minerals - abiotic depletion potential (ADP): elements (ultimate reserves),kg Sb-eq.,CL,2035,FE_CC_gasification,62.176527103046155,44185.68403271776
EF v3.1 - material resources: metals/minerals - abiotic depletion potential (ADP): elements (ultimate reserves),kg Sb-eq.,CL,2035,FE_CC_waste_pyrolysis,21.612426744275005,44185.68403271776
EF v3.1 - material resources: metals/minerals - abiotic depletion potential (ADP): elements (ultimate reserves),kg Sb-eq.,CL,2035,FE_MDI,4385.994673168959,44185.68403271776
EF v3.1 - material resources: metals/minerals - abiotic depletion potential (ADP): elements (ultimate reserves),kg Sb-eq.,CL,2035,FE_PBS,0.0,44185.68403271776
EF v3.1 - material resources: metals/minerals - abiotic depletion potential (ADP): elements (ultimate reserves),kg Sb-eq.,CL,2035,FE_PET,7141.517989663216,44185.68403271776
EF v3.1 - material resources: metals/minerals - abiotic depletion potential (ADP): elements (ultimate reserves),kg Sb-eq.,CL,2035,FE_PLA,2193.6597417664925,44185.68403271776
EF v3.1 - material resources: metals/minerals - abiotic depletion potential (ADP): elements (ultimate reserves),kg Sb-eq.,CL,2035,FE_PMMA,1082.850319699221,44185.68403271776
EF v3.1 - material resources: metals/minerals - abiotic depletion potential (ADP): elements (ultimate reserves),kg Sb-eq.,CL,2035,FE_PPP,808.2357404763659,44185.68403271776
EF v3.1 - material resources: metals/minerals - abiotic depletion potential (ADP): elements (ultimate reserves),kg Sb-eq.,CL,2035,FE_PVC,6242.7209126184225,44185.68403271776
EF v3.1 - material resources: metals/minerals - abiotic depletion potential (ADP): elements (ultimate reserves),kg Sb-eq.,CL,2035,FE_nylon,71.43451703410324,44185.68403271776
EF v3.1 - material resources: metals/minerals - abiotic depletion potential (ADP): elements (ultimate reserves),kg Sb-eq.,CL,2035,FE_polyols,5155.345694084891,44185.68403271776
EF v3.1 - material resources: metals/minerals - abiotic depletion potential (ADP): elements (ultimate reserves),kg Sb-eq.,CL,2035,FE_polyols_lignin,0.0,44185.68403271776
EF v3.1 - material resources: metals/minerals - abiotic depletion potential (ADP): elements (ultimate reserves),kg Sb-eq.,CL,2035,FE_polyols_retrofit,17012.640801139358,44185.68403271776
EF v3.1 - material resources: metals/minerals - abiotic depletion potential (ADP): elements (ultimate reserves),kg Sb-eq.,CL,2040,FE_CC_MTO_with_loop,11.605841671005958,48259.976159970334
EF v3.1 - material resources: metals/minerals - abiotic depletion potential (ADP): elements (ultimate reserves),kg Sb-eq.,CL,2040,FE_CC_gasification,27.33846163949872,48259.976159970334
EF v3.1 - material resources: metals/minerals - abiotic depletion potential (ADP): elements (ultimate reserves),kg Sb-eq.,CL,2040,FE_CC_waste_pyrolysis,28.098932347531004,48259.976159970334
EF v3.1 - material resources: metals/minerals - abiotic depletion potential (ADP): elements (ultimate reserves),kg Sb-eq.,CL,2040,FE_MDI,0.0,48259.976159970334
EF v3.1 - material resources: metals/minerals - abiotic depletion potential (ADP): elements (ultimate reserves),kg Sb-eq.,CL,2040,FE_PBS,0.0,48259.976159970334
EF v3.1 - material resources: metals/minerals - abiotic depletion potential (ADP): elements (ultimate reserves),kg Sb-eq.,CL,2040,FE_PET,8330.46157671285,48259.976159970334
EF v3.1 - material resources: metals/minerals - abiotic depletion potential (ADP): elements (ultimate reserves),kg Sb-eq.,CL,2040,FE_PLA,1766.3960500689254,48259.976159970334
EF v3.1 - material resources: metals/minerals - abiotic depletion potential (ADP): elements (ultimate reserves),kg Sb-eq.,CL,2040,FE_PMMA,1112.9511088844476,48259.976159970334
EF v3.1 - material resources: metals/minerals - abiotic depletion potential (ADP): elements (ultimate reserves),kg Sb-eq.,CL,2040,FE_PPP,1537.3657661358236,48259.976159970334
EF v3.1 - material resources: metals/minerals - abiotic depletion potential (ADP): elements (ultimate reserves),kg Sb-eq.,CL,2040,FE_PVC,10688.373782993007,48259.976159970334
EF v3.1 - material resources: metals/minerals - abiotic depletion potential (ADP): elements (ultimate reserves),kg Sb-eq.,CL,2040,FE_nylon,75.39504353730385,48259.976159970334
EF v3.1 - material resources: metals/minerals - abiotic depletion potential (ADP): elements (ultimate reserves),kg Sb-eq.,CL,2040,FE_polyols,0.0,48259.976159970334
EF v3.1 - material resources: metals/minerals - abiotic depletion potential (ADP): elements (ultimate reserves),kg Sb-eq.,CL,2040,FE_polyols_lignin,0.0,48259.976159970334
EF v3.1 - material resources: metals/minerals - abiotic depletion potential (ADP): elements (ultimate reserves),kg Sb-eq.,CL,2040,FE_polyols_retrofit,24681.989595979936,48259.976159970334
EF v3.1 - material resources: metals/minerals - abiotic depletion potential (ADP): elements (ultimate reserves),kg Sb-eq.,CL,2045,FE_CC_MTO_with_loop,14.575574675566225,68090.83355697824
EF v3.1 - material resources: metals/minerals - abiotic depletion potential (ADP): elements (ultimate reserves),kg Sb-eq.,CL,2045,FE_CC_gasification,30.18870582312464,68090.83355697824
EF v3.1 - material resources: metals/minerals - abiotic depletion potential (ADP): elements (ultimate reserves),kg Sb-eq.,CL,2045,FE_CC_waste_pyrolysis,26.790077302323926,68090.83355697824
EF v3.1 - material resources: metals/minerals - abiotic depletion potential (ADP): elements (ultimate reserves),kg Sb-eq.,CL,2045,FE_MDI,3494.6422459652695,68090.83355697824
EF v3.1 - material resources: metals/minerals - abiotic depletion potential (ADP): elements (ultimate reserves),kg Sb-eq.,CL,2045,FE_PBS,6241.811934467587,68090.83355697824
EF v3.1 - material resources: metals/minerals - abiotic depletion potential (ADP): elements (ultimate reserves),kg Sb-eq.,CL,2045,FE_PET,9594.691069231932,68090.83355697824
EF v3.1 - material resources: metals/minerals - abiotic depletion potential (ADP): elements (ultimate reserves),kg Sb-eq.,CL,2045,FE_PLA,2228.8128664261,68090.83355697824
EF v3.1 - material resources: metals/minerals - abiotic depletion potential (ADP): elements (ultimate reserves),kg Sb-eq.,CL,2045,FE_PMMA,1179.0291444117943,68090.83355697824
EF v3.1 - material resources: metals/minerals - abiotic depletion potential (ADP): elements (ultimate reserves),kg Sb-eq.,CL,2045,FE_PPP,0.0,68090.83355697824
EF v3.1 - material resources: metals/minerals - abiotic depletion potential (ADP): elements (ultimate reserves),kg Sb-eq.,CL,2045,FE_PVC,14411.769114580438,68090.83355697824
EF v3.1 - material resources: metals/minerals - abiotic depletion potential (ADP): elements (ultimate reserves),kg Sb-eq.,CL,2045,FE_nylon,79.33909688818562,68090.83355697824
EF v3.1 - material resources: metals/minerals - abiotic depletion potential (ADP): elements (ultimate reserves),kg Sb-eq.,CL,2045,FE_polyols,0.0,68090.83355697824
EF v3.1 - material resources: metals/minerals - abiotic depletion potential (ADP): elements (ultimate reserves),kg Sb-eq.,CL,2045,FE_polyols_lignin,0.0,68090.83355697824
EF v3.1 - material resources: metals/minerals - abiotic depletion potential (ADP): elements (ultimate reserves),kg Sb-eq.,CL,2045,FE_polyols_retrofit,30789.183727205927,68090.83355697824
EF v3.1 - material resources: metals/minerals - abiotic depletion potential (ADP): elements (ultimate reserves),kg Sb-eq.,CL,2050,FE_CC_MTO_with_loop,14.329097990311604,40824.00411598477
EF v3.1 - material resources: metals/minerals - abiotic depletion potential (ADP): elements (ultimate reserves),kg Sb-eq.,CL,2050,FE_CC_gasification,44.32044630093873,40824.00411598477
EF v3.1 - material resources: metals/minerals - abiotic depletion potential (ADP): elements (ultimate reserves),kg Sb-eq.,CL,2050,FE_CC_waste_pyrolysis,27.75797263990779,40824.00411598477
EF v3.1 - material resources: metals/minerals - abiotic depletion potential (ADP): elements (ultimate reserves),kg Sb-eq.,CL,2050,FE_MDI,842.8205867938537,40824.00411598477
EF v3.1 - material resources: metals/minerals - abiotic depletion potential (ADP): elements (ultimate reserves),kg Sb-eq.,CL,2050,FE_PBS,6237.498709866573,40824.00411598477
EF v3.1 - material resources: metals/minerals - abiotic depletion potential (ADP): elements (ultimate reserves),kg Sb-eq.,CL,2050,FE_PET,8926.02262593787,40824.00411598477
EF v3.1 - material resources: metals/minerals - abiotic depletion potential (ADP): elements (ultimate reserves),kg Sb-eq.,CL,2050,FE_PLA,0.0,40824.00411598477
EF v3.1 - material resources: metals/minerals - abiotic depletion potential (ADP): elements (ultimate reserves),kg Sb-eq.,CL,2050,FE_PMMA,1159.3634627718918,40824.00411598477
EF v3.1 - material resources: metals/minerals - abiotic depletion potential (ADP): elements (ultimate reserves),kg Sb-eq.,CL,2050,FE_PPP,8295.787397203152,40824.00411598477
EF v3.1 - material resources: metals/minerals - abiotic depletion potential (ADP): elements (ultimate reserves),kg Sb-eq.,CL,2050,FE_PVC,13798.941763687248,40824.00411598477
EF v3.1 - material resources: metals/minerals - abiotic depletion potential (ADP): elements (ultimate reserves),kg Sb-eq.,CL,2050,FE_nylon,295.63711411474986,40824.00411598477
EF v3.1 - material resources: metals/minerals - abiotic depletion potential (ADP): elements (ultimate reserves),kg Sb-eq.,CL,2050,FE_polyols,0.0,40824.00411598477
EF v3.1 - material resources: metals/minerals - abiotic depletion potential (ADP): elements (ultimate reserves),kg Sb-eq.,CL,2050,FE_polyols_lignin,1181.5249386782737,40824.00411598477
EF v3.1 - material resources: metals/minerals - abiotic depletion potential (ADP): elements (ultimate reserves),kg Sb-eq.,CL,2050,FE_polyols_retrofit,0.0,40824.00411598477
EF v3.1 - material resources: metals/minerals - abiotic depletion potential (ADP): elements (ultimate reserves),kg Sb-eq.,OCE,2025,FE_CC_MTO_with_loop,0.0,43704.48311454335
EF v3.1 - material resources: metals/minerals - abiotic depletion potential (ADP): elements (ultimate reserves),kg Sb-eq.,OCE,2025,FE_CC_gasification,0.0,43704.48311454335
EF v3.1 - material resources: metals/minerals - abiotic depletion potential (ADP): elements (ultimate reserves),kg Sb-eq.,OCE,2025,FE_CC_waste_pyrolysis,1.220142758589407,43704.48311454335
EF v3.1 - material resources: metals/minerals - abiotic depletion potential (ADP): elements (ultimate reserves),kg Sb-eq.,OCE,2025,FE_MDI,7866.908770080703,43704.48311454335
EF v3.1 - material resources: metals/minerals - abiotic depletion potential (ADP): elements (ultimate reserves),kg Sb-eq.,OCE,2025,FE_PBS,0.0,43704.48311454335
EF v3.1 - material resources: metals/minerals - abiotic depletion potential (ADP): elements (ultimate reserves),kg Sb-eq.,OCE,2025,FE_PET,6526.248219719269,43704.48311454335
EF v3.1 - material resources: metals/minerals - abiotic depletion potential (ADP): elements (ultimate reserves),kg Sb-eq.,OCE,2025,FE_PLA,0.0,43704.48311454335
EF v3.1 - material resources: metals/minerals - abiotic depletion potential (ADP): elements (ultimate reserves),kg Sb-eq.,OCE,2025,FE_PMMA,985.6359475297534,43704.48311454335
EF v3.1 - material resources: metals/minerals - abiotic depletion potential (ADP): elements (ultimate reserves),kg Sb-eq.,OCE,2025,FE_PPP,1073.967132571002,43704.48311454335
EF v3.1 - material resources: metals/minerals - abiotic depletion potential (ADP): elements (ultimate reserves),kg Sb-eq.,OCE,2025,FE_PVC,8650.575683569714,43704.48311454335
EF v3.1 - material resources: metals/minerals - abiotic depletion potential (ADP): elements (ultimate reserves),kg Sb-eq.,OCE,2025,FE_nylon,219.86787683386987,43704.48311454335
EF v3.1 - material resources: metals/minerals - abiotic depletion potential (ADP): elements (ultimate reserves),kg Sb-eq.,OCE,2025,FE_polyols,13448.823908151517,43704.48311454335
EF v3.1 - material resources: metals/minerals - abiotic depletion potential (ADP): elements (ultimate reserves),kg Sb-eq.,OCE,2025,FE_polyols_lignin,0.0,43704.48311454335
EF v3.1 - material resources: metals/minerals - abiotic depletion potential (ADP): elements (ultimate reserves),kg Sb-eq.,OCE,2025,FE_polyols_retrofit,4931.235433328934,43704.48311454335
EF v3.1 - material resources: metals/minerals - abiotic depletion potential (ADP): elements (ultimate reserves),kg Sb-eq.,OCE,2030,FE_CC_MTO_with_loop,1.7166389330245058,45934.55621560255
EF v3.1 - material resources: metals/minerals - abiotic depletion potential (ADP): elements (ultimate reserves),kg Sb-eq.,OCE,2030,FE_CC_gasification,6.869868743466001,45934.55621560255
EF v3.1 - material resources: metals/minerals - abiotic depletion potential (ADP): elements (ultimate reserves),kg Sb-eq.,OCE,2030,FE_CC_waste_pyrolysis,-2.3524650534841966e-16,45934.55621560255
EF v3.1 - material resources: metals/minerals - abiotic depletion potential (ADP): elements (ultimate reserves),kg Sb-eq.,OCE,2030,FE_MDI,7226.761780168679,45934.55621560255
EF v3.1 - material resources: metals/minerals - abiotic depletion potential (ADP): elements (ultimate reserves),kg Sb-eq.,OCE,2030,FE_PBS,0.0,45934.55621560255
EF v3.1 - material resources: metals/minerals - abiotic depletion potential (ADP): elements (ultimate reserves),kg Sb-eq.,OCE,2030,FE_PET,6694.283863893899,45934.55621560255
EF v3.1 - material resources: metals/minerals - abiotic depletion potential (ADP): elements (ultimate reserves),kg Sb-eq.,OCE,2030,FE_PLA,1409.599992741225,45934.55621560255
EF v3.1 - material resources: metals/minerals - abiotic depletion potential (ADP): elements (ultimate reserves),kg Sb-eq.,OCE,2030,FE_PMMA,1008.2759156346725,45934.55621560255
EF v3.1 - material resources: metals/minerals - abiotic depletion potential (ADP): elements (ultimate reserves),kg Sb-eq.,OCE,2030,FE_PPP,1165.8248997689532,45934.55621560255
EF v3.1 - material resources: metals/minerals - abiotic depletion potential (ADP): elements (ultimate reserves),kg Sb-eq.,OCE,2030,FE_PVC,8896.8592106559,45934.55621560255
EF v3.1 - material resources: metals/minerals - abiotic depletion potential (ADP): elements (ultimate reserves),kg Sb-eq.,OCE,2030,FE_nylon,202.26778603892134,45934.55621560255
EF v3.1 - material resources: metals/minerals - abiotic depletion potential (ADP): elements (ultimate reserves),kg Sb-eq.,OCE,2030,FE_polyols,9200.99821857428,45934.55621560255
EF v3.1 - material resources: metals/minerals - abiotic depletion potential (ADP): elements (ultimate reserves),kg Sb-eq.,OCE,2030,FE_polyols_lignin,0.0,45934.55621560255
EF v3.1 - material resources: metals/minerals - abiotic depletion potential (ADP): elements (ultimate reserves),kg Sb-eq.,OCE,2030,FE_polyols_retrofit,10121.09804044953,45934.55621560255
EF v3.1 - material resources: metals/minerals - abiotic depletion potential (ADP): elements (ultimate reserves),kg Sb-eq.,OCE,2035,FE_CC_MTO_with_loop,4.560208112475308,48390.375478830865
EF v3.1 - material resources: metals/minerals - abiotic depletion potential (ADP): elements (ultimate reserves),kg Sb-eq.,OCE,2035,FE_CC_gasification,55.82988718329831,48390.375478830865
EF v3.1 - material resources: metals/minerals - abiotic depletion potential (ADP): elements (ultimate reserves),kg Sb-eq.,OCE,2035,FE_CC_waste_pyrolysis,18.820494315513816,48390.375478830865
EF v3.1 - material resources: metals/minerals - abiotic depletion potential (ADP): elements (ultimate reserves),kg Sb-eq.,OCE,2035,FE_MDI,6161.530433219023,48390.375478830865
EF v3.1 - material resources: metals/minerals - abiotic depletion potential (ADP): elements (ultimate reserves),kg Sb-eq.,OCE,2035,FE_PBS,6233.974949111771,48390.375478830865
EF v3.1 - material resources: metals/minerals - abiotic depletion potential (ADP): elements (ultimate reserves),kg Sb-eq.,OCE,2035,FE_PET,7304.010585715131,48390.375478830865
EF v3.1 - material resources: metals/minerals - abiotic depletion potential (ADP): elements (ultimate reserves),kg Sb-eq.,OCE,2035,FE_PLA,1446.163337326329,48390.375478830865
EF v3.1 - material resources: metals/minerals - abiotic depletion potential (ADP): elements (ultimate reserves),kg Sb-eq.,OCE,2035,FE_PMMA,1082.851658987655,48390.375478830865
EF v3.1 - material resources: metals/minerals - abiotic depletion potential (ADP): elements (ultimate reserves),kg Sb-eq.,OCE,2035,FE_PPP,0.0,48390.375478830865
EF v3.1 - material resources: metals/minerals - abiotic depletion potential (ADP): elements (ultimate reserves),kg Sb-eq.,OCE,2035,FE_PVC,4353.816508043369,48390.375478830865
EF v3.1 - material resources: metals/minerals - abiotic depletion potential (ADP): elements (ultimate reserves),kg Sb-eq.,OCE,2035,FE_nylon,215.3296698304683,48390.375478830865
EF v3.1 - material resources: metals/minerals - abiotic depletion potential (ADP): elements (ultimate reserves),kg Sb-eq.,OCE,2035,FE_polyols,5003.136685984304,48390.375478830865
EF v3.1 - material resources: metals/minerals - abiotic depletion potential (ADP): elements (ultimate reserves),kg Sb-eq.,OCE,2035,FE_polyols_lignin,0.0,48390.375478830865
EF v3.1 - material resources: metals/minerals - abiotic depletion potential (ADP): elements (ultimate reserves),kg Sb-eq.,OCE,2035,FE_polyols_retrofit,16510.351061001526,48390.375478830865
EF v3.1 - material resources: metals/minerals - abiotic depletion potential (ADP): elements (ultimate reserves),kg Sb-eq.,OCE,2040,FE_CC_MTO_with_loop,4.508525804945586,56238.62164507113
EF v3.1 - material resources: metals/minerals - abiotic depletion potential (ADP): elements (ultimate reserves),kg Sb-eq.,OCE,2040,FE_CC_gasification,47.58376859285506,56238.62164507113
EF v3.1 - material resources: metals/minerals - abiotic depletion potential (ADP): elements (ultimate reserves),kg Sb-eq.,OCE,2040,FE_CC_waste_pyrolysis,28.60922055282516,56238.62164507113
EF v3.1 - material resources: metals/minerals - abiotic depletion potential (ADP): elements (ultimate reserves),kg Sb-eq.,OCE,2040,FE_MDI,6367.490676527506,56238.62164507113
EF v3.1 - material resources: metals/minerals - abiotic depletion potential (ADP): elements (ultimate reserves),kg Sb-eq.,OCE,2040,FE_PBS,6239.781057939115,56238.62164507113
EF v3.1 - material resources: metals/minerals - abiotic depletion potential (ADP): elements (ultimate reserves),kg Sb-eq.,OCE,2040,FE_PET,7439.821171171366,56238.62164507113
EF v3.1 - material resources: metals/minerals - abiotic depletion potential (ADP): elements (ultimate reserves),kg Sb-eq.,OCE,2040,FE_PLA,1479.9315142183102,56238.62164507113
EF v3.1 - material resources: metals/minerals - abiotic depletion potential (ADP): elements (ultimate reserves),kg Sb-eq.,OCE,2040,FE_PMMA,1112.9480151551886,56238.62164507113
EF v3.1 - material resources: metals/minerals - abiotic depletion potential (ADP): elements (ultimate reserves),kg Sb-eq.,OCE,2040,FE_PPP,0.0,56238.62164507113
EF v3.1 - material resources: metals/minerals - abiotic depletion potential (ADP): elements (ultimate reserves),kg Sb-eq.,OCE,2040,FE_PVC,10394.14251475239,56238.62164507113
EF v3.1 - material resources: metals/minerals - abiotic depletion potential (ADP): elements (ultimate reserves),kg Sb-eq.,OCE,2040,FE_nylon,306.16561839033926,56238.62164507113
EF v3.1 - material resources: metals/minerals - abiotic depletion potential (ADP): elements (ultimate reserves),kg Sb-eq.,OCE,2040,FE_polyols,0.0,56238.62164507113
EF v3.1 - material resources: metals/minerals - abiotic depletion potential (ADP): elements (ultimate reserves),kg Sb-eq.,OCE,2040,FE_polyols_lignin,0.0,56238.62164507113
EF v3.1 - material resources: metals/minerals - abiotic depletion potential (ADP): elements (ultimate reserves),kg Sb-eq.,OCE,2040,FE_polyols_retrofit,22817.639561966287,56238.62164507113
EF v3.1 - material resources: metals/minerals - abiotic depletion potential (ADP): elements (ultimate reserves),kg Sb-eq.,OCE,2045,FE_CC_MTO_with_loop,26.024336832179735,100770.17613163032
EF v3.1 - material resources: metals/minerals - abiotic depletion potential (ADP): elements (ultimate reserves),kg Sb-eq.,OCE,2045,FE_CC_gasification,47.22867281113416,100770.17613163032
EF v3.1 - material resources: metals/minerals - abiotic depletion potential (ADP): elements (ultimate reserves),kg Sb-eq.,OCE,2045,FE_CC_waste_pyrolysis,53.97628551911277,100770.17613163032
EF v3.1 - material resources: metals/minerals - abiotic depletion potential (ADP): elements (ultimate reserves),kg Sb-eq.,OCE,2045,FE_MDI,17341.370433853222,100770.17613163032
EF v3.1 - material resources: metals/minerals - abiotic depletion potential (ADP): elements (ultimate reserves),kg Sb-eq.,OCE,2045,FE_PBS,0.0,100770.17613163032
EF v3.1 - material resources: metals/minerals - abiotic depletion potential (ADP): elements (ultimate reserves),kg Sb-eq.,OCE,2045,FE_PET,18073.85969079311,100770.17613163032
EF v3.1 - material resources: metals/minerals - abiotic depletion potential (ADP): elements (ultimate reserves),kg Sb-eq.,OCE,2045,FE_PLA,1483.40180816518,100770.17613163032
EF v3.1 - material resources: metals/minerals - abiotic depletion potential (ADP): elements (ultimate reserves),kg Sb-eq.,OCE,2045,FE_PMMA,1179.0481352633797,100770.17613163032
EF v3.1 - material resources: metals/minerals - abiotic depletion potential (ADP): elements (ultimate reserves),kg Sb-eq.,OCE,2045,FE_PPP,8318.341827818736,100770.17613163032
EF v3.1 - material resources: metals/minerals - abiotic depletion potential (ADP): elements (ultimate reserves),kg Sb-eq.,OCE,2045,FE_PVC,16286.71506597355,100770.17613163032
EF v3.1 - material resources: metals/minerals - abiotic depletion potential (ADP): elements (ultimate reserves),kg Sb-eq.,OCE,2045,FE_nylon,306.72203316457313,100770.17613163032
EF v3.1 - material resources: metals/minerals - abiotic depletion potential (ADP): elements (ultimate reserves),kg Sb-eq.,OCE,2045,FE_polyols,0.0,100770.17613163032
EF v3.1 - material resources: metals/minerals - abiotic depletion potential (ADP): elements (ultimate reserves),kg Sb-eq.,OCE,2045,FE_polyols_lignin,0.0,100770.17613163032
EF v3.1 - material resources: metals/minerals - abiotic depletion potential (ADP): elements (ultimate reserves),kg Sb-eq.,OCE,2045,FE_polyols_retrofit,37653.48784143613,100770.17613163032
EF v3.1 - material resources: metals/minerals - abiotic depletion potential (ADP): elements (ultimate reserves),kg Sb-eq.,OCE,2050,FE_CC_MTO_with_loop,41.04762978851865,92822.71872628765
EF v3.1 - material resources: metals/minerals - abiotic depletion potential (ADP): elements (ultimate reserves),kg Sb-eq.,OCE,2050,FE_CC_gasification,38.64505932317862,92822.71872628765
EF v3.1 - material resources: metals/minerals - abiotic depletion potential (ADP): elements (ultimate reserves),kg Sb-eq.,OCE,2050,FE_CC_waste_pyrolysis,50.30577671379469,92822.71872628765
EF v3.1 - material resources: metals/minerals - abiotic depletion potential (ADP): elements (ultimate reserves),kg Sb-eq.,OCE,2050,FE_MDI,18804.951763155303,92822.71872628765
EF v3.1 - material resources: metals/minerals - abiotic depletion potential (ADP): elements (ultimate reserves),kg Sb-eq.,OCE,2050,FE_PBS,0.0,92822.71872628765
EF v3.1 - material resources: metals/minerals - abiotic depletion potential (ADP): elements (ultimate reserves),kg Sb-eq.,OCE,2050,FE_PET,9762.561799766552,92822.71872628765
EF v3.1 - material resources: metals/minerals - abiotic depletion potential (ADP): elements (ultimate reserves),kg Sb-eq.,OCE,2050,FE_PLA,2201.532649226898,92822.71872628765
EF v3.1 - material resources: metals/minerals - abiotic depletion potential (ADP): elements (ultimate reserves),kg Sb-eq.,OCE,2050,FE_PMMA,1159.3769526600893,92822.71872628765
EF v3.1 - material resources: metals/minerals - abiotic depletion potential (ADP): elements (ultimate reserves),kg Sb-eq.,OCE,2050,FE_PPP,8680.410502525103,92822.71872628765
EF v3.1 - material resources: metals/minerals - abiotic depletion potential (ADP): elements (ultimate reserves),kg Sb-eq.,OCE,2050,FE_PVC,15177.809093001144,92822.71872628765
EF v3.1 - material resources: metals/minerals - abiotic depletion potential (ADP): elements (ultimate reserves),kg Sb-eq.,OCE,2050,FE_nylon,307.3909795835955,92822.71872628765
EF v3.1 - material resources: metals/minerals - abiotic depletion potential (ADP): elements (ultimate reserves),kg Sb-eq.,OCE,2050,FE_polyols,0.0,92822.71872628765
EF v3.1 - material resources: metals/minerals - abiotic depletion potential (ADP): elements (ultimate reserves),kg Sb-eq.,OCE,2050,FE_polyols_lignin,0.0,92822.71872628765
EF v3.1 - material resources: metals/minerals - abiotic depletion potential (ADP): elements (ultimate reserves),kg Sb-eq.,OCE,2050,FE_polyols_retrofit,36598.68652054348,92822.71872628765
EF v3.1 - particulate matter formation - impact on human health,disease incidence,CL,2025,FE_CC_MTO_with_loop,0.0,161.12212178772074
EF v3.1 - particulate matter formation - impact on human health,disease incidence,CL,2025,FE_CC_gasification,0.0014850240731459098,161.12212178772074
EF v3.1 - particulate matter formation - impact on human health,disease incidence,CL,2025,FE_CC_waste_pyrolysis,0.007022351338218309,161.12212178772074
EF v3.1 - particulate matter formation - impact on human health,disease incidence,CL,2025,FE_MDI,30.359918303999823,161.12212178772074
EF v3.1 - particulate matter formation - impact on human health,disease incidence,CL,2025,FE_PBS,0.0,161.12212178772074
EF v3.1 - particulate matter formation - impact on human health,disease incidence,CL,2025,FE_PET,34.01254348388897,161.12212178772074
EF v3.1 - particulate matter formation - impact on human health,disease incidence,CL,2025,FE_PLA,0.0,161.12212178772074
EF v3.1 - particulate matter formation - impact on human health,disease incidence,CL,2025,FE_PMMA,4.426822513870339,161.12212178772074
EF v3.1 - particulate matter formation - impact on human health,disease incidence,CL,2025,FE_PPP,6.6894962616773075,161.12212178772074
EF v3.1 - particulate matter formation - impact on human health,disease incidence,CL,2025,FE_PVC,18.86975525269182,161.12212178772074
EF v3.1 - particulate matter formation - impact on human health,disease incidence,CL,2025,FE_nylon,22.798705442174565,161.12212178772074
EF v3.1 - particulate matter formation - impact on human health,disease incidence,CL,2025,FE_polyols,32.16319986871517,161.12212178772074
EF v3.1 - particulate matter formation - impact on human health,disease incidence,CL,2025,FE_polyols_lignin,0.0,161.12212178772074
EF v3.1 - particulate matter formation - impact on human health,disease incidence,CL,2025,FE_polyols_retrofit,11.7931732852914,161.12212178772074
EF v3.1 - particulate matter formation - impact on human health,disease incidence,CL,2030,FE_CC_MTO_with_loop,0.01736759826255916,151.26410447776934
EF v3.1 - particulate matter formation - impact on human health,disease incidence,CL,2030,FE_CC_gasification,0.21287979199324322,151.26410447776934
EF v3.1 - particulate matter formation - impact on human health,disease incidence,CL,2030,FE_CC_waste_pyrolysis,0.00820772350556882,151.26410447776934
EF v3.1 - particulate matter formation - impact on human health,disease incidence,CL,2030,FE_MDI,15.210579734400449,151.26410447776934
EF v3.1 - particulate matter formation - impact on human health,disease incidence,CL,2030,FE_PBS,0.0,151.26410447776934
EF v3.1 - particulate matter formation - impact on human health,disease incidence,CL,2030,FE_PET,34.97907556680211,151.26410447776934
EF v3.1 - particulate matter formation - impact on human health,disease incidence,CL,2030,FE_PLA,17.32583574919406,151.26410447776934
EF v3.1 - particulate matter formation - impact on human health,disease incidence,CL,2030,FE_PMMA,4.688402487271996,151.26410447776934
EF v3.1 - particulate matter formation - impact on human health,disease incidence,CL,2030,FE_PPP,7.268827550647163,151.26410447776934
EF v3.1 - particulate matter formation - impact on human health,disease incidence,CL,2030,FE_PVC,5.586528196747885,151.26410447776934
EF v3.1 - particulate matter formation - impact on human health,disease incidence,CL,2030,FE_nylon,20.9569851660447,151.26410447776934
EF v3.1 - particulate matter formation - impact on human health,disease incidence,CL,2030,FE_polyols,21.433054721782735,151.26410447776934
EF v3.1 - particulate matter formation - impact on human health,disease incidence,CL,2030,FE_polyols_lignin,0.0,151.26410447776934
EF v3.1 - particulate matter formation - impact on human health,disease incidence,CL,2030,FE_polyols_retrofit,23.57636019111686,151.26410447776934
EF v3.1 - particulate matter formation - impact on human health,disease incidence,CL,2035,FE_CC_MTO_with_loop,0.017297839906507316,141.34688769473246
EF v3.1 - particulate matter formation - impact on human health,disease incidence,CL,2035,FE_CC_gasification,0.14350423072319568,141.34688769473246
EF v3.1 - particulate matter formation - impact on human health,disease incidence,CL,2035,FE_CC_waste_pyrolysis,0.049881761210190945,141.34688769473246
EF v3.1 - particulate matter formation - impact on human health,disease incidence,CL,2035,FE_MDI,15.354379278715294,141.34688769473246
EF v3.1 - particulate matter formation - impact on human health,disease incidence,CL,2035,FE_PBS,0.0,141.34688769473246
EF v3.1 - particulate matter formation - impact on human health,disease incidence,CL,2035,FE_PET,33.67193657010122,141.34688769473246
EF v3.1 - particulate matter formation - impact on human health,disease incidence,CL,2035,FE_PLA,16.612925386795443,141.34688769473246
EF v3.1 - particulate matter formation - impact on human health,disease incidence,CL,2035,FE_PMMA,4.553112891831941,141.34688769473246
EF v3.1 - particulate matter formation - impact on human health,disease incidence,CL,2035,FE_PPP,3.270273649821848,141.34688769473246
EF v3.1 - particulate matter formation - impact on human health,disease incidence,CL,2035,FE_PVC,12.132671128082265,141.34688769473246
EF v3.1 - particulate matter formation - impact on human health,disease incidence,CL,2035,FE_nylon,7.393177948505827,141.34688769473246
EF v3.1 - particulate matter formation - impact on human health,disease incidence,CL,2035,FE_polyols,11.197145814185811,141.34688769473246
EF v3.1 - particulate matter formation - impact on human health,disease incidence,CL,2035,FE_polyols_lignin,0.0,141.34688769473246
EF v3.1 - particulate matter formation - impact on human health,disease incidence,CL,2035,FE_polyols_retrofit,36.950581194852916,141.34688769473246
EF v3.1 - particulate matter formation - impact on human health,disease incidence,CL,2040,FE_CC_MTO_with_loop,0.022631827321932207,132.324466436686
EF v3.1 - particulate matter formation - impact on human health,disease incidence,CL,2040,FE_CC_gasification,0.053311027365109356,132.324466436686
EF v3.1 - particulate matter formation - impact on human health,disease incidence,CL,2040,FE_CC_waste_pyrolysis,0.05479397381483514,132.324466436686
EF v3.1 - particulate matter formation - impact on human health,disease incidence,CL,2040,FE_MDI,0.0,132.324466436686
EF v3.1 - particulate matter formation - impact on human health,disease incidence,CL,2040,FE_PBS,0.0,132.324466436686
EF v3.1 - particulate matter formation - impact on human health,disease incidence,CL,2040,FE_PET,30.03426653031898,132.324466436686
EF v3.1 - particulate matter formation - impact on human health,disease incidence,CL,2040,FE_PLA,12.598542710884658,132.324466436686
EF v3.1 - particulate matter formation - impact on human health,disease incidence,CL,2040,FE_PMMA,4.2819368774496365,132.324466436686
EF v3.1 - particulate matter formation - impact on human health,disease incidence,CL,2040,FE_PPP,5.95526522299019,132.324466436686
EF v3.1 - particulate matter formation - impact on human health,disease incidence,CL,2040,FE_PVC,20.268721153413452,132.324466436686
EF v3.1 - particulate matter formation - impact on human health,disease incidence,CL,2040,FE_nylon,7.792430576991412,132.324466436686
EF v3.1 - particulate matter formation - impact on human health,disease incidence,CL,2040,FE_polyols,0.0,132.324466436686
EF v3.1 - particulate matter formation - impact on human health,disease incidence,CL,2040,FE_polyols_lignin,0.0,132.324466436686
EF v3.1 - particulate matter formation - impact on human health,disease incidence,CL,2040,FE_polyols_retrofit,51.26256653613582,132.324466436686
EF v3.1 - particulate matter formation - impact on human health,disease incidence,CL,2045,FE_CC_MTO_with_loop,0.025664495110076728,156.77149681274298
EF v3.1 - particulate matter formation - impact on human health,disease incidence,CL,2045,FE_CC_gasification,0.053155907065759685,156.77149681274298
EF v3.1 - particulate matter formation - impact on human health,disease incidence,CL,2045,FE_CC_waste_pyrolysis,0.047171643196702,156.77149681274298
EF v3.1 - particulate matter formation - impact on human health,disease incidence,CL,2045,FE_MDI,9.91201251606599,156.77149681274298
EF v3.1 - particulate matter formation - impact on human health,disease incidence,CL,2045,FE_PBS,2.222016831933847,156.77149681274298
EF v3.1 - particulate matter formation - impact on human health,disease incidence,CL,2045,FE_PET,30.651909896520916,156.77149681274298
EF v3.1 - particulate matter formation - impact on human health,disease incidence,CL,2045,FE_PLA,15.09624010469176,156.77149681274298
EF v3.1 - particulate matter formation - impact on human health,disease incidence,CL,2045,FE_PMMA,4.004010053708557,156.77149681274298
EF v3.1 - particulate matter formation - impact on human health,disease incidence,CL,2045,FE_PPP,0.0,156.77149681274298
EF v3.1 - particulate matter formation - impact on human health,disease incidence,CL,2045,FE_PVC,25.97519885155173,156.77149681274298
EF v3.1 - particulate matter formation - impact on human health,disease incidence,CL,2045,FE_nylon,8.18428280210232,156.77149681274298
EF v3.1 - particulate matter formation - impact on human health,disease incidence,CL,2045,FE_polyols,0.0,156.77149681274298
EF v3.1 - particulate matter formation - impact on human health,disease incidence,CL,2045,FE_polyols_lignin,0.0,156.77149681274298
EF v3.1 - particulate matter formation - impact on human health,disease incidence,CL,2045,FE_polyols_retrofit,60.59983371079533,156.77149681274298
EF v3.1 - particulate matter formation - impact on human health,disease incidence,CL,2050,FE_CC_MTO_with_loop,0.02352543573221385,113.67735470472282
EF v3.1 - particulate matter formation - impact on human health,disease incidence,CL,2050,FE_CC_gasification,0.07276506966075648,113.67735470472282
EF v3.1 - particulate matter formation - impact on human health,disease incidence,CL,2050,FE_CC_waste_pyrolysis,0.045572889198468344,113.67735470472282
EF v3.1 - particulate matter formation - impact on human health,disease incidence,CL,2050,FE_MDI,2.2751258686905755,113.67735470472282
EF v3.1 - particulate matter formation - impact on human health,disease incidence,CL,2050,FE_PBS,1.9935120881597994,113.67735470472282
EF v3.1 - particulate matter formation - impact on human health,disease incidence,CL,2050,FE_PET,28.502976953537328,113.67735470472282
EF v3.1 - particulate matter formation - impact on human health,disease incidence,CL,2050,FE_PLA,0.0,113.67735470472282
EF v3.1 - particulate matter formation - impact on human health,disease incidence,CL,2050,FE_PMMA,3.388928574792602,113.67735470472282
EF v3.1 - particulate matter formation - impact on human health,disease incidence,CL,2050,FE_PPP,21.675352376521385,113.67735470472282
EF v3.1 - particulate matter formation - impact on human health,disease incidence,CL,2050,FE_PVC,22.79605993735584,113.67735470472282
EF v3.1 - particulate matter formation - impact on human health,disease incidence,CL,2050,FE_nylon,30.426011042854654,113.67735470472282
EF v3.1 - particulate matter formation - impact on human health,disease incidence,CL,2050,FE_polyols,0.0,113.67735470472282
EF v3.1 - particulate matter formation - impact on human health,disease incidence,CL,2050,FE_polyols_lignin,2.477524468219207,113.67735470472282
EF v3.1 - particulate matter formation - impact on human health,disease incidence,CL,2050,FE_polyols_retrofit,0.0,113.67735470472282
EF v3.1 - particulate matter formation - impact on human health,disease incidence,OCE,2025,FE_CC_MTO_with_loop,0.0,161.16851533064664
EF v3.1 - particulate matter formation - impact on human health,disease incidence,OCE,2025,FE_CC_gasification,0.0,161.16851533064664
EF v3.1 - particulate matter formation - impact on human health,disease incidence,OCE,2025,FE_CC_waste_pyrolysis,0.007022351433197698,161.16851533064664
EF v3.1 - particulate matter formation - impact on human health,disease incidence,OCE,2025,FE_MDI,30.386912832962633,161.16851533064664
EF v3.1 - particulate matter formation - impact on human health,disease incidence,OCE,2025,FE_PBS,0.0,161.16851533064664
EF v3.1 - particulate matter formation - impact on human health,disease incidence,OCE,2025,FE_PET,34.017005913602574,161.16851533064664
EF v3.1 - particulate matter formation - impact on human health,disease incidence,OCE,2025,FE_PLA,0.0,161.16851533064664
EF v3.1 - particulate matter formation - impact on human health,disease incidence,OCE,2025,FE_PMMA,4.426822537670239,161.16851533064664
EF v3.1 - particulate matter formation - impact on human health,disease incidence,OCE,2025,FE_PPP,6.690303128670661,161.16851533064664
EF v3.1 - particulate matter formation - impact on human health,disease incidence,OCE,2025,FE_PVC,18.86975673634792,161.16851533064664
EF v3.1 - particulate matter formation - impact on human health,disease incidence,OCE,2025,FE_nylon,22.79870544265025,161.16851533064664
EF v3.1 - particulate matter formation - impact on human health,disease incidence,OCE,2025,FE_polyols,32.17462418567913,161.16851533064664
EF v3.1 - particulate matter formation - impact on human health,disease incidence,OCE,2025,FE_polyols_lignin,0.0,161.16851533064664
EF v3.1 - particulate matter formation - impact on human health,disease incidence,OCE,2025,FE_polyols_retrofit,11.79736220163005,161.16851533064664
EF v3.1 - particulate matter formation - impact on human health,disease incidence,OCE,2030,FE_CC_MTO_with_loop,0.005512535633960571,168.04462412825626
EF v3.1 - particulate matter formation - impact on human health,disease incidence,OCE,2030,FE_CC_gasification,0.022060781397469236,168.04462412825626
EF v3.1 - particulate matter formation - impact on human health,disease incidence,OCE,2030,FE_CC_waste_pyrolysis,-7.5543244326541525e-19,168.04462412825626
EF v3.1 - particulate matter formation - impact on human health,disease incidence,OCE,2030,FE_MDI,26.50945322502716,168.04462412825626
EF v3.1 - particulate matter formation - impact on human health,disease incidence,OCE,2030,FE_PBS,0.0,168.04462412825626
EF v3.1 - particulate matter formation - impact on human health,disease incidence,OCE,2030,FE_PET,35.0013466235739,168.04462412825626
EF v3.1 - particulate matter formation - impact on human health,disease incidence,OCE,2030,FE_PLA,11.421993779634146,168.04462412825626
EF v3.1 - particulate matter formation - impact on human health,disease incidence,OCE,2030,FE_PMMA,4.6884024797850685,168.04462412825626
EF v3.1 - particulate matter formation - impact on human health,disease incidence,OCE,2030,FE_PPP,6.6062727115411795,168.04462412825626
EF v3.1 - particulate matter formation - impact on human health,disease incidence,OCE,2030,FE_PVC,18.72558728521518,168.04462412825626
EF v3.1 - particulate matter formation - impact on human health,disease incidence,OCE,2030,FE_nylon,20.9569851660749,168.04462412825626
EF v3.1 - particulate matter formation - impact on human health,disease incidence,OCE,2030,FE_polyols,21.00333787725048,168.04462412825626
EF v3.1 - particulate matter formation - impact on human health,disease incidence,OCE,2030,FE_polyols_lignin,0.0,168.04462412825626
EF v3.1 - particulate matter formation - impact on human health,disease incidence,OCE,2030,FE_polyols_retrofit,23.10367166312281,168.04462412825626
EF v3.1 - particulate matter formation - impact on human health,disease incidence,OCE,2035,FE_CC_MTO_with_loop,0.010525021322729911,151.2478229497284
EF v3.1 - particulate matter formation - impact on human health,disease incidence,OCE,2035,FE_CC_gasification,0.12885612653950498,151.2478229497284
EF v3.1 - particulate matter formation - impact on human health,disease incidence,OCE,2035,FE_CC_waste_pyrolysis,0.04343795264354067,151.2478229497284
EF v3.1 - particulate matter formation - impact on human health,disease incidence,OCE,2035,FE_MDI,21.96826796253135,151.2478229497284
EF v3.1 - particulate matter formation - impact on human health,disease incidence,OCE,2035,FE_PBS,2.5570934110440917,151.2478229497284
EF v3.1 - particulate matter formation - impact on human health,disease incidence,OCE,2035,FE_PET,34.06210069628747,151.2478229497284
EF v3.1 - particulate matter formation - impact on human health,disease incidence,OCE,2035,FE_PLA,10.952013660289014,151.2478229497284
EF v3.1 - particulate matter formation - impact on human health,disease incidence,OCE,2035,FE_PMMA,4.553115890963843,151.2478229497284
EF v3.1 - particulate matter formation - impact on human health,disease incidence,OCE,2035,FE_PPP,0.0,151.2478229497284
EF v3.1 - particulate matter formation - impact on human health,disease incidence,OCE,2035,FE_PVC,8.442021673924206,151.2478229497284
EF v3.1 - particulate matter formation - impact on human health,disease incidence,OCE,2035,FE_nylon,22.285731842116498,151.2478229497284
EF v3.1 - particulate matter formation - impact on human health,disease incidence,OCE,2035,FE_polyols,10.754571791680995,151.2478229497284
EF v3.1 - particulate matter formation - impact on human health,disease incidence,OCE,2035,FE_polyols_lignin,0.0,151.2478229497284
EF v3.1 - particulate matter formation - impact on human health,disease incidence,OCE,2035,FE_polyols_retrofit,35.49008692038515,151.2478229497284
EF v3.1 - particulate matter formation - impact on human health,disease incidence,OCE,2040,FE_CC_MTO_with_loop,0.008791819026573494,169.4237964452995
EF v3.1 - particulate matter formation - impact on human health,disease incidence,OCE,2040,FE_CC_gasification,0.09279039317716098,169.4237964452995
EF v3.1 - particulate matter formation - impact on human health,disease incidence,OCE,2040,FE_CC_waste_pyrolysis,0.05578920925086608,169.4237964452995
EF v3.1 - particulate matter formation - impact on human health,disease incidence,OCE,2040,FE_MDI,19.365263940810095,169.4237964452995
EF v3.1 - particulate matter formation - impact on human health,disease incidence,OCE,2040,FE_PBS,2.4044503889756093,169.4237964452995
EF v3.1 - particulate matter formation - impact on human health,disease incidence,OCE,2040,FE_PET,32.514099610523125,169.4237964452995
EF v3.1 - particulate matter formation - impact on human health,disease incidence,OCE,2040,FE_PLA,10.555398969844049,169.4237964452995
EF v3.1 - particulate matter formation - impact on human health,disease incidence,OCE,2040,FE_PMMA,4.281934357518936,169.4237964452995
EF v3.1 - particulate matter formation - impact on human health,disease incidence,OCE,2040,FE_PPP,0.0,169.4237964452995
EF v3.1 - particulate matter formation - impact on human health,disease incidence,OCE,2040,FE_PVC,20.498072010884687,169.4237964452995
EF v3.1 - particulate matter formation - impact on human health,disease incidence,OCE,2040,FE_nylon,31.6436543030033,169.4237964452995
EF v3.1 - particulate matter formation - impact on human health,disease incidence,OCE,2040,FE_polyols,0.0,169.4237964452995
EF v3.1 - particulate matter formation - impact on human health,disease incidence,OCE,2040,FE_polyols_lignin,0.0,169.4237964452995
EF v3.1 - particulate matter formation - impact on human health,disease incidence,OCE,2040,FE_polyols_retrofit,48.00355144228509,169.4237964452995
EF v3.1 - particulate matter formation - impact on human health,disease incidence,OCE,2045,FE_CC_MTO_with_loop,0.045823208592630574,251.7586086941383
EF v3.1 - particulate matter formation - impact on human health,disease incidence,OCE,2045,FE_CC_gasification,0.08315944194196238,251.7586086941383
EF v3.1 - particulate matter formation - impact on human health,disease incidence,OCE,2045,FE_CC_waste_pyrolysis,0.09504052341671013,251.7586086941383
EF v3.1 - particulate matter formation - impact on human health,disease incidence,OCE,2045,FE_MDI,40.489649861585704,251.7586086941383
EF v3.1 - particulate matter formation - impact on human health,disease incidence,OCE,2045,FE_PBS,0.0,251.7586086941383
EF v3.1 - particulate matter formation - impact on human health,disease incidence,OCE,2045,FE_PET,41.96187835029487,251.7586086941383
EF v3.1 - particulate matter formation - impact on human health,disease incidence,OCE,2045,FE_PLA,10.047288323897787,251.7586086941383
EF v3.1 - particulate matter formation - impact on human health,disease incidence,OCE,2045,FE_PMMA,4.004039771857641,251.7586086941383
EF v3.1 - particulate matter formation - impact on human health,disease incidence,OCE,2045,FE_PPP,22.43366681431805,251.7586086941383
EF v3.1 - particulate matter formation - impact on human health,disease incidence,OCE,2045,FE_PVC,28.88559855051649,251.7586086941383
EF v3.1 - particulate matter formation - impact on human health,disease incidence,OCE,2045,FE_nylon,31.640105728130205,251.7586086941383
EF v3.1 - particulate matter formation - impact on human health,disease incidence,OCE,2045,FE_polyols,0.0,251.7586086941383
EF v3.1 - particulate matter formation - impact on human health,disease incidence,OCE,2045,FE_polyols_lignin,0.0,251.7586086941383
EF v3.1 - particulate matter formation - impact on human health,disease incidence,OCE,2045,FE_polyols_retrofit,72.07235811958626,251.7586086941383
EF v3.1 - particulate matter formation - impact on human health,disease incidence,OCE,2050,FE_CC_MTO_with_loop,0.06739151086889664,231.45712978003516
EF v3.1 - particulate matter formation - impact on human health,disease incidence,OCE,2050,FE_CC_gasification,0.06344699856611552,231.45712978003516
EF v3.1 - particulate matter formation - impact on human health,disease incidence,OCE,2050,FE_CC_waste_pyrolysis,0.08259142549897736,231.45712978003516
EF v3.1 - particulate matter formation - impact on human health,disease incidence,OCE,2050,FE_MDI,43.17800808946427,231.45712978003516
EF v3.1 - particulate matter formation - impact on human health,disease incidence,OCE,2050,FE_PBS,0.0,231.45712978003516
EF v3.1 - particulate matter formation - impact on human health,disease incidence,OCE,2050,FE_PET,29.469477435394214,231.45712978003516
EF v3.1 - particulate matter formation - impact on human health,disease incidence,OCE,2050,FE_PLA,14.478893439602237,231.45712978003516
EF v3.1 - particulate matter formation - impact on human health,disease incidence,OCE,2050,FE_PMMA,3.3889457766023097,231.45712978003516
EF v3.1 - particulate matter formation - impact on human health,disease incidence,OCE,2050,FE_PPP,20.96998552865067,231.45712978003516
EF v3.1 - particulate matter formation - impact on human health,disease incidence,OCE,2050,FE_PVC,24.509768383342156,231.45712978003516
EF v3.1 - particulate matter formation - impact on human health,disease incidence,OCE,2050,FE_nylon,31.63565473236752,231.45712978003516
EF v3.1 - particulate matter formation - impact on human health,disease incidence,OCE,2050,FE_polyols,0.0,231.45712978003516
EF v3.1 - particulate matter formation - impact on human health,disease incidence,OCE,2050,FE_polyols_lignin,0.0,231.45712978003516
EF v3.1 - particulate matter formation - impact on human health,disease incidence,OCE,2050,FE_polyols_retrofit,63.612966459677786,231.45712978003516
"IPCC 2021 (incl. biogenic CO2) - climate change: total (incl. biogenic CO2, incl. SLCFs) - global warming potential (GWP100)",kg CO$_{2}$-eq.,CL,2025,FE_CC_MTO_with_loop,0.0,4341134488.414864
"IPCC 2021 (incl. biogenic CO2) - climate change: total (incl. biogenic CO2, incl. SLCFs) - global warming potential (GWP100)",kg CO$_{2}$-eq.,CL,2025,FE_CC_gasification,-2859660.519482328,4341134488.414864
"IPCC 2021 (incl. biogenic CO2) - climate change: total (incl. biogenic CO2, incl. SLCFs) - global warming potential (GWP100)",kg CO$_{2}$-eq.,CL,2025,FE_CC_waste_pyrolysis,-13522703.933803277,4341134488.414864
"IPCC 2021 (incl. biogenic CO2) - climate change: total (incl. biogenic CO2, incl. SLCFs) - global warming potential (GWP100)",kg CO$_{2}$-eq.,CL,2025,FE_MDI,747462934.5526904,4341134488.414864
"IPCC 2021 (incl. biogenic CO2) - climate change: total (incl. biogenic CO2, incl. SLCFs) - global warming potential (GWP100)",kg CO$_{2}$-eq.,CL,2025,FE_PBS,0.0,4341134488.414864
"IPCC 2021 (incl. biogenic CO2) - climate change: total (incl. biogenic CO2, incl. SLCFs) - global warming potential (GWP100)",kg CO$_{2}$-eq.,CL,2025,FE_PET,742278168.7190521,4341134488.414864
"IPCC 2021 (incl. biogenic CO2) - climate change: total (incl. biogenic CO2, incl. SLCFs) - global warming potential (GWP100)",kg CO$_{2}$-eq.,CL,2025,FE_PLA,0.0,4341134488.414864
"IPCC 2021 (incl. biogenic CO2) - climate change: total (incl. biogenic CO2, incl. SLCFs) - global warming potential (GWP100)",kg CO$_{2}$-eq.,CL,2025,FE_PMMA,70418837.86163254,4341134488.414864
"IPCC 2021 (incl. biogenic CO2) - climate change: total (incl. biogenic CO2, incl. SLCFs) - global warming potential (GWP100)",kg CO$_{2}$-eq.,CL,2025,FE_PPP,346867675.3979633,4341134488.414864
"IPCC 2021 (incl. biogenic CO2) - climate change: total (incl. biogenic CO2, incl. SLCFs) - global warming potential (GWP100)",kg CO$_{2}$-eq.,CL,2025,FE_PVC,635568974.8398288,4341134488.414864
"IPCC 2021 (incl. biogenic CO2) - climate change: total (incl. biogenic CO2, incl. SLCFs) - global warming potential (GWP100)",kg CO$_{2}$-eq.,CL,2025,FE_nylon,536720416.07048017,4341134488.414864
"IPCC 2021 (incl. biogenic CO2) - climate change: total (incl. biogenic CO2, incl. SLCFs) - global warming potential (GWP100)",kg CO$_{2}$-eq.,CL,2025,FE_polyols,935268179.5800712,4341134488.414864
"IPCC 2021 (incl. biogenic CO2) - climate change: total (incl. biogenic CO2, incl. SLCFs) - global warming potential (GWP100)",kg CO$_{2}$-eq.,CL,2025,FE_polyols_lignin,0.0,4341134488.414864
"IPCC 2021 (incl. biogenic CO2) - climate change: total (incl. biogenic CO2, incl. SLCFs) - global warming potential (GWP100)",kg CO$_{2}$-eq.,CL,2025,FE_polyols_retrofit,342931665.8464307,4341134488.414864
"IPCC 2021 (incl. biogenic CO2) - climate change: total (incl. biogenic CO2, incl. SLCFs) - global warming potential (GWP100)",kg CO$_{2}$-eq.,CL,2030,FE_CC_MTO_with_loop,-40609710.80753019,2758007433.9383426
"IPCC 2021 (incl. biogenic CO2) - climate change: total (incl. biogenic CO2, incl. SLCFs) - global warming potential (GWP100)",kg CO$_{2}$-eq.,CL,2030,FE_CC_gasification,-497765244.4075956,2758007433.9383426
"IPCC 2021 (incl. biogenic CO2) - climate change: total (incl. biogenic CO2, incl. SLCFs) - global warming potential (GWP100)",kg CO$_{2}$-eq.,CL,2030,FE_CC_waste_pyrolysis,-19191673.634566605,2758007433.9383426
"IPCC 2021 (incl. biogenic CO2) - climate change: total (incl. biogenic CO2, incl. SLCFs) - global warming potential (GWP100)",kg CO$_{2}$-eq.,CL,2030,FE_MDI,345605628.60053605,2758007433.9383426
"IPCC 2021 (incl. biogenic CO2) - climate change: total (incl. biogenic CO2, incl. SLCFs) - global warming potential (GWP100)",kg CO$_{2}$-eq.,CL,2030,FE_PBS,0.0,2758007433.9383426
"IPCC 2021 (incl. biogenic CO2) - climate change: total (incl. biogenic CO2, incl. SLCFs) - global warming potential (GWP100)",kg CO$_{2}$-eq.,CL,2030,FE_PET,630654758.6001875,2758007433.9383426
"IPCC 2021 (incl. biogenic CO2) - climate change: total (incl. biogenic CO2, incl. SLCFs) - global warming potential (GWP100)",kg CO$_{2}$-eq.,CL,2030,FE_PLA,203916336.39323056,2758007433.9383426
"IPCC 2021 (incl. biogenic CO2) - climate change: total (incl. biogenic CO2, incl. SLCFs) - global warming potential (GWP100)",kg CO$_{2}$-eq.,CL,2030,FE_PMMA,57294587.14533586,2758007433.9383426
"IPCC 2021 (incl. biogenic CO2) - climate change: total (incl. biogenic CO2, incl. SLCFs) - global warming potential (GWP100)",kg CO$_{2}$-eq.,CL,2030,FE_PPP,324089613.2360452,2758007433.9383426
"IPCC 2021 (incl. biogenic CO2) - climate change: total (incl. biogenic CO2, incl. SLCFs) - global warming potential (GWP100)",kg CO$_{2}$-eq.,CL,2030,FE_PVC,160700991.52343124,2758007433.9383426
"IPCC 2021 (incl. biogenic CO2) - climate change: total (incl. biogenic CO2, incl. SLCFs) - global warming potential (GWP100)",kg CO$_{2}$-eq.,CL,2030,FE_nylon,493352151.6741094,2758007433.9383426
"IPCC 2021 (incl. biogenic CO2) - climate change: total (incl. biogenic CO2, incl. SLCFs) - global warming potential (GWP100)",kg CO$_{2}$-eq.,CL,2030,FE_polyols,523790474.1100735,2758007433.9383426
"IPCC 2021 (incl. biogenic CO2) - climate change: total (incl. biogenic CO2, incl. SLCFs) - global warming potential (GWP100)",kg CO$_{2}$-eq.,CL,2030,FE_polyols_lignin,0.0,2758007433.9383426
"IPCC 2021 (incl. biogenic CO2) - climate change: total (incl. biogenic CO2, incl. SLCFs) - global warming potential (GWP100)",kg CO$_{2}$-eq.,CL,2030,FE_polyols_retrofit,576169521.5050855,2758007433.9383426
"IPCC 2021 (incl. biogenic CO2) - climate change: total (incl. biogenic CO2, incl. SLCFs) - global warming potential (GWP100)",kg CO$_{2}$-eq.,CL,2035,FE_CC_MTO_with_loop,-51648125.80674709,1808288370.8325577
"IPCC 2021 (incl. biogenic CO2) - climate change: total (incl. biogenic CO2, incl. SLCFs) - global warming potential (GWP100)",kg CO$_{2}$-eq.,CL,2035,FE_CC_gasification,-428476885.26200056,1808288370.8325577
"IPCC 2021 (incl. biogenic CO2) - climate change: total (incl. biogenic CO2, incl. SLCFs) - global warming potential (GWP100)",kg CO$_{2}$-eq.,CL,2035,FE_CC_waste_pyrolysis,-148937641.5295249,1808288370.8325577
"IPCC 2021 (incl. biogenic CO2) - climate change: total (incl. biogenic CO2, incl. SLCFs) - global warming potential (GWP100)",kg CO$_{2}$-eq.,CL,2035,FE_MDI,309419821.82200307,1808288370.8325577
"IPCC 2021 (incl. biogenic CO2) - climate change: total (incl. biogenic CO2, incl. SLCFs) - global warming potential (GWP100)",kg CO$_{2}$-eq.,CL,2035,FE_PBS,0.0,1808288370.8325577
"IPCC 2021 (incl. biogenic CO2) - climate change: total (incl. biogenic CO2, incl. SLCFs) - global warming potential (GWP100)",kg CO$_{2}$-eq.,CL,2035,FE_PET,554532067.7291805,1808288370.8325577
"IPCC 2021 (incl. biogenic CO2) - climate change: total (incl. biogenic CO2, incl. SLCFs) - global warming potential (GWP100)",kg CO$_{2}$-eq.,CL,2035,FE_PLA,177635267.41916618,1808288370.8325577
"IPCC 2021 (incl. biogenic CO2) - climate change: total (incl. biogenic CO2, incl. SLCFs) - global warming potential (GWP100)",kg CO$_{2}$-eq.,CL,2035,FE_PMMA,47554659.965023264,1808288370.8325577
"IPCC 2021 (incl. biogenic CO2) - climate change: total (incl. biogenic CO2, incl. SLCFs) - global warming potential (GWP100)",kg CO$_{2}$-eq.,CL,2035,FE_PPP,64802068.41664348,1808288370.8325577
"IPCC 2021 (incl. biogenic CO2) - climate change: total (incl. biogenic CO2, incl. SLCFs) - global warming potential (GWP100)",kg CO$_{2}$-eq.,CL,2035,FE_PVC,261976456.11180088,1808288370.8325577
"IPCC 2021 (incl. biogenic CO2) - climate change: total (incl. biogenic CO2, incl. SLCFs) - global warming potential (GWP100)",kg CO$_{2}$-eq.,CL,2035,FE_nylon,174040096.41960645,1808288370.8325577
"IPCC 2021 (incl. biogenic CO2) - climate change: total (incl. biogenic CO2, incl. SLCFs) - global warming potential (GWP100)",kg CO$_{2}$-eq.,CL,2035,FE_polyols,197067578.02514964,1808288370.8325577
"IPCC 2021 (incl. biogenic CO2) - climate change: total (incl. biogenic CO2, incl. SLCFs) - global warming potential (GWP100)",kg CO$_{2}$-eq.,CL,2035,FE_polyols_lignin,0.0,1808288370.8325577
"IPCC 2021 (incl. biogenic CO2) - climate change: total (incl. biogenic CO2, incl. SLCFs) - global warming potential (GWP100)",kg CO$_{2}$-eq.,CL,2035,FE_polyols_retrofit,650323007.5222567,1808288370.8325577
"IPCC 2021 (incl. biogenic CO2) - climate change: total (incl. biogenic CO2, incl. SLCFs) - global warming potential (GWP100)",kg CO$_{2}$-eq.,CL,2040,FE_CC_MTO_with_loop,-80927588.40980385,2016480385.4045734
"IPCC 2021 (incl. biogenic CO2) - climate change: total (incl. biogenic CO2, incl. SLCFs) - global warming potential (GWP100)",kg CO$_{2}$-eq.,CL,2040,FE_CC_gasification,-190631221.2055417,2016480385.4045734
"IPCC 2021 (incl. biogenic CO2) - climate change: total (incl. biogenic CO2, incl. SLCFs) - global warming potential (GWP100)",kg CO$_{2}$-eq.,CL,2040,FE_CC_waste_pyrolysis,-195933986.9977568,2016480385.4045734
"IPCC 2021 (incl. biogenic CO2) - climate change: total (incl. biogenic CO2, incl. SLCFs) - global warming potential (GWP100)",kg CO$_{2}$-eq.,CL,2040,FE_MDI,0.0,2016480385.4045734
"IPCC 2021 (incl. biogenic CO2) - climate change: total (incl. biogenic CO2, incl. SLCFs) - global warming potential (GWP100)",kg CO$_{2}$-eq.,CL,2040,FE_PBS,0.0,2016480385.4045734
"IPCC 2021 (incl. biogenic CO2) - climate change: total (incl. biogenic CO2, incl. SLCFs) - global warming potential (GWP100)",kg CO$_{2}$-eq.,CL,2040,FE_PET,742469779.529748,2016480385.4045734
"IPCC 2021 (incl. biogenic CO2) - climate change: total (incl. biogenic CO2, incl. SLCFs) - global warming potential (GWP100)",kg CO$_{2}$-eq.,CL,2040,FE_PLA,120194849.41960844,2016480385.4045734
"IPCC 2021 (incl. biogenic CO2) - climate change: total (incl. biogenic CO2, incl. SLCFs) - global warming potential (GWP100)",kg CO$_{2}$-eq.,CL,2040,FE_PMMA,40942369.58333558,2016480385.4045734
"IPCC 2021 (incl. biogenic CO2) - climate change: total (incl. biogenic CO2, incl. SLCFs) - global warming potential (GWP100)",kg CO$_{2}$-eq.,CL,2040,FE_PPP,125251564.96635982,2016480385.4045734
"IPCC 2021 (incl. biogenic CO2) - climate change: total (incl. biogenic CO2, incl. SLCFs) - global warming potential (GWP100)",kg CO$_{2}$-eq.,CL,2040,FE_PVC,318731291.035565,2016480385.4045734
"IPCC 2021 (incl. biogenic CO2) - climate change: total (incl. biogenic CO2, incl. SLCFs) - global warming potential (GWP100)",kg CO$_{2}$-eq.,CL,2040,FE_nylon,183429016.9306877,2016480385.4045734
"IPCC 2021 (incl. biogenic CO2) - climate change: total (incl. biogenic CO2, incl. SLCFs) - global warming potential (GWP100)",kg CO$_{2}$-eq.,CL,2040,FE_polyols,0.0,2016480385.4045734
"IPCC 2021 (incl. biogenic CO2) - climate change: total (incl. biogenic CO2, incl. SLCFs) - global warming potential (GWP100)",kg CO$_{2}$-eq.,CL,2040,FE_polyols_lignin,0.0,2016480385.4045734
"IPCC 2021 (incl. biogenic CO2) - climate change: total (incl. biogenic CO2, incl. SLCFs) - global warming potential (GWP100)",kg CO$_{2}$-eq.,CL,2040,FE_polyols_retrofit,952954310.5523711,2016480385.4045734
"IPCC 2021 (incl. biogenic CO2) - climate change: total (incl. biogenic CO2, incl. SLCFs) - global warming potential (GWP100)",kg CO$_{2}$-eq.,CL,2045,FE_CC_MTO_with_loop,-106651939.100692,837096449.5061052
"IPCC 2021 (incl. biogenic CO2) - climate change: total (incl. biogenic CO2, incl. SLCFs) - global warming potential (GWP100)",kg CO$_{2}$-eq.,CL,2045,FE_CC_gasification,-220895853.9742946,837096449.5061052
"IPCC 2021 (incl. biogenic CO2) - climate change: total (incl. biogenic CO2, incl. SLCFs) - global warming potential (GWP100)",kg CO$_{2}$-eq.,CL,2045,FE_CC_waste_pyrolysis,-196027515.64939475,837096449.5061052
"IPCC 2021 (incl. biogenic CO2) - climate change: total (incl. biogenic CO2, incl. SLCFs) - global warming potential (GWP100)",kg CO$_{2}$-eq.,CL,2045,FE_MDI,194246741.94307032,837096449.5061052
"IPCC 2021 (incl. biogenic CO2) - climate change: total (incl. biogenic CO2, incl. SLCFs) - global warming potential (GWP100)",kg CO$_{2}$-eq.,CL,2045,FE_PBS,-14900879.958991991,837096449.5061052
"IPCC 2021 (incl. biogenic CO2) - climate change: total (incl. biogenic CO2, incl. SLCFs) - global warming potential (GWP100)",kg CO$_{2}$-eq.,CL,2045,FE_PET,557198445.1253196,837096449.5061052
"IPCC 2021 (incl. biogenic CO2) - climate change: total (incl. biogenic CO2, incl. SLCFs) - global warming potential (GWP100)",kg CO$_{2}$-eq.,CL,2045,FE_PLA,122307375.35812059,837096449.5061052
"IPCC 2021 (incl. biogenic CO2) - climate change: total (incl. biogenic CO2, incl. SLCFs) - global warming potential (GWP100)",kg CO$_{2}$-eq.,CL,2045,FE_PMMA,31047503.36697849,837096449.5061052
"IPCC 2021 (incl. biogenic CO2) - climate change: total (incl. biogenic CO2, incl. SLCFs) - global warming potential (GWP100)",kg CO$_{2}$-eq.,CL,2045,FE_PPP,0.0,837096449.5061052
"IPCC 2021 (incl. biogenic CO2) - climate change: total (incl. biogenic CO2, incl. SLCFs) - global warming potential (GWP100)",kg CO$_{2}$-eq.,CL,2045,FE_PVC,-22237195.68030399,837096449.5061052
"IPCC 2021 (incl. biogenic CO2) - climate change: total (incl. biogenic CO2, incl. SLCFs) - global warming potential (GWP100)",kg CO$_{2}$-eq.,CL,2045,FE_nylon,192635620.985524,837096449.5061052
"IPCC 2021 (incl. biogenic CO2) - climate change: total (incl. biogenic CO2, incl. SLCFs) - global warming potential (GWP100)",kg CO$_{2}$-eq.,CL,2045,FE_polyols,0.0,837096449.5061052
"IPCC 2021 (incl. biogenic CO2) - climate change: total (incl. biogenic CO2, incl. SLCFs) - global warming potential (GWP100)",kg CO$_{2}$-eq.,CL,2045,FE_polyols_lignin,0.0,837096449.5061052
"IPCC 2021 (incl. biogenic CO2) - climate change: total (incl. biogenic CO2, incl. SLCFs) - global warming potential (GWP100)",kg CO$_{2}$-eq.,CL,2045,FE_polyols_retrofit,300374147.09076965,837096449.5061052
"IPCC 2021 (incl. biogenic CO2) - climate change: total (incl. biogenic CO2, incl. SLCFs) - global warming potential (GWP100)",kg CO$_{2}$-eq.,CL,2050,FE_CC_MTO_with_loop,-112533890.00748923,208398221.20311704
"IPCC 2021 (incl. biogenic CO2) - climate change: total (incl. biogenic CO2, incl. SLCFs) - global warming potential (GWP100)",kg CO$_{2}$-eq.,CL,2050,FE_CC_gasification,-348071612.4245355,208398221.20311704
"IPCC 2021 (incl. biogenic CO2) - climate change: total (incl. biogenic CO2, incl. SLCFs) - global warming potential (GWP100)",kg CO$_{2}$-eq.,CL,2050,FE_CC_waste_pyrolysis,-217997856.8964527,208398221.20311704
"IPCC 2021 (incl. biogenic CO2) - climate change: total (incl. biogenic CO2, incl. SLCFs) - global warming potential (GWP100)",kg CO$_{2}$-eq.,CL,2050,FE_MDI,28762671.269258022,208398221.20311704
"IPCC 2021 (incl. biogenic CO2) - climate change: total (incl. biogenic CO2, incl. SLCFs) - global warming potential (GWP100)",kg CO$_{2}$-eq.,CL,2050,FE_PBS,-16940739.89779436,208398221.20311704
"IPCC 2021 (incl. biogenic CO2) - climate change: total (incl. biogenic CO2, incl. SLCFs) - global warming potential (GWP100)",kg CO$_{2}$-eq.,CL,2050,FE_PET,318490048.4060251,208398221.20311704
"IPCC 2021 (incl. biogenic CO2) - climate change: total (incl. biogenic CO2, incl. SLCFs) - global warming potential (GWP100)",kg CO$_{2}$-eq.,CL,2050,FE_PLA,0.0,208398221.20311704
"IPCC 2021 (incl. biogenic CO2) - climate change: total (incl. biogenic CO2, incl. SLCFs) - global warming potential (GWP100)",kg CO$_{2}$-eq.,CL,2050,FE_PMMA,28843705.757580165,208398221.20311704
"IPCC 2021 (incl. biogenic CO2) - climate change: total (incl. biogenic CO2, incl. SLCFs) - global warming potential (GWP100)",kg CO$_{2}$-eq.,CL,2050,FE_PPP,-164605182.5815938,208398221.20311704
"IPCC 2021 (incl. biogenic CO2) - climate change: total (incl. biogenic CO2, incl. SLCFs) - global warming potential (GWP100)",kg CO$_{2}$-eq.,CL,2050,FE_PVC,-36688213.907836795,208398221.20311704
"IPCC 2021 (incl. biogenic CO2) - climate change: total (incl. biogenic CO2, incl. SLCFs) - global warming potential (GWP100)",kg CO$_{2}$-eq.,CL,2050,FE_nylon,716079080.2557285,208398221.20311704
"IPCC 2021 (incl. biogenic CO2) - climate change: total (incl. biogenic CO2, incl. SLCFs) - global warming potential (GWP100)",kg CO$_{2}$-eq.,CL,2050,FE_polyols,0.0,208398221.20311704
"IPCC 2021 (incl. biogenic CO2) - climate change: total (incl. biogenic CO2, incl. SLCFs) - global warming potential (GWP100)",kg CO$_{2}$-eq.,CL,2050,FE_polyols_lignin,13060211.230227612,208398221.20311704
"IPCC 2021 (incl. biogenic CO2) - climate change: total (incl. biogenic CO2, incl. SLCFs) - global warming potential (GWP100)",kg CO$_{2}$-eq.,CL,2050,FE_polyols_retrofit,0.0,208398221.20311704
"IPCC 2021 (incl. biogenic CO2) - climate change: total (incl. biogenic CO2, incl. SLCFs) - global warming potential (GWP100)",kg CO$_{2}$-eq.,OCE,2025,FE_CC_MTO_with_loop,0.0,4342717771.310166
"IPCC 2021 (incl. biogenic CO2) - climate change: total (incl. biogenic CO2, incl. SLCFs) - global warming potential (GWP100)",kg CO$_{2}$-eq.,OCE,2025,FE_CC_gasification,0.0,4342717771.310166
"IPCC 2021 (incl. biogenic CO2) - climate change: total (incl. biogenic CO2, incl. SLCFs) - global warming potential (GWP100)",kg CO$_{2}$-eq.,OCE,2025,FE_CC_waste_pyrolysis,-13522703.936322527,4342717771.310166
"IPCC 2021 (incl. biogenic CO2) - climate change: total (incl. biogenic CO2, incl. SLCFs) - global warming potential (GWP100)",kg CO$_{2}$-eq.,OCE,2025,FE_MDI,746746095.3137599,4342717771.310166
"IPCC 2021 (incl. biogenic CO2) - climate change: total (incl. biogenic CO2, incl. SLCFs) - global warming potential (GWP100)",kg CO$_{2}$-eq.,OCE,2025,FE_PBS,0.0,4342717771.310166
"IPCC 2021 (incl. biogenic CO2) - climate change: total (incl. biogenic CO2, incl. SLCFs) - global warming potential (GWP100)",kg CO$_{2}$-eq.,OCE,2025,FE_PET,741994955.626104,4342717771.310166
"IPCC 2021 (incl. biogenic CO2) - climate change: total (incl. biogenic CO2, incl. SLCFs) - global warming potential (GWP100)",kg CO$_{2}$-eq.,OCE,2025,FE_PLA,0.0,4342717771.310166
"IPCC 2021 (incl. biogenic CO2) - climate change: total (incl. biogenic CO2, incl. SLCFs) - global warming potential (GWP100)",kg CO$_{2}$-eq.,OCE,2025,FE_PMMA,70418837.21926497,4342717771.310166
"IPCC 2021 (incl. biogenic CO2) - climate change: total (incl. biogenic CO2, incl. SLCFs) - global warming potential (GWP100)",kg CO$_{2}$-eq.,OCE,2025,FE_PPP,346915068.30751044,4342717771.310166
"IPCC 2021 (incl. biogenic CO2) - climate change: total (incl. biogenic CO2, incl. SLCFs) - global warming potential (GWP100)",kg CO$_{2}$-eq.,OCE,2025,FE_PVC,635568935.4994954,4342717771.310166
"IPCC 2021 (incl. biogenic CO2) - climate change: total (incl. biogenic CO2, incl. SLCFs) - global warming potential (GWP100)",kg CO$_{2}$-eq.,OCE,2025,FE_nylon,536720416.0575714,4342717771.310166
"IPCC 2021 (incl. biogenic CO2) - climate change: total (incl. biogenic CO2, incl. SLCFs) - global warming potential (GWP100)",kg CO$_{2}$-eq.,OCE,2025,FE_polyols,935031341.8692226,4342717771.310166
"IPCC 2021 (incl. biogenic CO2) - climate change: total (incl. biogenic CO2, incl. SLCFs) - global warming potential (GWP100)",kg CO$_{2}$-eq.,OCE,2025,FE_polyols_lignin,0.0,4342717771.310166
"IPCC 2021 (incl. biogenic CO2) - climate change: total (incl. biogenic CO2, incl. SLCFs) - global warming potential (GWP100)",kg CO$_{2}$-eq.,OCE,2025,FE_polyols_retrofit,342844825.3535599,4342717771.310166
"IPCC 2021 (incl. biogenic CO2) - climate change: total (incl. biogenic CO2, incl. SLCFs) - global warming potential (GWP100)",kg CO$_{2}$-eq.,OCE,2030,FE_CC_MTO_with_loop,-12889662.028948594,3827561662.7150526
"IPCC 2021 (incl. biogenic CO2) - climate change: total (incl. biogenic CO2, incl. SLCFs) - global warming potential (GWP100)",kg CO$_{2}$-eq.,OCE,2030,FE_CC_gasification,-51583524.39844439,3827561662.7150526
"IPCC 2021 (incl. biogenic CO2) - climate change: total (incl. biogenic CO2, incl. SLCFs) - global warming potential (GWP100)",kg CO$_{2}$-eq.,OCE,2030,FE_CC_waste_pyrolysis,1.7663865645059093e-09,3827561662.7150526
"IPCC 2021 (incl. biogenic CO2) - climate change: total (incl. biogenic CO2, incl. SLCFs) - global warming potential (GWP100)",kg CO$_{2}$-eq.,OCE,2030,FE_MDI,605102268.104304,3827561662.7150526
"IPCC 2021 (incl. biogenic CO2) - climate change: total (incl. biogenic CO2, incl. SLCFs) - global warming potential (GWP100)",kg CO$_{2}$-eq.,OCE,2030,FE_PBS,0.0,3827561662.7150526
"IPCC 2021 (incl. biogenic CO2) - climate change: total (incl. biogenic CO2, incl. SLCFs) - global warming potential (GWP100)",kg CO$_{2}$-eq.,OCE,2030,FE_PET,630764517.3214897,3827561662.7150526
"IPCC 2021 (incl. biogenic CO2) - climate change: total (incl. biogenic CO2, incl. SLCFs) - global warming potential (GWP100)",kg CO$_{2}$-eq.,OCE,2030,FE_PLA,134431103.0263876,3827561662.7150526
"IPCC 2021 (incl. biogenic CO2) - climate change: total (incl. biogenic CO2, incl. SLCFs) - global warming potential (GWP100)",kg CO$_{2}$-eq.,OCE,2030,FE_PMMA,57294589.01972948,3827561662.7150526
"IPCC 2021 (incl. biogenic CO2) - climate change: total (incl. biogenic CO2, incl. SLCFs) - global warming potential (GWP100)",kg CO$_{2}$-eq.,OCE,2030,FE_PPP,327759814.467974,3827561662.7150526
"IPCC 2021 (incl. biogenic CO2) - climate change: total (incl. biogenic CO2, incl. SLCFs) - global warming potential (GWP100)",kg CO$_{2}$-eq.,OCE,2030,FE_PVC,537340540.3767751,3827561662.7150526
"IPCC 2021 (incl. biogenic CO2) - climate change: total (incl. biogenic CO2, incl. SLCFs) - global warming potential (GWP100)",kg CO$_{2}$-eq.,OCE,2030,FE_nylon,493352151.7074177,3827561662.7150526
"IPCC 2021 (incl. biogenic CO2) - climate change: total (incl. biogenic CO2, incl. SLCFs) - global warming potential (GWP100)",kg CO$_{2}$-eq.,OCE,2030,FE_polyols,526661840.5371913,3827561662.7150526
"IPCC 2021 (incl. biogenic CO2) - climate change: total (incl. biogenic CO2, incl. SLCFs) - global warming potential (GWP100)",kg CO$_{2}$-eq.,OCE,2030,FE_polyols_lignin,0.0,3827561662.7150526
"IPCC 2021 (incl. biogenic CO2) - climate change: total (incl. biogenic CO2, incl. SLCFs) - global warming potential (GWP100)",kg CO$_{2}$-eq.,OCE,2030,FE_polyols_retrofit,579328024.5811766,3827561662.7150526
"IPCC 2021 (incl. biogenic CO2) - climate change: total (incl. biogenic CO2, incl. SLCFs) - global warming potential (GWP100)",kg CO$_{2}$-eq.,OCE,2035,FE_CC_MTO_with_loop,-31425689.87495405,2152482971.870903
"IPCC 2021 (incl. biogenic CO2) - climate change: total (incl. biogenic CO2, incl. SLCFs) - global warming potential (GWP100)",kg CO$_{2}$-eq.,OCE,2035,FE_CC_gasification,-384739616.9178599,2152482971.870903
"IPCC 2021 (incl. biogenic CO2) - climate change: total (incl. biogenic CO2, incl. SLCFs) - global warming potential (GWP100)",kg CO$_{2}$-eq.,OCE,2035,FE_CC_waste_pyrolysis,-129697374.15928724,2152482971.870903
"IPCC 2021 (incl. biogenic CO2) - climate change: total (incl. biogenic CO2, incl. SLCFs) - global warming potential (GWP100)",kg CO$_{2}$-eq.,OCE,2035,FE_MDI,426462540.2184336,2152482971.870903
"IPCC 2021 (incl. biogenic CO2) - climate change: total (incl. biogenic CO2, incl. SLCFs) - global warming potential (GWP100)",kg CO$_{2}$-eq.,OCE,2035,FE_PBS,-8050324.35612017,2152482971.870903
"IPCC 2021 (incl. biogenic CO2) - climate change: total (incl. biogenic CO2, incl. SLCFs) - global warming potential (GWP100)",kg CO$_{2}$-eq.,OCE,2035,FE_PET,535388092.92352194,2152482971.870903
"IPCC 2021 (incl. biogenic CO2) - climate change: total (incl. biogenic CO2, incl. SLCFs) - global warming potential (GWP100)",kg CO$_{2}$-eq.,OCE,2035,FE_PLA,117105261.882667,2152482971.870903
"IPCC 2021 (incl. biogenic CO2) - climate change: total (incl. biogenic CO2, incl. SLCFs) - global warming potential (GWP100)",kg CO$_{2}$-eq.,OCE,2035,FE_PMMA,47554532.79257782,2152482971.870903
"IPCC 2021 (incl. biogenic CO2) - climate change: total (incl. biogenic CO2, incl. SLCFs) - global warming potential (GWP100)",kg CO$_{2}$-eq.,OCE,2035,FE_PPP,0.0,2152482971.870903
"IPCC 2021 (incl. biogenic CO2) - climate change: total (incl. biogenic CO2, incl. SLCFs) - global warming potential (GWP100)",kg CO$_{2}$-eq.,OCE,2035,FE_PVC,160391244.19590232,2152482971.870903
"IPCC 2021 (incl. biogenic CO2) - climate change: total (incl. biogenic CO2, incl. SLCFs) - global warming potential (GWP100)",kg CO$_{2}$-eq.,OCE,2035,FE_nylon,524620255.62084395,2152482971.870903
"IPCC 2021 (incl. biogenic CO2) - climate change: total (incl. biogenic CO2, incl. SLCFs) - global warming potential (GWP100)",kg CO$_{2}$-eq.,OCE,2035,FE_polyols,208110244.07144222,2152482971.870903
"IPCC 2021 (incl. biogenic CO2) - climate change: total (incl. biogenic CO2, incl. SLCFs) - global warming potential (GWP100)",kg CO$_{2}$-eq.,OCE,2035,FE_polyols_lignin,0.0,2152482971.870903
"IPCC 2021 (incl. biogenic CO2) - climate change: total (incl. biogenic CO2, incl. SLCFs) - global warming potential (GWP100)",kg CO$_{2}$-eq.,OCE,2035,FE_polyols_retrofit,686763805.4737353,2152482971.870903
"IPCC 2021 (incl. biogenic CO2) - climate change: total (incl. biogenic CO2, incl. SLCFs) - global warming potential (GWP100)",kg CO$_{2}$-eq.,OCE,2040,FE_CC_MTO_with_loop,-31438101.686377004,3022733718.790342
"IPCC 2021 (incl. biogenic CO2) - climate change: total (incl. biogenic CO2, incl. SLCFs) - global warming potential (GWP100)",kg CO$_{2}$-eq.,OCE,2040,FE_CC_gasification,-331803214.68977076,3022733718.790342
"IPCC 2021 (incl. biogenic CO2) - climate change: total (incl. biogenic CO2, incl. SLCFs) - global warming potential (GWP100)",kg CO$_{2}$-eq.,OCE,2040,FE_CC_waste_pyrolysis,-199493054.63696402,3022733718.790342
"IPCC 2021 (incl. biogenic CO2) - climate change: total (incl. biogenic CO2, incl. SLCFs) - global warming potential (GWP100)",kg CO$_{2}$-eq.,OCE,2040,FE_MDI,425324110.4336741,3022733718.790342
"IPCC 2021 (incl. biogenic CO2) - climate change: total (incl. biogenic CO2, incl. SLCFs) - global warming potential (GWP100)",kg CO$_{2}$-eq.,OCE,2040,FE_PBS,-11409033.86112016,3022733718.790342
"IPCC 2021 (incl. biogenic CO2) - climate change: total (incl. biogenic CO2, incl. SLCFs) - global warming potential (GWP100)",kg CO$_{2}$-eq.,OCE,2040,FE_PET,593816243.4879025,3022733718.790342
"IPCC 2021 (incl. biogenic CO2) - climate change: total (incl. biogenic CO2, incl. SLCFs) - global warming potential (GWP100)",kg CO$_{2}$-eq.,OCE,2040,FE_PLA,100702932.92323792,3022733718.790342
"IPCC 2021 (incl. biogenic CO2) - climate change: total (incl. biogenic CO2, incl. SLCFs) - global warming potential (GWP100)",kg CO$_{2}$-eq.,OCE,2040,FE_PMMA,40942853.147700064,3022733718.790342
"IPCC 2021 (incl. biogenic CO2) - climate change: total (incl. biogenic CO2, incl. SLCFs) - global warming potential (GWP100)",kg CO$_{2}$-eq.,OCE,2040,FE_PPP,0.0,3022733718.790342
"IPCC 2021 (incl. biogenic CO2) - climate change: total (incl. biogenic CO2, incl. SLCFs) - global warming potential (GWP100)",kg CO$_{2}$-eq.,OCE,2040,FE_PVC,485726723.19861615,3022733718.790342
"IPCC 2021 (incl. biogenic CO2) - climate change: total (incl. biogenic CO2, incl. SLCFs) - global warming potential (GWP100)",kg CO$_{2}$-eq.,OCE,2040,FE_nylon,744872143.0735669,3022733718.790342
"IPCC 2021 (incl. biogenic CO2) - climate change: total (incl. biogenic CO2, incl. SLCFs) - global warming potential (GWP100)",kg CO$_{2}$-eq.,OCE,2040,FE_polyols,0.0,3022733718.790342
"IPCC 2021 (incl. biogenic CO2) - climate change: total (incl. biogenic CO2, incl. SLCFs) - global warming potential (GWP100)",kg CO$_{2}$-eq.,OCE,2040,FE_polyols_lignin,0.0,3022733718.790342
"IPCC 2021 (incl. biogenic CO2) - climate change: total (incl. biogenic CO2, incl. SLCFs) - global warming potential (GWP100)",kg CO$_{2}$-eq.,OCE,2040,FE_polyols_retrofit,1205492117.399876,3022733718.790342
"IPCC 2021 (incl. biogenic CO2) - climate change: total (incl. biogenic CO2, incl. SLCFs) - global warming potential (GWP100)",kg CO$_{2}$-eq.,OCE,2045,FE_CC_MTO_with_loop,-190419623.8979512,-2206490025.086684
"IPCC 2021 (incl. biogenic CO2) - climate change: total (incl. biogenic CO2, incl. SLCFs) - global warming potential (GWP100)",kg CO$_{2}$-eq.,OCE,2045,FE_CC_gasification,-345571384.5979833,-2206490025.086684
"IPCC 2021 (incl. biogenic CO2) - climate change: total (incl. biogenic CO2, incl. SLCFs) - global warming potential (GWP100)",kg CO$_{2}$-eq.,OCE,2045,FE_CC_waste_pyrolysis,-394943550.34696895,-2206490025.086684
"IPCC 2021 (incl. biogenic CO2) - climate change: total (incl. biogenic CO2, incl. SLCFs) - global warming potential (GWP100)",kg CO$_{2}$-eq.,OCE,2045,FE_MDI,-315539140.8841161,-2206490025.086684
"IPCC 2021 (incl. biogenic CO2) - climate change: total (incl. biogenic CO2, incl. SLCFs) - global warming potential (GWP100)",kg CO$_{2}$-eq.,OCE,2045,FE_PBS,0.0,-2206490025.086684
"IPCC 2021 (incl. biogenic CO2) - climate change: total (incl. biogenic CO2, incl. SLCFs) - global warming potential (GWP100)",kg CO$_{2}$-eq.,OCE,2045,FE_PET,-737520961.5885407,-2206490025.086684
"IPCC 2021 (incl. biogenic CO2) - climate change: total (incl. biogenic CO2, incl. SLCFs) - global warming potential (GWP100)",kg CO$_{2}$-eq.,OCE,2045,FE_PLA,81398393.31245594,-2206490025.086684
"IPCC 2021 (incl. biogenic CO2) - climate change: total (incl. biogenic CO2, incl. SLCFs) - global warming potential (GWP100)",kg CO$_{2}$-eq.,OCE,2045,FE_PMMA,31045170.928097088,-2206490025.086684
"IPCC 2021 (incl. biogenic CO2) - climate change: total (incl. biogenic CO2, incl. SLCFs) - global warming potential (GWP100)",kg CO$_{2}$-eq.,OCE,2045,FE_PPP,-257283439.07686582,-2206490025.086684
"IPCC 2021 (incl. biogenic CO2) - climate change: total (incl. biogenic CO2, incl. SLCFs) - global warming potential (GWP100)",kg CO$_{2}$-eq.,OCE,2045,FE_PVC,-243743981.6877944,-2206490025.086684
"IPCC 2021 (incl. biogenic CO2) - climate change: total (incl. biogenic CO2, incl. SLCFs) - global warming potential (GWP100)",kg CO$_{2}$-eq.,OCE,2045,FE_nylon,744721457.3053228,-2206490025.086684
"IPCC 2021 (incl. biogenic CO2) - climate change: total (incl. biogenic CO2, incl. SLCFs) - global warming potential (GWP100)",kg CO$_{2}$-eq.,OCE,2045,FE_polyols,0.0,-2206490025.086684
"IPCC 2021 (incl. biogenic CO2) - climate change: total (incl. biogenic CO2, incl. SLCFs) - global warming potential (GWP100)",kg CO$_{2}$-eq.,OCE,2045,FE_polyols_lignin,0.0,-2206490025.086684
"IPCC 2021 (incl. biogenic CO2) - climate change: total (incl. biogenic CO2, incl. SLCFs) - global warming potential (GWP100)",kg CO$_{2}$-eq.,OCE,2045,FE_polyols_retrofit,-578632964.5523393,-2206490025.086684
"IPCC 2021 (incl. biogenic CO2) - climate change: total (incl. biogenic CO2, incl. SLCFs) - global warming potential (GWP100)",kg CO$_{2}$-eq.,OCE,2050,FE_CC_MTO_with_loop,-322362589.60896295,-1479398285.4583988
"IPCC 2021 (incl. biogenic CO2) - climate change: total (incl. biogenic CO2, incl. SLCFs) - global warming potential (GWP100)",kg CO$_{2}$-eq.,OCE,2050,FE_CC_gasification,-303494293.8186863,-1479398285.4583988
"IPCC 2021 (incl. biogenic CO2) - climate change: total (incl. biogenic CO2, incl. SLCFs) - global warming potential (GWP100)",kg CO$_{2}$-eq.,OCE,2050,FE_CC_waste_pyrolysis,-395070325.5624381,-1479398285.4583988
"IPCC 2021 (incl. biogenic CO2) - climate change: total (incl. biogenic CO2, incl. SLCFs) - global warming potential (GWP100)",kg CO$_{2}$-eq.,OCE,2050,FE_MDI,-229228176.23613042,-1479398285.4583988
"IPCC 2021 (incl. biogenic CO2) - climate change: total (incl. biogenic CO2, incl. SLCFs) - global warming potential (GWP100)",kg CO$_{2}$-eq.,OCE,2050,FE_PBS,0.0,-1479398285.4583988
"IPCC 2021 (incl. biogenic CO2) - climate change: total (incl. biogenic CO2, incl. SLCFs) - global warming potential (GWP100)",kg CO$_{2}$-eq.,OCE,2050,FE_PET,200431457.55210376,-1479398285.4583988
"IPCC 2021 (incl. biogenic CO2) - climate change: total (incl. biogenic CO2, incl. SLCFs) - global warming potential (GWP100)",kg CO$_{2}$-eq.,OCE,2050,FE_PLA,105849001.724023,-1479398285.4583988
"IPCC 2021 (incl. biogenic CO2) - climate change: total (incl. biogenic CO2, incl. SLCFs) - global warming potential (GWP100)",kg CO$_{2}$-eq.,OCE,2050,FE_PMMA,28841843.260023925,-1479398285.4583988
"IPCC 2021 (incl. biogenic CO2) - climate change: total (incl. biogenic CO2, incl. SLCFs) - global warming potential (GWP100)",kg CO$_{2}$-eq.,OCE,2050,FE_PPP,-382978477.7946506,-1479398285.4583988
"IPCC 2021 (incl. biogenic CO2) - climate change: total (incl. biogenic CO2, incl. SLCFs) - global warming potential (GWP100)",kg CO$_{2}$-eq.,OCE,2050,FE_PVC,-240175098.60796195,-1479398285.4583988
"IPCC 2021 (incl. biogenic CO2) - climate change: total (incl. biogenic CO2, incl. SLCFs) - global warming potential (GWP100)",kg CO$_{2}$-eq.,OCE,2050,FE_nylon,744548117.4092225,-1479398285.4583988
"IPCC 2021 (incl. biogenic CO2) - climate change: total (incl. biogenic CO2, incl. SLCFs) - global warming potential (GWP100)",kg CO$_{2}$-eq.,OCE,2050,FE_polyols,0.0,-1479398285.4583988
"IPCC 2021 (incl. biogenic CO2) - climate change: total (incl. biogenic CO2, incl. SLCFs) - global warming potential (GWP100)",kg CO$_{2}$-eq.,OCE,2050,FE_polyols_lignin,0.0,-1479398285.4583988
"IPCC 2021 (incl. biogenic CO2) - climate change: total (incl. biogenic CO2, incl. SLCFs) - global warming potential (GWP100)",kg CO$_{2}$-eq.,OCE,2050,FE_polyols_retrofit,-685759743.7749417,-1479398285.4583988
RELICS - metals extraction - Cobalt,kilogram,CL,2025,FE_CC_MTO_with_loop,0.0,22034.690349960252
RELICS - metals extraction - Cobalt,kilogram,CL,2025,FE_CC_gasification,0.0756708378068276,22034.690349960252
RELICS - metals extraction - Cobalt,kilogram,CL,2025,FE_CC_waste_pyrolysis,0.3578307037165903,22034.690349960252
RELICS - metals extraction - Cobalt,kilogram,CL,2025,FE_MDI,2118.033753442525,22034.690349960252
RELICS - metals extraction - Cobalt,kilogram,CL,2025,FE_PBS,0.0,22034.690349960252
RELICS - metals extraction - Cobalt,kilogram,CL,2025,FE_PET,13651.131084443157,22034.690349960252
RELICS - metals extraction - Cobalt,kilogram,CL,2025,FE_PLA,0.0,22034.690349960252
RELICS - metals extraction - Cobalt,kilogram,CL,2025,FE_PMMA,159.51731119997717,22034.690349960252
RELICS - metals extraction - Cobalt,kilogram,CL,2025,FE_PPP,534.8510321781785,22034.690349960252
RELICS - metals extraction - Cobalt,kilogram,CL,2025,FE_PVC,1965.0693482706981,22034.690349960252
RELICS - metals extraction - Cobalt,kilogram,CL,2025,FE_nylon,1.034725560148149,22034.690349960252
RELICS - metals extraction - Cobalt,kilogram,CL,2025,FE_polyols,2637.526531695411,22034.690349960252
RELICS - metals extraction - Cobalt,kilogram,CL,2025,FE_polyols_lignin,0.0,22034.690349960252
RELICS - metals extraction - Cobalt,kilogram,CL,2025,FE_polyols_retrofit,967.093061628633,22034.690349960252
RELICS - metals extraction - Cobalt,kilogram,CL,2030,FE_CC_MTO_with_loop,1.2218903588170646,21036.573203160006
RELICS - metals extraction - Cobalt,kilogram,CL,2030,FE_CC_gasification,14.977071753110764,21036.573203160006
RELICS - metals extraction - Cobalt,kilogram,CL,2030,FE_CC_waste_pyrolysis,0.5774510708637465,21036.573203160006
RELICS - metals extraction - Cobalt,kilogram,CL,2030,FE_MDI,1176.3665926774654,21036.573203160006
RELICS - metals extraction - Cobalt,kilogram,CL,2030,FE_PBS,0.0,21036.573203160006
RELICS - metals extraction - Cobalt,kilogram,CL,2030,FE_PET,13920.797326710517,21036.573203160006
RELICS - metals extraction - Cobalt,kilogram,CL,2030,FE_PLA,631.6842673438088,21036.573203160006
RELICS - metals extraction - Cobalt,kilogram,CL,2030,FE_PMMA,175.96460213767295,21036.573203160006
RELICS - metals extraction - Cobalt,kilogram,CL,2030,FE_PPP,586.6708801078872,21036.573203160006
RELICS - metals extraction - Cobalt,kilogram,CL,2030,FE_PVC,607.8323665341711,21036.573203160006
RELICS - metals extraction - Cobalt,kilogram,CL,2030,FE_nylon,1.4044216289519966,21036.573203160006
RELICS - metals extraction - Cobalt,kilogram,CL,2030,FE_polyols,1866.226825355456,21036.573203160006
RELICS - metals extraction - Cobalt,kilogram,CL,2030,FE_polyols_lignin,0.0,21036.573203160006
RELICS - metals extraction - Cobalt,kilogram,CL,2030,FE_polyols_retrofit,2052.8495074812863,21036.573203160006
RELICS - metals extraction - Cobalt,kilogram,CL,2035,FE_CC_MTO_with_loop,1.590058639952328,23063.3343880638
RELICS - metals extraction - Cobalt,kilogram,CL,2035,FE_CC_gasification,13.191250625124198,23063.3343880638
RELICS - metals extraction - Cobalt,kilogram,CL,2035,FE_CC_waste_pyrolysis,4.585250286578802,23063.3343880638
RELICS - metals extraction - Cobalt,kilogram,CL,2035,FE_MDI,1321.1511977399198,23063.3343880638
RELICS - metals extraction - Cobalt,kilogram,CL,2035,FE_PBS,0.0,23063.3343880638
RELICS - metals extraction - Cobalt,kilogram,CL,2035,FE_PET,14284.489169201292,23063.3343880638
RELICS - metals extraction - Cobalt,kilogram,CL,2035,FE_PLA,681.7913087399245,23063.3343880638
RELICS - metals extraction - Cobalt,kilogram,CL,2035,FE_PMMA,209.75623057051303,23063.3343880638
RELICS - metals extraction - Cobalt,kilogram,CL,2035,FE_PPP,308.6141318423793,23063.3343880638
RELICS - metals extraction - Cobalt,kilogram,CL,2035,FE_PVC,1460.2479378027465,23063.3343880638
RELICS - metals extraction - Cobalt,kilogram,CL,2035,FE_nylon,0.6725896002904204,23063.3343880638
RELICS - metals extraction - Cobalt,kilogram,CL,2035,FE_polyols,1110.9872702690268,23063.3343880638
RELICS - metals extraction - Cobalt,kilogram,CL,2035,FE_polyols_lignin,0.0,23063.3343880638
RELICS - metals extraction - Cobalt,kilogram,CL,2035,FE_polyols_retrofit,3666.257992746052,23063.3343880638
RELICS - metals extraction - Cobalt,kilogram,CL,2040,FE_CC_MTO_with_loop,2.405574016942167,24096.136749908248
RELICS - metals extraction - Cobalt,kilogram,CL,2040,FE_CC_gasification,5.666516469266336,24096.136749908248
RELICS - metals extraction - Cobalt,kilogram,CL,2040,FE_CC_waste_pyrolysis,5.824141277668569,24096.136749908248
RELICS - metals extraction - Cobalt,kilogram,CL,2040,FE_MDI,0.0,24096.136749908248
RELICS - metals extraction - Cobalt,kilogram,CL,2040,FE_PBS,0.0,24096.136749908248
RELICS - metals extraction - Cobalt,kilogram,CL,2040,FE_PET,14730.148637007158,24096.136749908248
RELICS - metals extraction - Cobalt,kilogram,CL,2040,FE_PLA,553.5532735368911,24096.136749908248
RELICS - metals extraction - Cobalt,kilogram,CL,2040,FE_PMMA,213.108166288353,24096.136749908248
RELICS - metals extraction - Cobalt,kilogram,CL,2040,FE_PPP,557.3742125526961,24096.136749908248
RELICS - metals extraction - Cobalt,kilogram,CL,2040,FE_PVC,2539.1572645000374,24096.136749908248
RELICS - metals extraction - Cobalt,kilogram,CL,2040,FE_nylon,0.7462366759658258,24096.136749908248
RELICS - metals extraction - Cobalt,kilogram,CL,2040,FE_polyols,0.0,24096.136749908248
RELICS - metals extraction - Cobalt,kilogram,CL,2040,FE_polyols_lignin,0.0,24096.136749908248
RELICS - metals extraction - Cobalt,kilogram,CL,2040,FE_polyols_retrofit,5488.152727583269,24096.136749908248
RELICS - metals extraction - Cobalt,kilogram,CL,2045,FE_CC_MTO_with_loop,3.123685458224985,28480.698680204925
RELICS - metals extraction - Cobalt,kilogram,CL,2045,FE_CC_gasification,6.469729220227363,28480.698680204925
RELICS - metals extraction - Cobalt,kilogram,CL,2045,FE_CC_waste_pyrolysis,5.741370529489506,28480.698680204925
RELICS - metals extraction - Cobalt,kilogram,CL,2045,FE_MDI,1092.7269214502915,28480.698680204925
RELICS - metals extraction - Cobalt,kilogram,CL,2045,FE_PBS,152.34556150704748,28480.698680204925
RELICS - metals extraction - Cobalt,kilogram,CL,2045,FE_PET,15206.608668455865,28480.698680204925
RELICS - metals extraction - Cobalt,kilogram,CL,2045,FE_PLA,747.7445684895646,28480.698680204925
RELICS - metals extraction - Cobalt,kilogram,CL,2045,FE_PMMA,237.55604295546567,28480.698680204925
RELICS - metals extraction - Cobalt,kilogram,CL,2045,FE_PPP,0.0,28480.698680204925
RELICS - metals extraction - Cobalt,kilogram,CL,2045,FE_PVC,3618.4072262756754,28480.698680204925
RELICS - metals extraction - Cobalt,kilogram,CL,2045,FE_nylon,0.9216478601767171,28480.698680204925
RELICS - metals extraction - Cobalt,kilogram,CL,2045,FE_polyols,0.0,28480.698680204925
RELICS - metals extraction - Cobalt,kilogram,CL,2045,FE_polyols_lignin,0.0,28480.698680204925
RELICS - metals extraction - Cobalt,kilogram,CL,2045,FE_polyols_retrofit,7409.053258002899,28480.698680204925
RELICS - metals extraction - Cobalt,kilogram,CL,2050,FE_CC_MTO_with_loop,3.212424512274178,22206.35785493495
RELICS - metals extraction - Cobalt,kilogram,CL,2050,FE_CC_gasification,9.936151425709314,22206.35785493495
RELICS - metals extraction - Cobalt,kilogram,CL,2050,FE_CC_waste_pyrolysis,6.223028962277001,22206.35785493495
RELICS - metals extraction - Cobalt,kilogram,CL,2050,FE_MDI,269.3354643992288,22206.35785493495
RELICS - metals extraction - Cobalt,kilogram,CL,2050,FE_PBS,154.9702229740114,22206.35785493495
RELICS - metals extraction - Cobalt,kilogram,CL,2050,FE_PET,15019.018732423958,22206.35785493495
RELICS - metals extraction - Cobalt,kilogram,CL,2050,FE_PLA,0.0,22206.35785493495
RELICS - metals extraction - Cobalt,kilogram,CL,2050,FE_PMMA,234.48086318463336,22206.35785493495
RELICS - metals extraction - Cobalt,kilogram,CL,2050,FE_PPP,2731.708387501266,22206.35785493495
RELICS - metals extraction - Cobalt,kilogram,CL,2050,FE_PVC,3494.4689880842,22206.35785493495
RELICS - metals extraction - Cobalt,kilogram,CL,2050,FE_nylon,3.722697610840347,22206.35785493495
RELICS - metals extraction - Cobalt,kilogram,CL,2050,FE_polyols,0.0,22206.35785493495
RELICS - metals extraction - Cobalt,kilogram,CL,2050,FE_polyols_lignin,279.2808938565527,22206.35785493495
RELICS - metals extraction - Cobalt,kilogram,CL,2050,FE_polyols_retrofit,0.0,22206.35785493495
RELICS - metals extraction - Cobalt,kilogram,OCE,2025,FE_CC_MTO_with_loop,0.0,22032.451046434555
RELICS - metals extraction - Cobalt,kilogram,OCE,2025,FE_CC_gasification,0.0,22032.451046434555
RELICS - metals extraction - Cobalt,kilogram,OCE,2025,FE_CC_waste_pyrolysis,0.3578306999475027,22032.451046434555
RELICS - metals extraction - Cobalt,kilogram,OCE,2025,FE_MDI,2116.9707360909883,22032.451046434555
RELICS - metals extraction - Cobalt,kilogram,OCE,2025,FE_PBS,0.0,22032.451046434555
RELICS - metals extraction - Cobalt,kilogram,OCE,2025,FE_PET,13650.679634969394,22032.451046434555
RELICS - metals extraction - Cobalt,kilogram,OCE,2025,FE_PLA,0.0,22032.451046434555
RELICS - metals extraction - Cobalt,kilogram,OCE,2025,FE_PMMA,159.51731025762183,22032.451046434555
RELICS - metals extraction - Cobalt,kilogram,OCE,2025,FE_PPP,534.8181817275258,22032.451046434555
RELICS - metals extraction - Cobalt,kilogram,OCE,2025,FE_PVC,1965.0692899117162,22032.451046434555
RELICS - metals extraction - Cobalt,kilogram,OCE,2025,FE_nylon,1.0347255411774803,22032.451046434555
RELICS - metals extraction - Cobalt,kilogram,OCE,2025,FE_polyols,2637.0756126060155,22032.451046434555
RELICS - metals extraction - Cobalt,kilogram,OCE,2025,FE_polyols_lignin,0.0,22032.451046434555
RELICS - metals extraction - Cobalt,kilogram,OCE,2025,FE_polyols_retrofit,966.9277246301677,22032.451046434555
RELICS - metals extraction - Cobalt,kilogram,OCE,2030,FE_CC_MTO_with_loop,0.38783212880720197,23035.2259808583
RELICS - metals extraction - Cobalt,kilogram,OCE,2030,FE_CC_gasification,1.5520770083692994,23035.2259808583
RELICS - metals extraction - Cobalt,kilogram,OCE,2030,FE_CC_waste_pyrolysis,-5.3148132212072236e-17,23035.2259808583
RELICS - metals extraction - Cobalt,kilogram,OCE,2030,FE_MDI,2060.0187874282424,23035.2259808583
RELICS - metals extraction - Cobalt,kilogram,OCE,2030,FE_PBS,0.0,23035.2259808583
RELICS - metals extraction - Cobalt,kilogram,OCE,2030,FE_PET,13915.083120977682,23035.2259808583
RELICS - metals extraction - Cobalt,kilogram,OCE,2030,FE_PLA,416.43551779291556,23035.2259808583
RELICS - metals extraction - Cobalt,kilogram,OCE,2030,FE_PMMA,175.9645961388746,23035.2259808583
RELICS - metals extraction - Cobalt,kilogram,OCE,2030,FE_PPP,563.208467745336,23035.2259808583
RELICS - metals extraction - Cobalt,kilogram,OCE,2030,FE_PVC,2017.571461668094,23035.2259808583
RELICS - metals extraction - Cobalt,kilogram,OCE,2030,FE_nylon,1.404421459255304,23035.2259808583
RELICS - metals extraction - Cobalt,kilogram,OCE,2030,FE_polyols,1849.3331897760468,23035.2259808583
RELICS - metals extraction - Cobalt,kilogram,OCE,2030,FE_polyols_lignin,0.0,23035.2259808583
RELICS - metals extraction - Cobalt,kilogram,OCE,2030,FE_polyols_retrofit,2034.2665087346816,23035.2259808583
RELICS - metals extraction - Cobalt,kilogram,OCE,2035,FE_CC_MTO_with_loop,0.9674851043770145,22596.038409179597
RELICS - metals extraction - Cobalt,kilogram,OCE,2035,FE_CC_gasification,11.844762978232211,22596.038409179597
RELICS - metals extraction - Cobalt,kilogram,OCE,2035,FE_CC_waste_pyrolysis,3.9929203786825123,22596.038409179597
RELICS - metals extraction - Cobalt,kilogram,OCE,2035,FE_MDI,1847.8385675335305,22596.038409179597
RELICS - metals extraction - Cobalt,kilogram,OCE,2035,FE_PBS,143.86868685421663,22596.038409179597
RELICS - metals extraction - Cobalt,kilogram,OCE,2035,FE_PET,14323.18442796725,22596.038409179597
RELICS - metals extraction - Cobalt,kilogram,OCE,2035,FE_PLA,449.4687000000964,22596.038409179597
RELICS - metals extraction - Cobalt,kilogram,OCE,2035,FE_PMMA,209.75656540808154,22596.038409179597
RELICS - metals extraction - Cobalt,kilogram,OCE,2035,FE_PPP,0.0,22596.038409179597
RELICS - metals extraction - Cobalt,kilogram,OCE,2035,FE_PVC,1023.1600366263385,22596.038409179597
RELICS - metals extraction - Cobalt,kilogram,OCE,2035,FE_nylon,2.0274326046706213,22596.038409179597
RELICS - metals extraction - Cobalt,kilogram,OCE,2035,FE_polyols,1065.0997263224922,22596.038409179597
RELICS - metals extraction - Cobalt,kilogram,OCE,2035,FE_polyols_lignin,0.0,22596.038409179597
RELICS - metals extraction - Cobalt,kilogram,OCE,2035,FE_polyols_retrofit,3514.8290974016277,22596.038409179597
RELICS - metals extraction - Cobalt,kilogram,OCE,2040,FE_CC_MTO_with_loop,0.9344939184473555,24728.395723401743
RELICS - metals extraction - Cobalt,kilogram,OCE,2040,FE_CC_gasification,9.86281199005321,24728.395723401743
RELICS - metals extraction - Cobalt,kilogram,OCE,2040,FE_CC_waste_pyrolysis,5.9299078611044465,24728.395723401743
RELICS - metals extraction - Cobalt,kilogram,OCE,2040,FE_MDI,1948.181921449276,24728.395723401743
RELICS - metals extraction - Cobalt,kilogram,OCE,2040,FE_PBS,144.12047810638023,24728.395723401743
RELICS - metals extraction - Cobalt,kilogram,OCE,2040,FE_PET,14450.31399783722,24728.395723401743
RELICS - metals extraction - Cobalt,kilogram,OCE,2040,FE_PLA,463.7812777496881,24728.395723401743
RELICS - metals extraction - Cobalt,kilogram,OCE,2040,FE_PMMA,213.1074554483037,24728.395723401743
RELICS - metals extraction - Cobalt,kilogram,OCE,2040,FE_PPP,0.0,24728.395723401743
RELICS - metals extraction - Cobalt,kilogram,OCE,2040,FE_PVC,2470.7144943493117,24728.395723401743
RELICS - metals extraction - Cobalt,kilogram,OCE,2040,FE_nylon,3.0303216910119537,24728.395723401743
RELICS - metals extraction - Cobalt,kilogram,OCE,2040,FE_polyols,0.0,24728.395723401743
RELICS - metals extraction - Cobalt,kilogram,OCE,2040,FE_polyols_lignin,0.0,24728.395723401743
RELICS - metals extraction - Cobalt,kilogram,OCE,2040,FE_polyols_retrofit,5018.418563000951,24728.395723401743
RELICS - metals extraction - Cobalt,kilogram,OCE,2045,FE_CC_MTO_with_loop,5.5773024750221385,39371.23396611667
RELICS - metals extraction - Cobalt,kilogram,OCE,2045,FE_CC_gasification,10.121625596830592,39371.23396611667
RELICS - metals extraction - Cobalt,kilogram,OCE,2045,FE_CC_waste_pyrolysis,11.567713444643234,39371.23396611667
RELICS - metals extraction - Cobalt,kilogram,OCE,2045,FE_MDI,5127.474040013454,39371.23396611667
RELICS - metals extraction - Cobalt,kilogram,OCE,2045,FE_PBS,0.0,39371.23396611667
RELICS - metals extraction - Cobalt,kilogram,OCE,2045,FE_PET,17419.908459453796,39371.23396611667
RELICS - metals extraction - Cobalt,kilogram,OCE,2045,FE_PLA,497.66507013929555,39371.23396611667
RELICS - metals extraction - Cobalt,kilogram,OCE,2045,FE_PMMA,237.56116974407269,39371.23396611667
RELICS - metals extraction - Cobalt,kilogram,OCE,2045,FE_PPP,2656.398125081057,39371.23396611667
RELICS - metals extraction - Cobalt,kilogram,OCE,2045,FE_PVC,4124.357543952381,39371.23396611667
RELICS - metals extraction - Cobalt,kilogram,OCE,2045,FE_nylon,3.5631352138668366,39371.23396611667
RELICS - metals extraction - Cobalt,kilogram,OCE,2045,FE_polyols,0.0,39371.23396611667
RELICS - metals extraction - Cobalt,kilogram,OCE,2045,FE_polyols_lignin,0.0,39371.23396611667
RELICS - metals extraction - Cobalt,kilogram,OCE,2045,FE_polyols_retrofit,9277.03978100225,39371.23396611667
RELICS - metals extraction - Cobalt,kilogram,OCE,2050,FE_CC_MTO_with_loop,9.202455127658375,37807.07717617935
RELICS - metals extraction - Cobalt,kilogram,OCE,2050,FE_CC_gasification,8.663823635386217,37807.07717617935
RELICS - metals extraction - Cobalt,kilogram,OCE,2050,FE_CC_waste_pyrolysis,11.278036213391072,37807.07717617935
RELICS - metals extraction - Cobalt,kilogram,OCE,2050,FE_MDI,5716.874021623588,37807.07717617935
RELICS - metals extraction - Cobalt,kilogram,OCE,2050,FE_PBS,0.0,37807.07717617935
RELICS - metals extraction - Cobalt,kilogram,OCE,2050,FE_PET,15245.213819727933,37807.07717617935
RELICS - metals extraction - Cobalt,kilogram,OCE,2050,FE_PLA,775.4733708663613,37807.07717617935
RELICS - metals extraction - Cobalt,kilogram,OCE,2050,FE_PMMA,234.48447308625217,37807.07717617935
RELICS - metals extraction - Cobalt,kilogram,OCE,2050,FE_PPP,2793.268316635628,37807.07717617935
RELICS - metals extraction - Cobalt,kilogram,OCE,2050,FE_PVC,3864.4853502365822,37807.07717617935
RELICS - metals extraction - Cobalt,kilogram,OCE,2050,FE_nylon,3.870768767708093,37807.07717617935
RELICS - metals extraction - Cobalt,kilogram,OCE,2050,FE_polyols,0.0,37807.07717617935
RELICS - metals extraction - Cobalt,kilogram,OCE,2050,FE_polyols_lignin,0.0,37807.07717617935
RELICS - metals extraction - Cobalt,kilogram,OCE,2050,FE_polyols_retrofit,9144.262740258862,37807.07717617935
RELICS - metals extraction - Copper,kilogram,CL,2025,FE_CC_MTO_with_loop,0.0,4564917.019634995
RELICS - metals extraction - Copper,kilogram,CL,2025,FE_CC_gasification,31.494109613313643,4564917.019634995
RELICS - metals extraction - Copper,kilogram,CL,2025,FE_CC_waste_pyrolysis,148.92869872461765,4564917.019634995
RELICS - metals extraction - Copper,kilogram,CL,2025,FE_MDI,905757.5230977571,4564917.019634995
RELICS - metals extraction - Copper,kilogram,CL,2025,FE_PBS,0.0,4564917.019634995
RELICS - metals extraction - Copper,kilogram,CL,2025,FE_PET,1135696.3783495747,4564917.019634995
RELICS - metals extraction - Copper,kilogram,CL,2025,FE_PLA,0.0,4564917.019634995
RELICS - metals extraction - Copper,kilogram,CL,2025,FE_PMMA,66716.3489586565,4564917.019634995
RELICS - metals extraction - Copper,kilogram,CL,2025,FE_PPP,159863.5301856739,4564917.019634995
RELICS - metals extraction - Copper,kilogram,CL,2025,FE_PVC,817644.3929190062,4564917.019634995
RELICS - metals extraction - Copper,kilogram,CL,2025,FE_nylon,392.54811518980785,4564917.019634995
RELICS - metals extraction - Copper,kilogram,CL,2025,FE_polyols,1081950.6403858622,4564917.019634995
RELICS - metals extraction - Copper,kilogram,CL,2025,FE_polyols_lignin,0.0,4564917.019634995
RELICS - metals extraction - Copper,kilogram,CL,2025,FE_polyols_retrofit,396715.2348149366,4564917.019634995
RELICS - metals extraction - Copper,kilogram,CL,2030,FE_CC_MTO_with_loop,484.1635689434892,3767687.689109935
RELICS - metals extraction - Copper,kilogram,CL,2030,FE_CC_gasification,5934.536154258573,3767687.689109935
RELICS - metals extraction - Copper,kilogram,CL,2030,FE_CC_waste_pyrolysis,228.81003131233615,3767687.689109935
RELICS - metals extraction - Copper,kilogram,CL,2030,FE_MDI,446167.5395894348,3767687.689109935
RELICS - metals extraction - Copper,kilogram,CL,2030,FE_PBS,0.0,3767687.689109935
RELICS - metals extraction - Copper,kilogram,CL,2030,FE_PET,1101762.353385722,3767687.689109935
RELICS - metals extraction - Copper,kilogram,CL,2030,FE_PLA,234468.1949518056,3767687.689109935
RELICS - metals extraction - Copper,kilogram,CL,2030,FE_PMMA,65362.957625495554,3767687.689109935
RELICS - metals extraction - Copper,kilogram,CL,2030,FE_PPP,181765.17239432334,3767687.689109935
RELICS - metals extraction - Copper,kilogram,CL,2030,FE_PVC,240440.40090945383,3767687.689109935
RELICS - metals extraction - Copper,kilogram,CL,2030,FE_nylon,356.3028463932528,3767687.689109935
RELICS - metals extraction - Copper,kilogram,CL,2030,FE_polyols,709865.360942727,3767687.689109935
RELICS - metals extraction - Copper,kilogram,CL,2030,FE_polyols_lignin,0.0,3767687.689109935
RELICS - metals extraction - Copper,kilogram,CL,2030,FE_polyols_retrofit,780851.8967100658,3767687.689109935
RELICS - metals extraction - Copper,kilogram,CL,2035,FE_CC_MTO_with_loop,607.7571188731388,4306264.574200159
RELICS - metals extraction - Copper,kilogram,CL,2035,FE_CC_gasification,5042.000520771493,4306264.574200159
RELICS - metals extraction - Copper,kilogram,CL,2035,FE_CC_waste_pyrolysis,1752.5885111807315,4306264.574200159
RELICS - metals extraction - Copper,kilogram,CL,2035,FE_MDI,458620.12997747754,4306264.574200159
RELICS - metals extraction - Copper,kilogram,CL,2035,FE_PBS,0.0,4306264.574200159
RELICS - metals extraction - Copper,kilogram,CL,2035,FE_PET,1117275.7212597148,4306264.574200159
RELICS - metals extraction - Copper,kilogram,CL,2035,FE_PLA,224817.26683245815,4306264.574200159
RELICS - metals extraction - Copper,kilogram,CL,2035,FE_PMMA,73236.93580770379,4306264.574200159
RELICS - metals extraction - Copper,kilogram,CL,2035,FE_PPP,113630.70982604189,4306264.574200159
RELICS - metals extraction - Copper,kilogram,CL,2035,FE_PVC,558685.6934896798,4306264.574200159
RELICS - metals extraction - Copper,kilogram,CL,2035,FE_nylon,126.92602808609695,4306264.574200159
RELICS - metals extraction - Copper,kilogram,CL,2035,FE_polyols,407550.89403233165,4306264.574200159
RELICS - metals extraction - Copper,kilogram,CL,2035,FE_polyols_lignin,0.0,4306264.574200159
RELICS - metals extraction - Copper,kilogram,CL,2035,FE_polyols_retrofit,1344917.95079584,4306264.574200159
RELICS - metals extraction - Copper,kilogram,CL,2040,FE_CC_MTO_with_loop,910.94257435558,4609967.583608383
RELICS - metals extraction - Copper,kilogram,CL,2040,FE_CC_gasification,2145.7959987134554,4609967.583608383
RELICS - metals extraction - Copper,kilogram,CL,2040,FE_CC_waste_pyrolysis,2205.485348390069,4609967.583608383
RELICS - metals extraction - Copper,kilogram,CL,2040,FE_MDI,0.0,4609967.583608383
RELICS - metals extraction - Copper,kilogram,CL,2040,FE_PBS,0.0,4609967.583608383
RELICS - metals extraction - Copper,kilogram,CL,2040,FE_PET,1226492.3430326933,4609967.583608383
RELICS - metals extraction - Copper,kilogram,CL,2040,FE_PLA,172377.87885407085,4609967.583608383
RELICS - metals extraction - Copper,kilogram,CL,2040,FE_PMMA,75413.52524361483,4609967.583608383
RELICS - metals extraction - Copper,kilogram,CL,2040,FE_PPP,200056.66290503848,4609967.583608383
RELICS - metals extraction - Copper,kilogram,CL,2040,FE_PVC,977791.025127488,4609967.583608383
RELICS - metals extraction - Copper,kilogram,CL,2040,FE_nylon,134.78462421892272,4609967.583608383
RELICS - metals extraction - Copper,kilogram,CL,2040,FE_polyols,0.0,4609967.583608383
RELICS - metals extraction - Copper,kilogram,CL,2040,FE_polyols_lignin,0.0,4609967.583608383
RELICS - metals extraction - Copper,kilogram,CL,2040,FE_polyols_retrofit,1952439.1398997998,4609967.583608383
RELICS - metals extraction - Copper,kilogram,CL,2045,FE_CC_MTO_with_loop,1152.42148770942,6289462.326076724
RELICS - metals extraction - Copper,kilogram,CL,2045,FE_CC_gasification,2386.877639264747,6289462.326076724
RELICS - metals extraction - Copper,kilogram,CL,2045,FE_CC_waste_pyrolysis,2118.1642186335616,6289462.326076724
RELICS - metals extraction - Copper,kilogram,CL,2045,FE_MDI,347988.58134274883,6289462.326076724
RELICS - metals extraction - Copper,kilogram,CL,2045,FE_PBS,31331.565806825303,6289462.326076724
RELICS - metals extraction - Copper,kilogram,CL,2045,FE_PET,1378862.9418640493,6289462.326076724
RELICS - metals extraction - Copper,kilogram,CL,2045,FE_PLA,209416.07225754822,6289462.326076724
RELICS - metals extraction - Copper,kilogram,CL,2045,FE_PMMA,83143.17863835533,6289462.326076724
RELICS - metals extraction - Copper,kilogram,CL,2045,FE_PPP,0.0,6289462.326076724
RELICS - metals extraction - Copper,kilogram,CL,2045,FE_PVC,1453413.8098449556,6289462.326076724
RELICS - metals extraction - Copper,kilogram,CL,2045,FE_nylon,143.29415736943653,6289462.326076724
RELICS - metals extraction - Copper,kilogram,CL,2045,FE_polyols,0.0,6289462.326076724
RELICS - metals extraction - Copper,kilogram,CL,2045,FE_polyols_lignin,0.0,6289462.326076724
RELICS - metals extraction - Copper,kilogram,CL,2045,FE_polyols_retrofit,2779505.4188192645,6289462.326076724
RELICS - metals extraction - Copper,kilogram,CL,2050,FE_CC_MTO_with_loop,1142.591074763648,4029355.006646025
RELICS - metals extraction - Copper,kilogram,CL,2050,FE_CC_gasification,3534.077734427164,4029355.006646025
RELICS - metals extraction - Copper,kilogram,CL,2050,FE_CC_waste_pyrolysis,2213.3990341540043,4029355.006646025
RELICS - metals extraction - Copper,kilogram,CL,2050,FE_MDI,84036.63179769651,4029355.006646025
RELICS - metals extraction - Copper,kilogram,CL,2050,FE_PBS,29997.819057550412,4029355.006646025
RELICS - metals extraction - Copper,kilogram,CL,2050,FE_PET,1271601.7948793154,4029355.006646025
RELICS - metals extraction - Copper,kilogram,CL,2050,FE_PLA,0.0,4029355.006646025
RELICS - metals extraction - Copper,kilogram,CL,2050,FE_PMMA,78365.95122782757,4029355.006646025
RELICS - metals extraction - Copper,kilogram,CL,2050,FE_PPP,1118304.5887821221,4029355.006646025
RELICS - metals extraction - Copper,kilogram,CL,2050,FE_PVC,1338813.0479168321,4029355.006646025
RELICS - metals extraction - Copper,kilogram,CL,2050,FE_nylon,534.9407075624844,4029355.006646025
RELICS - metals extraction - Copper,kilogram,CL,2050,FE_polyols,0.0,4029355.006646025
RELICS - metals extraction - Copper,kilogram,CL,2050,FE_polyols_lignin,100810.16443377375,4029355.006646025
RELICS - metals extraction - Copper,kilogram,CL,2050,FE_polyols_retrofit,0.0,4029355.006646025
RELICS - metals extraction - Copper,kilogram,OCE,2025,FE_CC_MTO_with_loop,0.0,4564443.499865788
RELICS - metals extraction - Copper,kilogram,OCE,2025,FE_CC_gasification,0.0,4564443.499865788
RELICS - metals extraction - Copper,kilogram,OCE,2025,FE_CC_waste_pyrolysis,148.92869799025013,4564443.499865788
RELICS - metals extraction - Copper,kilogram,OCE,2025,FE_MDI,905552.2919115355,4564443.499865788
RELICS - metals extraction - Copper,kilogram,OCE,2025,FE_PBS,0.0,4564443.499865788
RELICS - metals extraction - Copper,kilogram,OCE,2025,FE_PET,1135567.8944272075,4564443.499865788
RELICS - metals extraction - Copper,kilogram,OCE,2025,FE_PLA,0.0,4564443.499865788
RELICS - metals extraction - Copper,kilogram,OCE,2025,FE_PMMA,66716.34877595116,4564443.499865788
RELICS - metals extraction - Copper,kilogram,OCE,2025,FE_PPP,159864.5202661048,4564443.499865788
RELICS - metals extraction - Copper,kilogram,OCE,2025,FE_PVC,817644.3816392239,4564443.499865788
RELICS - metals extraction - Copper,kilogram,OCE,2025,FE_nylon,392.54811147818504,4564443.499865788
RELICS - metals extraction - Copper,kilogram,OCE,2025,FE_polyols,1081870.6727040927,4564443.499865788
RELICS - metals extraction - Copper,kilogram,OCE,2025,FE_polyols_lignin,0.0,4564443.499865788
RELICS - metals extraction - Copper,kilogram,OCE,2025,FE_polyols_retrofit,396685.9133322036,4564443.499865788
RELICS - metals extraction - Copper,kilogram,OCE,2030,FE_CC_MTO_with_loop,153.67505753735244,4497859.813208774
RELICS - metals extraction - Copper,kilogram,OCE,2030,FE_CC_gasification,614.9968139351909,4497859.813208774
RELICS - metals extraction - Copper,kilogram,OCE,2030,FE_CC_waste_pyrolysis,-2.1059478235982773e-14,4497859.813208774
RELICS - metals extraction - Copper,kilogram,OCE,2030,FE_MDI,779753.0746561877,4497859.813208774
RELICS - metals extraction - Copper,kilogram,OCE,2030,FE_PBS,0.0,4497859.813208774
RELICS - metals extraction - Copper,kilogram,OCE,2030,FE_PET,1094815.5086713373,4497859.813208774
RELICS - metals extraction - Copper,kilogram,OCE,2030,FE_PLA,154572.2545356635,4497859.813208774
RELICS - metals extraction - Copper,kilogram,OCE,2030,FE_PMMA,65362.94346775845,4497859.813208774
RELICS - metals extraction - Copper,kilogram,OCE,2030,FE_PPP,161095.32618848706,4497859.813208774
RELICS - metals extraction - Copper,kilogram,OCE,2030,FE_PVC,786713.878258477,4497859.813208774
RELICS - metals extraction - Copper,kilogram,OCE,2030,FE_nylon,356.3025256732643,4497859.813208774
RELICS - metals extraction - Copper,kilogram,OCE,2030,FE_polyols,692581.8347641536,4497859.813208774
RELICS - metals extraction - Copper,kilogram,OCE,2030,FE_polyols_lignin,0.0,4497859.813208774
RELICS - metals extraction - Copper,kilogram,OCE,2030,FE_polyols_retrofit,761840.0182695634,4497859.813208774
RELICS - metals extraction - Copper,kilogram,OCE,2035,FE_CC_MTO_with_loop,369.79562726055275,4101046.986456669
RELICS - metals extraction - Copper,kilogram,OCE,2035,FE_CC_gasification,4527.347801003589,4101046.986456669
RELICS - metals extraction - Copper,kilogram,OCE,2035,FE_CC_waste_pyrolysis,1526.1883518066868,4101046.986456669
RELICS - metals extraction - Copper,kilogram,OCE,2035,FE_MDI,644555.4824860691,4101046.986456669
RELICS - metals extraction - Copper,kilogram,OCE,2035,FE_PBS,32685.967619704108,4101046.986456669
RELICS - metals extraction - Copper,kilogram,OCE,2035,FE_PET,1141774.1840289782,4101046.986456669
RELICS - metals extraction - Copper,kilogram,OCE,2035,FE_PLA,148210.1407162531,4101046.986456669
RELICS - metals extraction - Copper,kilogram,OCE,2035,FE_PMMA,73237.13676787967,4101046.986456669
RELICS - metals extraction - Copper,kilogram,OCE,2035,FE_PPP,0.0,4101046.986456669
RELICS - metals extraction - Copper,kilogram,OCE,2035,FE_PVC,400301.03437271673,4101046.986456669
RELICS - metals extraction - Copper,kilogram,OCE,2035,FE_nylon,382.6028851212166,4101046.986456669
RELICS - metals extraction - Copper,kilogram,OCE,2035,FE_polyols,384529.55937679677,4101046.986456669
RELICS - metals extraction - Copper,kilogram,OCE,2035,FE_polyols_lignin,0.0,4101046.986456669
RELICS - metals extraction - Copper,kilogram,OCE,2035,FE_polyols_retrofit,1268947.5464230792,4101046.986456669
RELICS - metals extraction - Copper,kilogram,OCE,2040,FE_CC_MTO_with_loop,353.8728139206438,4573116.0105442535
RELICS - metals extraction - Copper,kilogram,OCE,2040,FE_CC_gasification,3734.835468857071,4573116.0105442535
RELICS - metals extraction - Copper,kilogram,OCE,2040,FE_CC_waste_pyrolysis,2245.5289859652976,4573116.0105442535
RELICS - metals extraction - Copper,kilogram,OCE,2040,FE_MDI,642640.4003027794,4573116.0105442535
RELICS - metals extraction - Copper,kilogram,OCE,2040,FE_PBS,32055.261712631698,4573116.0105442535
RELICS - metals extraction - Copper,kilogram,OCE,2040,FE_PET,1105842.6368853056,4573116.0105442535
RELICS - metals extraction - Copper,kilogram,OCE,2040,FE_PLA,144422.40748034327,4573116.0105442535
RELICS - metals extraction - Copper,kilogram,OCE,2040,FE_PMMA,75413.05519351515,4573116.0105442535
RELICS - metals extraction - Copper,kilogram,OCE,2040,FE_PPP,0.0,4573116.0105442535
RELICS - metals extraction - Copper,kilogram,OCE,2040,FE_PVC,896288.8940654049,4573116.0105442535
RELICS - metals extraction - Copper,kilogram,OCE,2040,FE_nylon,547.3288205285971,4573116.0105442535
RELICS - metals extraction - Copper,kilogram,OCE,2040,FE_polyols,0.0,4573116.0105442535
RELICS - metals extraction - Copper,kilogram,OCE,2040,FE_polyols_lignin,0.0,4573116.0105442535
RELICS - metals extraction - Copper,kilogram,OCE,2040,FE_polyols_retrofit,1669571.788815003,4573116.0105442535
RELICS - metals extraction - Copper,kilogram,OCE,2045,FE_CC_MTO_with_loop,2057.666367052346,11599866.21761329
RELICS - metals extraction - Copper,kilogram,OCE,2045,FE_CC_gasification,3734.229703141514,11599866.21761329
RELICS - metals extraction - Copper,kilogram,OCE,2045,FE_CC_waste_pyrolysis,4267.743232329959,11599866.21761329
RELICS - metals extraction - Copper,kilogram,OCE,2045,FE_MDI,2058326.5444825348,11599866.21761329
RELICS - metals extraction - Copper,kilogram,OCE,2045,FE_PBS,0.0,11599866.21761329
RELICS - metals extraction - Copper,kilogram,OCE,2045,FE_PET,2633911.1643194393,11599866.21761329
RELICS - metals extraction - Copper,kilogram,OCE,2045,FE_PLA,139379.52236918698,11599866.21761329
RELICS - metals extraction - Copper,kilogram,OCE,2045,FE_PMMA,83145.96073488976,11599866.21761329
RELICS - metals extraction - Copper,kilogram,OCE,2045,FE_PPP,1152502.5230102146,11599866.21761329
RELICS - metals extraction - Copper,kilogram,OCE,2045,FE_PVC,1726803.714292153,11599866.21761329
RELICS - metals extraction - Copper,kilogram,OCE,2045,FE_nylon,554.0139263891249,11599866.21761329
RELICS - metals extraction - Copper,kilogram,OCE,2045,FE_polyols,0.0,11599866.21761329
RELICS - metals extraction - Copper,kilogram,OCE,2045,FE_polyols_lignin,0.0,11599866.21761329
RELICS - metals extraction - Copper,kilogram,OCE,2045,FE_polyols_retrofit,3795183.1351759583,11599866.21761329
RELICS - metals extraction - Copper,kilogram,OCE,2050,FE_CC_MTO_with_loop,3273.1572754550552,10153385.477019103
RELICS - metals extraction - Copper,kilogram,OCE,2050,FE_CC_gasification,3081.5751656456305,10153385.477019103
RELICS - metals extraction - Copper,kilogram,OCE,2050,FE_CC_waste_pyrolysis,4011.4062613700494,10153385.477019103
RELICS - metals extraction - Copper,kilogram,OCE,2050,FE_MDI,2133645.8198898896,10153385.477019103
RELICS - metals extraction - Copper,kilogram,OCE,2050,FE_PBS,0.0,10153385.477019103
RELICS - metals extraction - Copper,kilogram,OCE,2050,FE_PET,1394765.7927987748,10153385.477019103
RELICS - metals extraction - Copper,kilogram,OCE,2050,FE_PLA,199074.25212575952,10153385.477019103
RELICS - metals extraction - Copper,kilogram,OCE,2050,FE_PMMA,78367.93946168036,10153385.477019103
RELICS - metals extraction - Copper,kilogram,OCE,2050,FE_PPP,1197790.763985282,10153385.477019103
RELICS - metals extraction - Copper,kilogram,OCE,2050,FE_PVC,1542732.9657313293,10153385.477019103
RELICS - metals extraction - Copper,kilogram,OCE,2050,FE_nylon,556.2459001442162,10153385.477019103
RELICS - metals extraction - Copper,kilogram,OCE,2050,FE_polyols,0.0,10153385.477019103
RELICS - metals extraction - Copper,kilogram,OCE,2050,FE_polyols_lignin,0.0,10153385.477019103
RELICS - metals extraction - Copper,kilogram,OCE,2050,FE_polyols_retrofit,3596085.558423774,10153385.477019103
RELICS - metals extraction - Dysprosium,kilogram,CL,2025,FE_CC_MTO_with_loop,0.0,80.47702885081597
RELICS - metals extraction - Dysprosium,kilogram,CL,2025,FE_CC_gasification,0.003758534743000929,80.47702885081597
RELICS - metals extraction - Dysprosium,kilogram,CL,2025,FE_CC_waste_pyrolysis,0.01777328190140611,80.47702885081597
RELICS - metals extraction - Dysprosium,kilogram,CL,2025,FE_MDI,12.292499164232787,80.47702885081597
RELICS - metals extraction - Dysprosium,kilogram,CL,2025,FE_PBS,0.0,80.47702885081597
RELICS - metals extraction - Dysprosium,kilogram,CL,2025,FE_PET,7.331953608517341,80.47702885081597
RELICS - metals extraction - Dysprosium,kilogram,CL,2025,FE_PLA,0.0,80.47702885081597
RELICS - metals extraction - Dysprosium,kilogram,CL,2025,FE_PMMA,0.5350280575951917,80.47702885081597
RELICS - metals extraction - Dysprosium,kilogram,CL,2025,FE_PPP,1.5853621202610264,80.47702885081597
RELICS - metals extraction - Dysprosium,kilogram,CL,2025,FE_PVC,17.14225211563197,80.47702885081597
RELICS - metals extraction - Dysprosium,kilogram,CL,2025,FE_nylon,0.009751001951035421,80.47702885081597
RELICS - metals extraction - Dysprosium,kilogram,CL,2025,FE_polyols,30.4087689995158,80.47702885081597
RELICS - metals extraction - Dysprosium,kilogram,CL,2025,FE_polyols_lignin,0.0,80.47702885081597
RELICS - metals extraction - Dysprosium,kilogram,CL,2025,FE_polyols_retrofit,11.149881966466406,80.47702885081597
RELICS - metals extraction - Dysprosium,kilogram,CL,2030,FE_CC_MTO_with_loop,0.08052232087879385,88.08083038267243
RELICS - metals extraction - Dysprosium,kilogram,CL,2030,FE_CC_gasification,0.9869859187671,88.08083038267243
RELICS - metals extraction - Dysprosium,kilogram,CL,2030,FE_CC_waste_pyrolysis,0.03805390562714281,88.08083038267243
RELICS - metals extraction - Dysprosium,kilogram,CL,2030,FE_MDI,8.084048361193744,88.08083038267243
RELICS - metals extraction - Dysprosium,kilogram,CL,2030,FE_PBS,0.0,88.08083038267243
RELICS - metals extraction - Dysprosium,kilogram,CL,2030,FE_PET,11.450388457145785,88.08083038267243
RELICS - metals extraction - Dysprosium,kilogram,CL,2030,FE_PLA,5.345920877806682,88.08083038267243
RELICS - metals extraction - Dysprosium,kilogram,CL,2030,FE_PMMA,0.9465243485657581,88.08083038267243
RELICS - metals extraction - Dysprosium,kilogram,CL,2030,FE_PPP,2.821453560577782,88.08083038267243
RELICS - metals extraction - Dysprosium,kilogram,CL,2030,FE_PVC,6.434053700881077,88.08083038267243
RELICS - metals extraction - Dysprosium,kilogram,CL,2030,FE_nylon,0.01063998801701917,88.08083038267243
RELICS - metals extraction - Dysprosium,kilogram,CL,2030,FE_polyols,24.705828068290536,88.08083038267243
RELICS - metals extraction - Dysprosium,kilogram,CL,2030,FE_polyols_lignin,0.0,88.08083038267243
RELICS - metals extraction - Dysprosium,kilogram,CL,2030,FE_polyols_retrofit,27.176410874921014,88.08083038267243
RELICS - metals extraction - Dysprosium,kilogram,CL,2035,FE_CC_MTO_with_loop,0.10770633422990811,126.9862071083941
RELICS - metals extraction - Dysprosium,kilogram,CL,2035,FE_CC_gasification,0.8935401603127298,126.9862071083941
RELICS - metals extraction - Dysprosium,kilogram,CL,2035,FE_CC_waste_pyrolysis,0.31059263327639874,126.9862071083941
RELICS - metals extraction - Dysprosium,kilogram,CL,2035,FE_MDI,10.223232654503294,126.9862071083941
RELICS - metals extraction - Dysprosium,kilogram,CL,2035,FE_PBS,0.0,126.9862071083941
RELICS - metals extraction - Dysprosium,kilogram,CL,2035,FE_PET,15.62985555581653,126.9862071083941
RELICS - metals extraction - Dysprosium,kilogram,CL,2035,FE_PLA,5.933756420814756,126.9862071083941
RELICS - metals extraction - Dysprosium,kilogram,CL,2035,FE_PMMA,1.6128444098866213,126.9862071083941
RELICS - metals extraction - Dysprosium,kilogram,CL,2035,FE_PPP,3.735277131309469,126.9862071083941
RELICS - metals extraction - Dysprosium,kilogram,CL,2035,FE_PVC,18.15225827193972,126.9862071083941
RELICS - metals extraction - Dysprosium,kilogram,CL,2035,FE_nylon,0.00407968381734425,126.9862071083941
RELICS - metals extraction - Dysprosium,kilogram,CL,2035,FE_polyols,16.36815438400705,126.9862071083941
RELICS - metals extraction - Dysprosium,kilogram,CL,2035,FE_polyols_lignin,0.0,126.9862071083941
RELICS - metals extraction - Dysprosium,kilogram,CL,2035,FE_polyols_retrofit,54.01490946848029,126.9862071083941
RELICS - metals extraction - Dysprosium,kilogram,CL,2040,FE_CC_MTO_with_loop,0.16634730197913228,156.13930975119735
RELICS - metals extraction - Dysprosium,kilogram,CL,2040,FE_CC_gasification,0.39184399218615307,156.13930975119735
RELICS - metals extraction - Dysprosium,kilogram,CL,2040,FE_CC_waste_pyrolysis,0.40274386947108787,156.13930975119735
RELICS - metals extraction - Dysprosium,kilogram,CL,2040,FE_MDI,0.0,156.13930975119735
RELICS - metals extraction - Dysprosium,kilogram,CL,2040,FE_PBS,0.0,156.13930975119735
RELICS - metals extraction - Dysprosium,kilogram,CL,2040,FE_PET,20.76734286920122,156.13930975119735
RELICS - metals extraction - Dysprosium,kilogram,CL,2040,FE_PLA,5.0262399941150715,156.13930975119735
RELICS - metals extraction - Dysprosium,kilogram,CL,2040,FE_PMMA,2.0117399165125835,156.13930975119735
RELICS - metals extraction - Dysprosium,kilogram,CL,2040,FE_PPP,7.341375529493412,156.13930975119735
RELICS - metals extraction - Dysprosium,kilogram,CL,2040,FE_PVC,35.98764662067146,156.13930975119735
RELICS - metals extraction - Dysprosium,kilogram,CL,2040,FE_nylon,0.004623185070001281,156.13930975119735
RELICS - metals extraction - Dysprosium,kilogram,CL,2040,FE_polyols,0.0,156.13930975119735
RELICS - metals extraction - Dysprosium,kilogram,CL,2040,FE_polyols_lignin,0.0,156.13930975119735
RELICS - metals extraction - Dysprosium,kilogram,CL,2040,FE_polyols_retrofit,84.03940647249722,156.13930975119735
RELICS - metals extraction - Dysprosium,kilogram,CL,2045,FE_CC_MTO_with_loop,0.21446961251778246,257.57023054717274
RELICS - metals extraction - Dysprosium,kilogram,CL,2045,FE_CC_gasification,0.44420615895334026,257.57023054717274
RELICS - metals extraction - Dysprosium,kilogram,CL,2045,FE_CC_waste_pyrolysis,0.3941976647177288,257.57023054717274
RELICS - metals extraction - Dysprosium,kilogram,CL,2045,FE_MDI,10.274936074643843,257.57023054717274
RELICS - metals extraction - Dysprosium,kilogram,CL,2045,FE_PBS,0.8203634154260018,257.57023054717274
RELICS - metals extraction - Dysprosium,kilogram,CL,2045,FE_PET,33.12767984225751,257.57023054717274
RELICS - metals extraction - Dysprosium,kilogram,CL,2045,FE_PLA,6.642568781194327,257.57023054717274
RELICS - metals extraction - Dysprosium,kilogram,CL,2045,FE_PMMA,2.7677556820896423,257.57023054717274
RELICS - metals extraction - Dysprosium,kilogram,CL,2045,FE_PPP,0.0,257.57023054717274
RELICS - metals extraction - Dysprosium,kilogram,CL,2045,FE_PVC,65.40892814716914,257.57023054717274
RELICS - metals extraction - Dysprosium,kilogram,CL,2045,FE_nylon,0.005199305083275926,257.57023054717274
RELICS - metals extraction - Dysprosium,kilogram,CL,2045,FE_polyols,0.0,257.57023054717274
RELICS - metals extraction - Dysprosium,kilogram,CL,2045,FE_polyols_lignin,0.0,257.57023054717274
RELICS - metals extraction - Dysprosium,kilogram,CL,2045,FE_polyols_retrofit,137.46992586312012,257.57023054717274
RELICS - metals extraction - Dysprosium,kilogram,CL,2050,FE_CC_MTO_with_loop,0.21554645225903804,168.45924570400797
RELICS - metals extraction - Dysprosium,kilogram,CL,2050,FE_CC_gasification,0.6666933950589155,168.45924570400797
RELICS - metals extraction - Dysprosium,kilogram,CL,2050,FE_CC_waste_pyrolysis,0.4175512341002835,168.45924570400797
RELICS - metals extraction - Dysprosium,kilogram,CL,2050,FE_MDI,2.968879759532236,168.45924570400797
RELICS - metals extraction - Dysprosium,kilogram,CL,2050,FE_PBS,0.8465479478544982,168.45924570400797
RELICS - metals extraction - Dysprosium,kilogram,CL,2050,FE_PET,34.04775238486423,168.45924570400797
RELICS - metals extraction - Dysprosium,kilogram,CL,2050,FE_PLA,0.0,168.45924570400797
RELICS - metals extraction - Dysprosium,kilogram,CL,2050,FE_PMMA,2.7991568453489357,168.45924570400797
RELICS - metals extraction - Dysprosium,kilogram,CL,2050,FE_PPP,57.30603719564287,168.45924570400797
RELICS - metals extraction - Dysprosium,kilogram,CL,2050,FE_PVC,63.23260364914133,168.45924570400797
RELICS - metals extraction - Dysprosium,kilogram,CL,2050,FE_nylon,0.020269723508612978,168.45924570400797
RELICS - metals extraction - Dysprosium,kilogram,CL,2050,FE_polyols,0.0,168.45924570400797
RELICS - metals extraction - Dysprosium,kilogram,CL,2050,FE_polyols_lignin,5.938207116697021,168.45924570400797
RELICS - metals extraction - Dysprosium,kilogram,CL,2050,FE_polyols_retrofit,0.0,168.45924570400797
RELICS - metals extraction - Dysprosium,kilogram,OCE,2025,FE_CC_MTO_with_loop,0.0,80.46676025242665
RELICS - metals extraction - Dysprosium,kilogram,OCE,2025,FE_CC_gasification,0.0,80.46676025242665
RELICS - metals extraction - Dysprosium,kilogram,OCE,2025,FE_CC_waste_pyrolysis,0.017773281891331042,80.46676025242665
RELICS - metals extraction - Dysprosium,kilogram,OCE,2025,FE_MDI,12.289836273490943,80.46676025242665
RELICS - metals extraction - Dysprosium,kilogram,OCE,2025,FE_PBS,0.0,80.46676025242665
RELICS - metals extraction - Dysprosium,kilogram,OCE,2025,FE_PET,7.3311110280523994,80.46676025242665
RELICS - metals extraction - Dysprosium,kilogram,OCE,2025,FE_PLA,0.0,80.46676025242665
RELICS - metals extraction - Dysprosium,kilogram,OCE,2025,FE_PMMA,0.5350280551884146,80.46676025242665
RELICS - metals extraction - Dysprosium,kilogram,OCE,2025,FE_PPP,1.5846860182410163,80.46676025242665
RELICS - metals extraction - Dysprosium,kilogram,OCE,2025,FE_PVC,17.142251969256414,80.46676025242665
RELICS - metals extraction - Dysprosium,kilogram,OCE,2025,FE_nylon,0.009751001902452067,80.46676025242665
RELICS - metals extraction - Dysprosium,kilogram,OCE,2025,FE_polyols,30.407065334982132,80.46676025242665
RELICS - metals extraction - Dysprosium,kilogram,OCE,2025,FE_polyols_lignin,0.0,80.46676025242665
RELICS - metals extraction - Dysprosium,kilogram,OCE,2025,FE_polyols_retrofit,11.149257289421552,80.46676025242665
RELICS - metals extraction - Dysprosium,kilogram,OCE,2030,FE_CC_MTO_with_loop,0.025558060752222625,105.3765167737489
RELICS - metals extraction - Dysprosium,kilogram,OCE,2030,FE_CC_gasification,0.10228156854882078,105.3765167737489
RELICS - metals extraction - Dysprosium,kilogram,OCE,2030,FE_CC_waste_pyrolysis,-3.502451423945591e-18,105.3765167737489
RELICS - metals extraction - Dysprosium,kilogram,OCE,2030,FE_MDI,14.128592522122252,105.3765167737489
RELICS - metals extraction - Dysprosium,kilogram,OCE,2030,FE_PBS,0.0,105.3765167737489
RELICS - metals extraction - Dysprosium,kilogram,OCE,2030,FE_PET,11.385721604683647,105.3765167737489
RELICS - metals extraction - Dysprosium,kilogram,OCE,2030,FE_PLA,3.5242783650634895,105.3765167737489
RELICS - metals extraction - Dysprosium,kilogram,OCE,2030,FE_PMMA,0.9465242205733833,105.3765167737489
RELICS - metals extraction - Dysprosium,kilogram,OCE,2030,FE_PPP,2.5142868148840316,105.3765167737489
RELICS - metals extraction - Dysprosium,kilogram,OCE,2030,FE_PVC,21.346394482438953,105.3765167737489
RELICS - metals extraction - Dysprosium,kilogram,OCE,2030,FE_nylon,0.010639985146011954,105.3765167737489
RELICS - metals extraction - Dysprosium,kilogram,OCE,2030,FE_polyols,24.472494833154034,105.3765167737489
RELICS - metals extraction - Dysprosium,kilogram,OCE,2030,FE_polyols_lignin,0.0,105.3765167737489
RELICS - metals extraction - Dysprosium,kilogram,OCE,2030,FE_polyols_retrofit,26.919744316382054,105.3765167737489
RELICS - metals extraction - Dysprosium,kilogram,OCE,2035,FE_CC_MTO_with_loop,0.06553477961257799,117.82881535394334
RELICS - metals extraction - Dysprosium,kilogram,OCE,2035,FE_CC_gasification,0.8023316625199561,117.82881535394334
RELICS - metals extraction - Dysprosium,kilogram,OCE,2035,FE_CC_waste_pyrolysis,0.2704694428572952,117.82881535394334
RELICS - metals extraction - Dysprosium,kilogram,OCE,2035,FE_MDI,14.372916952935471,117.82881535394334
RELICS - metals extraction - Dysprosium,kilogram,OCE,2035,FE_PBS,0.6757758814189438,117.82881535394334
RELICS - metals extraction - Dysprosium,kilogram,OCE,2035,FE_PET,16.712487431577358,117.82881535394334
RELICS - metals extraction - Dysprosium,kilogram,OCE,2035,FE_PLA,3.9118149877618436,117.82881535394334
RELICS - metals extraction - Dysprosium,kilogram,OCE,2035,FE_PMMA,1.612852965344603,117.82881535394334
RELICS - metals extraction - Dysprosium,kilogram,OCE,2035,FE_PPP,0.0,117.82881535394334
RELICS - metals extraction - Dysprosium,kilogram,OCE,2035,FE_PVC,13.266789346346904,117.82881535394334
RELICS - metals extraction - Dysprosium,kilogram,OCE,2035,FE_nylon,0.012297721842320062,117.82881535394334
RELICS - metals extraction - Dysprosium,kilogram,OCE,2035,FE_polyols,15.378033531131805,117.82881535394334
RELICS - metals extraction - Dysprosium,kilogram,OCE,2035,FE_polyols_lignin,0.0,117.82881535394334
RELICS - metals extraction - Dysprosium,kilogram,OCE,2035,FE_polyols_retrofit,50.747510650594265,117.82881535394334
RELICS - metals extraction - Dysprosium,kilogram,OCE,2040,FE_CC_MTO_with_loop,0.06462114026543722,144.42815982879245
RELICS - metals extraction - Dysprosium,kilogram,OCE,2040,FE_CC_gasification,0.6820227980332942,144.42815982879245
RELICS - metals extraction - Dysprosium,kilogram,OCE,2040,FE_CC_waste_pyrolysis,0.41005874954783766,144.42815982879245
RELICS - metals extraction - Dysprosium,kilogram,OCE,2040,FE_MDI,16.258932777457105,144.42815982879245
RELICS - metals extraction - Dysprosium,kilogram,OCE,2040,FE_PBS,0.753111555200323,144.42815982879245
RELICS - metals extraction - Dysprosium,kilogram,OCE,2040,FE_PET,17.42839100699353,144.42815982879245
RELICS - metals extraction - Dysprosium,kilogram,OCE,2040,FE_PLA,4.211099293732944,144.42815982879245
RELICS - metals extraction - Dysprosium,kilogram,OCE,2040,FE_PMMA,2.0117181478262096,144.42815982879245
RELICS - metals extraction - Dysprosium,kilogram,OCE,2040,FE_PPP,0.0,144.42815982879245
RELICS - metals extraction - Dysprosium,kilogram,OCE,2040,FE_PVC,31.65964052423547,144.42815982879245
RELICS - metals extraction - Dysprosium,kilogram,OCE,2040,FE_nylon,0.018773586685861286,144.42815982879245
RELICS - metals extraction - Dysprosium,kilogram,OCE,2040,FE_polyols,0.0,144.42815982879245
RELICS - metals extraction - Dysprosium,kilogram,OCE,2040,FE_polyols_lignin,0.0,144.42815982879245
RELICS - metals extraction - Dysprosium,kilogram,OCE,2040,FE_polyols_retrofit,70.92979024881443,144.42815982879245
RELICS - metals extraction - Dysprosium,kilogram,OCE,2045,FE_CC_MTO_with_loop,0.3829261165556776,545.4069790274835
RELICS - metals extraction - Dysprosium,kilogram,OCE,2045,FE_CC_gasification,0.694929995075822,545.4069790274835
RELICS - metals extraction - Dysprosium,kilogram,OCE,2045,FE_CC_waste_pyrolysis,0.7942154117291176,545.4069790274835
RELICS - metals extraction - Dysprosium,kilogram,OCE,2045,FE_MDI,91.76659426718412,545.4069790274835
RELICS - metals extraction - Dysprosium,kilogram,OCE,2045,FE_PBS,0.0,545.4069790274835
RELICS - metals extraction - Dysprosium,kilogram,OCE,2045,FE_PET,112.26847967371896,545.4069790274835
RELICS - metals extraction - Dysprosium,kilogram,OCE,2045,FE_PLA,4.421134421115091,545.4069790274835
RELICS - metals extraction - Dysprosium,kilogram,OCE,2045,FE_PMMA,2.767912373131433,545.4069790274835
RELICS - metals extraction - Dysprosium,kilogram,OCE,2045,FE_PPP,56.91828168737249,545.4069790274835
RELICS - metals extraction - Dysprosium,kilogram,OCE,2045,FE_PVC,80.07135362397446,545.4069790274835
RELICS - metals extraction - Dysprosium,kilogram,OCE,2045,FE_nylon,0.02010283786336355,545.4069790274835
RELICS - metals extraction - Dysprosium,kilogram,OCE,2045,FE_polyols,0.0,545.4069790274835
RELICS - metals extraction - Dysprosium,kilogram,OCE,2045,FE_polyols_lignin,0.0,545.4069790274835
RELICS - metals extraction - Dysprosium,kilogram,OCE,2045,FE_polyols_retrofit,195.30104861976307,545.4069790274835
RELICS - metals extraction - Dysprosium,kilogram,OCE,2050,FE_CC_MTO_with_loop,0.617457051426656,480.6020542375618
RELICS - metals extraction - Dysprosium,kilogram,OCE,2050,FE_CC_gasification,0.5813164982930007,480.6020542375618
RELICS - metals extraction - Dysprosium,kilogram,OCE,2050,FE_CC_waste_pyrolysis,0.7567222940281138,480.6020542375618
RELICS - metals extraction - Dysprosium,kilogram,OCE,2050,FE_MDI,96.69285186284252,480.6020542375618
RELICS - metals extraction - Dysprosium,kilogram,OCE,2050,FE_PBS,0.0,480.6020542375618
RELICS - metals extraction - Dysprosium,kilogram,OCE,2050,FE_PET,41.26872223511572,480.6020542375618
RELICS - metals extraction - Dysprosium,kilogram,OCE,2050,FE_PLA,6.674055762170134,480.6020542375618
RELICS - metals extraction - Dysprosium,kilogram,OCE,2050,FE_PMMA,2.7992732545194117,480.6020542375618
RELICS - metals extraction - Dysprosium,kilogram,OCE,2050,FE_PPP,62.34797726302019,480.6020542375618
RELICS - metals extraction - Dysprosium,kilogram,OCE,2050,FE_PVC,74.74324510707746,480.6020542375618
RELICS - metals extraction - Dysprosium,kilogram,OCE,2050,FE_nylon,0.02107779116361932,480.6020542375618
RELICS - metals extraction - Dysprosium,kilogram,OCE,2050,FE_polyols,0.0,480.6020542375618
RELICS - metals extraction - Dysprosium,kilogram,OCE,2050,FE_polyols_lignin,0.0,480.6020542375618
RELICS - metals extraction - Dysprosium,kilogram,OCE,2050,FE_polyols_retrofit,194.09935511790493,480.6020542375618
RELICS - metals extraction - Iridium,kilogram,CL,2025,FE_CC_MTO_with_loop,0.0,0.21470985246992844
RELICS - metals extraction - Iridium,kilogram,CL,2025,FE_CC_gasification,1.4052017253825797e-07,0.21470985246992844
RELICS - metals extraction - Iridium,kilogram,CL,2025,FE_CC_waste_pyrolysis,6.644888954226757e-07,0.21470985246992844
RELICS - metals extraction - Iridium,kilogram,CL,2025,FE_MDI,0.1732255386702981,0.21470985246992844
RELICS - metals extraction - Iridium,kilogram,CL,2025,FE_PBS,0.0,0.21470985246992844
RELICS - metals extraction - Iridium,kilogram,CL,2025,FE_PET,0.003587450580562461,0.21470985246992844
RELICS - metals extraction - Iridium,kilogram,CL,2025,FE_PLA,0.0,0.21470985246992844
RELICS - metals extraction - Iridium,kilogram,CL,2025,FE_PMMA,0.01773060942441231,0.21470985246992844
RELICS - metals extraction - Iridium,kilogram,CL,2025,FE_PPP,0.002728828152127846,0.21470985246992844
RELICS - metals extraction - Iridium,kilogram,CL,2025,FE_PVC,0.005233017953333643,0.21470985246992844
RELICS - metals extraction - Iridium,kilogram,CL,2025,FE_nylon,8.765783308118462e-06,0.21470985246992844
RELICS - metals extraction - Iridium,kilogram,CL,2025,FE_polyols,0.008923051400579607,0.21470985246992844
RELICS - metals extraction - Iridium,kilogram,CL,2025,FE_polyols_lignin,0.0,0.21470985246992844
RELICS - metals extraction - Iridium,kilogram,CL,2025,FE_polyols_retrofit,0.003271785496238375,0.21470985246992844
RELICS - metals extraction - Iridium,kilogram,CL,2030,FE_CC_MTO_with_loop,6.2220955982684e-06,0.32484331745107503
RELICS - metals extraction - Iridium,kilogram,CL,2030,FE_CC_gasification,7.626606726214936e-05,0.32484331745107503
RELICS - metals extraction - Iridium,kilogram,CL,2030,FE_CC_waste_pyrolysis,2.9404894952984497e-06,0.32484331745107503
RELICS - metals extraction - Iridium,kilogram,CL,2030,FE_MDI,0.16693497432956597,0.32484331745107503
RELICS - metals extraction - Iridium,kilogram,CL,2030,FE_PBS,0.0,0.32484331745107503
RELICS - metals extraction - Iridium,kilogram,CL,2030,FE_PET,0.007001436636507583,0.32484331745107503
RELICS - metals extraction - Iridium,kilogram,CL,2030,FE_PLA,0.02782834434535737,0.32484331745107503
RELICS - metals extraction - Iridium,kilogram,CL,2030,FE_PMMA,0.07823172256755834,0.32484331745107503
RELICS - metals extraction - Iridium,kilogram,CL,2030,FE_PPP,0.010403460437365904,0.32484331745107503
RELICS - metals extraction - Iridium,kilogram,CL,2030,FE_PVC,0.003047603964098848,0.32484331745107503
RELICS - metals extraction - Iridium,kilogram,CL,2030,FE_nylon,1.4778245453148576e-05,0.32484331745107503
RELICS - metals extraction - Iridium,kilogram,CL,2030,FE_polyols,0.01490265155982934,0.32484331745107503
RELICS - metals extraction - Iridium,kilogram,CL,2030,FE_polyols_lignin,0.0,0.32484331745107503
RELICS - metals extraction - Iridium,kilogram,CL,2030,FE_polyols_retrofit,0.016392916712982743,0.32484331745107503
RELICS - metals extraction - Iridium,kilogram,CL,2035,FE_CC_MTO_with_loop,6.46958331368735e-06,10.14112303713771
RELICS - metals extraction - Iridium,kilogram,CL,2035,FE_CC_gasification,5.367216838974503e-05,10.14112303713771
RELICS - metals extraction - Iridium,kilogram,CL,2035,FE_CC_waste_pyrolysis,1.865633002192333e-05,10.14112303713771
RELICS - metals extraction - Iridium,kilogram,CL,2035,FE_MDI,0.7917477843741674,10.14112303713771
RELICS - metals extraction - Iridium,kilogram,CL,2035,FE_PBS,0.0,10.14112303713771
RELICS - metals extraction - Iridium,kilogram,CL,2035,FE_PET,1.1305415968775228,10.14112303713771
RELICS - metals extraction - Iridium,kilogram,CL,2035,FE_PLA,0.06172599158080725,10.14112303713771
RELICS - metals extraction - Iridium,kilogram,CL,2035,FE_PMMA,0.29911542557612814,10.14112303713771
RELICS - metals extraction - Iridium,kilogram,CL,2035,FE_PPP,0.986157663728794,10.14112303713771
RELICS - metals extraction - Iridium,kilogram,CL,2035,FE_PVC,1.4274794474723764,10.14112303713771
RELICS - metals extraction - Iridium,kilogram,CL,2035,FE_nylon,1.0818197940289316e-05,10.14112303713771
RELICS - metals extraction - Iridium,kilogram,CL,2035,FE_polyols,1.2661082584300125,10.14112303713771
RELICS - metals extraction - Iridium,kilogram,CL,2035,FE_polyols_lignin,0.0,10.14112303713771
RELICS - metals extraction - Iridium,kilogram,CL,2035,FE_polyols_retrofit,4.178157252818235,10.14112303713771
RELICS - metals extraction - Iridium,kilogram,CL,2040,FE_CC_MTO_with_loop,4.462333743325783e-05,16.463772832151516
RELICS - metals extraction - Iridium,kilogram,CL,2040,FE_CC_gasification,0.00010511373780327082,16.463772832151516
RELICS - metals extraction - Iridium,kilogram,CL,2040,FE_CC_waste_pyrolysis,0.00010803767402388764,16.463772832151516
RELICS - metals extraction - Iridium,kilogram,CL,2040,FE_MDI,0.0,16.463772832151516
RELICS - metals extraction - Iridium,kilogram,CL,2040,FE_PBS,0.0,16.463772832151516
RELICS - metals extraction - Iridium,kilogram,CL,2040,FE_PET,2.0977889255295437,16.463772832151516
RELICS - metals extraction - Iridium,kilogram,CL,2040,FE_PLA,0.08877218275524805,16.463772832151516
RELICS - metals extraction - Iridium,kilogram,CL,2040,FE_PMMA,0.3964550513671442,16.463772832151516
RELICS - metals extraction - Iridium,kilogram,CL,2040,FE_PPP,1.7252326393189676,16.463772832151516
RELICS - metals extraction - Iridium,kilogram,CL,2040,FE_PVC,4.300309464213636,16.463772832151516
RELICS - metals extraction - Iridium,kilogram,CL,2040,FE_nylon,2.0796912787606166e-05,16.463772832151516
RELICS - metals extraction - Iridium,kilogram,CL,2040,FE_polyols,0.0,16.463772832151516
RELICS - metals extraction - Iridium,kilogram,CL,2040,FE_polyols_lignin,0.0,16.463772832151516
RELICS - metals extraction - Iridium,kilogram,CL,2040,FE_polyols_retrofit,7.8549359973049295,16.463772832151516
RELICS - metals extraction - Iridium,kilogram,CL,2045,FE_CC_MTO_with_loop,0.0005922289377325349,36.79533291849215
RELICS - metals extraction - Iridium,kilogram,CL,2045,FE_CC_gasification,0.0012266154574788087,36.79533291849215
RELICS - metals extraction - Iridium,kilogram,CL,2045,FE_CC_waste_pyrolysis,0.0010885237372701315,36.79533291849215
RELICS - metals extraction - Iridium,kilogram,CL,2045,FE_MDI,1.062723852556279,36.79533291849215
RELICS - metals extraction - Iridium,kilogram,CL,2045,FE_PBS,0.025376371386877268,36.79533291849215
RELICS - metals extraction - Iridium,kilogram,CL,2045,FE_PET,4.777158496559059,36.79533291849215
RELICS - metals extraction - Iridium,kilogram,CL,2045,FE_PLA,0.13108207695376037,36.79533291849215
RELICS - metals extraction - Iridium,kilogram,CL,2045,FE_PMMA,0.4983288487624782,36.79533291849215
RELICS - metals extraction - Iridium,kilogram,CL,2045,FE_PPP,0.0,36.79533291849215
RELICS - metals extraction - Iridium,kilogram,CL,2045,FE_PVC,10.569064794081754,36.79533291849215
RELICS - metals extraction - Iridium,kilogram,CL,2045,FE_nylon,3.110240276461375e-05,36.79533291849215
RELICS - metals extraction - Iridium,kilogram,CL,2045,FE_polyols,0.0,36.79533291849215
RELICS - metals extraction - Iridium,kilogram,CL,2045,FE_polyols_lignin,0.0,36.79533291849215
RELICS - metals extraction - Iridium,kilogram,CL,2045,FE_polyols_retrofit,19.7286600076567,36.79533291849215
RELICS - metals extraction - Iridium,kilogram,CL,2050,FE_CC_MTO_with_loop,0.000673541349048286,21.50311519804647
RELICS - metals extraction - Iridium,kilogram,CL,2050,FE_CC_gasification,0.0020832890733357675,21.50311519804647
RELICS - metals extraction - Iridium,kilogram,CL,2050,FE_CC_waste_pyrolysis,0.0013047675731515935,21.50311519804647
RELICS - metals extraction - Iridium,kilogram,CL,2050,FE_MDI,0.28775435189554843,21.50311519804647
RELICS - metals extraction - Iridium,kilogram,CL,2050,FE_PBS,0.020146529394507003,21.50311519804647
RELICS - metals extraction - Iridium,kilogram,CL,2050,FE_PET,3.6822624278440657,21.50311519804647
RELICS - metals extraction - Iridium,kilogram,CL,2050,FE_PLA,0.0,21.50311519804647
RELICS - metals extraction - Iridium,kilogram,CL,2050,FE_PMMA,0.34860327281726694,21.50311519804647
RELICS - metals extraction - Iridium,kilogram,CL,2050,FE_PPP,9.371521451709595,21.50311519804647
RELICS - metals extraction - Iridium,kilogram,CL,2050,FE_PVC,7.171684685258816,21.50311519804647
RELICS - metals extraction - Iridium,kilogram,CL,2050,FE_nylon,0.00012658013508178096,21.50311519804647
RELICS - metals extraction - Iridium,kilogram,CL,2050,FE_polyols,0.0,21.50311519804647
RELICS - metals extraction - Iridium,kilogram,CL,2050,FE_polyols_lignin,0.6169543009960531,21.50311519804647
RELICS - metals extraction - Iridium,kilogram,CL,2050,FE_polyols_retrofit,0.0,21.50311519804647
RELICS - metals extraction - Iridium,kilogram,OCE,2025,FE_CC_MTO_with_loop,0.0,0.21467335448155184
RELICS - metals extraction - Iridium,kilogram,OCE,2025,FE_CC_gasification,0.0,0.21467335448155184
RELICS - metals extraction - Iridium,kilogram,OCE,2025,FE_CC_waste_pyrolysis,6.644888291675586e-07,0.21467335448155184
RELICS - metals extraction - Iridium,kilogram,OCE,2025,FE_MDI,0.1732064501971426,0.21467335448155184
RELICS - metals extraction - Iridium,kilogram,OCE,2025,FE_PBS,0.0,0.21467335448155184
RELICS - metals extraction - Iridium,kilogram,OCE,2025,FE_PET,0.0035824107349785713,0.21467335448155184
RELICS - metals extraction - Iridium,kilogram,OCE,2025,FE_PLA,0.0,0.21467335448155184
RELICS - metals extraction - Iridium,kilogram,OCE,2025,FE_PMMA,0.017730609415079753,0.21467335448155184
RELICS - metals extraction - Iridium,kilogram,OCE,2025,FE_PPP,0.002727991804510574,0.21467335448155184
RELICS - metals extraction - Iridium,kilogram,OCE,2025,FE_PVC,0.0052330169037497695,0.21467335448155184
RELICS - metals extraction - Iridium,kilogram,OCE,2025,FE_nylon,8.765783086780962e-06,0.21467335448155184
RELICS - metals extraction - Iridium,kilogram,OCE,2025,FE_polyols,0.008914715954356011,0.21467335448155184
RELICS - metals extraction - Iridium,kilogram,OCE,2025,FE_polyols_lignin,0.0,0.21467335448155184
RELICS - metals extraction - Iridium,kilogram,OCE,2025,FE_polyols_retrofit,0.0032687291998186228,0.21467335448155184
RELICS - metals extraction - Iridium,kilogram,OCE,2030,FE_CC_MTO_with_loop,1.974917562304128e-06,0.43842163047429467
RELICS - metals extraction - Iridium,kilogram,OCE,2030,FE_CC_gasification,7.903481719194874e-06,0.43842163047429467
RELICS - metals extraction - Iridium,kilogram,OCE,2030,FE_CC_waste_pyrolysis,-2.7064075397496793e-22,0.43842163047429467
RELICS - metals extraction - Iridium,kilogram,OCE,2030,FE_MDI,0.2916243461010076,0.43842163047429467
RELICS - metals extraction - Iridium,kilogram,OCE,2030,FE_PBS,0.0,0.43842163047429467
RELICS - metals extraction - Iridium,kilogram,OCE,2030,FE_PET,0.007139186150047518,0.43842163047429467
RELICS - metals extraction - Iridium,kilogram,OCE,2030,FE_PLA,0.018345735266239997,0.43842163047429467
RELICS - metals extraction - Iridium,kilogram,OCE,2030,FE_PMMA,0.07823172295329936,0.43842163047429467
RELICS - metals extraction - Iridium,kilogram,OCE,2030,FE_PPP,0.006413614524906953,0.43842163047429467
RELICS - metals extraction - Iridium,kilogram,OCE,2030,FE_PVC,0.010524658353364028,0.43842163047429467
RELICS - metals extraction - Iridium,kilogram,OCE,2030,FE_nylon,1.4778253551307145e-05,0.43842163047429467
RELICS - metals extraction - Iridium,kilogram,OCE,2030,FE_polyols,0.012437004988577608,0.43842163047429467
RELICS - metals extraction - Iridium,kilogram,OCE,2030,FE_polyols_lignin,0.0,0.43842163047429467
RELICS - metals extraction - Iridium,kilogram,OCE,2030,FE_polyols_retrofit,0.013680705484018764,0.43842163047429467
RELICS - metals extraction - Iridium,kilogram,OCE,2035,FE_CC_MTO_with_loop,3.9553286535052735e-06,8.349863446583514
RELICS - metals extraction - Iridium,kilogram,OCE,2035,FE_CC_gasification,4.8424446251970024e-05,8.349863446583514
RELICS - metals extraction - Iridium,kilogram,OCE,2035,FE_CC_waste_pyrolysis,1.6324088426690207e-05,8.349863446583514
RELICS - metals extraction - Iridium,kilogram,OCE,2035,FE_MDI,1.1158007541448156,8.349863446583514
RELICS - metals extraction - Iridium,kilogram,OCE,2035,FE_PBS,0.012603786238429992,8.349863446583514
RELICS - metals extraction - Iridium,kilogram,OCE,2035,FE_PET,1.51073796853657,8.349863446583514
RELICS - metals extraction - Iridium,kilogram,OCE,2035,FE_PLA,0.04069538215585446,8.349863446583514
RELICS - metals extraction - Iridium,kilogram,OCE,2035,FE_PMMA,0.2991184095427357,8.349863446583514
RELICS - metals extraction - Iridium,kilogram,OCE,2035,FE_PPP,0.0,8.349863446583514
RELICS - metals extraction - Iridium,kilogram,OCE,2035,FE_PVC,1.346183964588832,8.349863446583514
RELICS - metals extraction - Iridium,kilogram,OCE,2035,FE_nylon,3.2634065014347584e-05,8.349863446583514
RELICS - metals extraction - Iridium,kilogram,OCE,2035,FE_polyols,0.9359585682431618,8.349863446583514
RELICS - metals extraction - Iridium,kilogram,OCE,2035,FE_polyols_lignin,0.0,8.349863446583514
RELICS - metals extraction - Iridium,kilogram,OCE,2035,FE_polyols_retrofit,3.0886632752047674,8.349863446583514
RELICS - metals extraction - Iridium,kilogram,OCE,2040,FE_CC_MTO_with_loop,1.7294029957186906e-05,9.794366339558788
RELICS - metals extraction - Iridium,kilogram,OCE,2040,FE_CC_gasification,0.00018252421192791455,9.794366339558788
RELICS - metals extraction - Iridium,kilogram,OCE,2040,FE_CC_waste_pyrolysis,0.00010974068655876469,9.794366339558788
RELICS - metals extraction - Iridium,kilogram,OCE,2040,FE_MDI,1.518376227078165,9.794366339558788
RELICS - metals extraction - Iridium,kilogram,OCE,2040,FE_PBS,0.022559400324875262,9.794366339558788
RELICS - metals extraction - Iridium,kilogram,OCE,2040,FE_PET,1.2697937202353786,9.794366339558788
RELICS - metals extraction - Iridium,kilogram,OCE,2040,FE_PLA,0.07436939188074292,9.794366339558788
RELICS - metals extraction - Iridium,kilogram,OCE,2040,FE_PMMA,0.39644839257411135,9.794366339558788
RELICS - metals extraction - Iridium,kilogram,OCE,2040,FE_PPP,0.0,9.794366339558788
RELICS - metals extraction - Iridium,kilogram,OCE,2040,FE_PVC,2.5911686051259384,9.794366339558788
RELICS - metals extraction - Iridium,kilogram,OCE,2040,FE_nylon,8.435055286300011e-05,9.794366339558788
RELICS - metals extraction - Iridium,kilogram,OCE,2040,FE_polyols,0.0,9.794366339558788
RELICS - metals extraction - Iridium,kilogram,OCE,2040,FE_polyols_lignin,0.0,9.794366339558788
RELICS - metals extraction - Iridium,kilogram,OCE,2040,FE_polyols_retrofit,3.9212566928582695,9.794366339558788
RELICS - metals extraction - Iridium,kilogram,OCE,2045,FE_CC_MTO_with_loop,0.0010588262948469757,106.35583625495332
RELICS - metals extraction - Iridium,kilogram,OCE,2045,FE_CC_gasification,0.0019215460113327786,106.35583625495332
RELICS - metals extraction - Iridium,kilogram,OCE,2045,FE_CC_waste_pyrolysis,0.0021960794145996134,106.35583625495332
RELICS - metals extraction - Iridium,kilogram,OCE,2045,FE_MDI,18.74031528283062,106.35583625495332
RELICS - metals extraction - Iridium,kilogram,OCE,2045,FE_PBS,0.0,106.35583625495332
RELICS - metals extraction - Iridium,kilogram,OCE,2045,FE_PET,25.220350176224198,106.35583625495332
RELICS - metals extraction - Iridium,kilogram,OCE,2045,FE_PLA,0.08729062670023058,106.35583625495332
RELICS - metals extraction - Iridium,kilogram,OCE,2045,FE_PMMA,0.49836835889706843,106.35583625495332
RELICS - metals extraction - Iridium,kilogram,OCE,2045,FE_PPP,13.24567532914968,106.35583625495332
RELICS - metals extraction - Iridium,kilogram,OCE,2045,FE_PVC,14.234977725537513,106.35583625495332
RELICS - metals extraction - Iridium,kilogram,OCE,2045,FE_nylon,0.00012088109615752496,106.35583625495332
RELICS - metals extraction - Iridium,kilogram,OCE,2045,FE_polyols,0.0,106.35583625495332
RELICS - metals extraction - Iridium,kilogram,OCE,2045,FE_polyols_lignin,0.0,106.35583625495332
RELICS - metals extraction - Iridium,kilogram,OCE,2045,FE_polyols_retrofit,34.32356142279707,106.35583625495332
RELICS - metals extraction - Iridium,kilogram,OCE,2050,FE_CC_MTO_with_loop,0.0019306173829463562,62.798120468760686
RELICS - metals extraction - Iridium,kilogram,OCE,2050,FE_CC_gasification,0.0018176158709284007,62.798120468760686
RELICS - metals extraction - Iridium,kilogram,OCE,2050,FE_CC_waste_pyrolysis,0.0023660612693311585,62.798120468760686
RELICS - metals extraction - Iridium,kilogram,OCE,2050,FE_MDI,13.534459562090744,62.798120468760686
RELICS - metals extraction - Iridium,kilogram,OCE,2050,FE_PBS,0.0,62.798120468760686
RELICS - metals extraction - Iridium,kilogram,OCE,2050,FE_PET,4.981803360729146,62.798120468760686
RELICS - metals extraction - Iridium,kilogram,OCE,2050,FE_PLA,0.10948336675885614,62.798120468760686
RELICS - metals extraction - Iridium,kilogram,OCE,2050,FE_PMMA,0.34862415901644533,62.798120468760686
RELICS - metals extraction - Iridium,kilogram,OCE,2050,FE_PPP,10.352417233313322,62.798120468760686
RELICS - metals extraction - Iridium,kilogram,OCE,2050,FE_PVC,9.228700783768362,62.798120468760686
RELICS - metals extraction - Iridium,kilogram,OCE,2050,FE_nylon,0.00013200856111688904,62.798120468760686
RELICS - metals extraction - Iridium,kilogram,OCE,2050,FE_polyols,0.0,62.798120468760686
RELICS - metals extraction - Iridium,kilogram,OCE,2050,FE_polyols_lignin,0.0,62.798120468760686
RELICS - metals extraction - Iridium,kilogram,OCE,2050,FE_polyols_retrofit,24.236385699999484,62.798120468760686
RELICS - metals extraction - Lithium,kilogram,CL,2025,FE_CC_MTO_with_loop,0.0,305.3171741991384
RELICS - metals extraction - Lithium,kilogram,CL,2025,FE_CC_gasification,0.0011813443300955852,305.3171741991384
RELICS - metals extraction - Lithium,kilogram,CL,2025,FE_CC_waste_pyrolysis,0.005586316806051353,305.3171741991384
RELICS - metals extraction - Lithium,kilogram,CL,2025,FE_MDI,63.50268509164297,305.3171741991384
RELICS - metals extraction - Lithium,kilogram,CL,2025,FE_PBS,0.0,305.3171741991384
RELICS - metals extraction - Lithium,kilogram,CL,2025,FE_PET,95.24875030702778,305.3171741991384
RELICS - metals extraction - Lithium,kilogram,CL,2025,FE_PLA,0.0,305.3171741991384
RELICS - metals extraction - Lithium,kilogram,CL,2025,FE_PMMA,5.3787351000570265,305.3171741991384
RELICS - metals extraction - Lithium,kilogram,CL,2025,FE_PPP,12.073215029623123,305.3171741991384
RELICS - metals extraction - Lithium,kilogram,CL,2025,FE_PVC,34.094602858933456,305.3171741991384
RELICS - metals extraction - Lithium,kilogram,CL,2025,FE_nylon,0.19500987029414554,305.3171741991384
RELICS - metals extraction - Lithium,kilogram,CL,2025,FE_polyols,69.3785914255061,305.3171741991384
RELICS - metals extraction - Lithium,kilogram,CL,2025,FE_polyols_lignin,0.0,305.3171741991384
RELICS - metals extraction - Lithium,kilogram,CL,2025,FE_polyols_retrofit,25.43881685491766,305.3171741991384
RELICS - metals extraction - Lithium,kilogram,CL,2030,FE_CC_MTO_with_loop,0.05985446520343944,1072.8214187447725
RELICS - metals extraction - Lithium,kilogram,CL,2030,FE_CC_gasification,0.733653894485815,1072.8214187447725
RELICS - metals extraction - Lithium,kilogram,CL,2030,FE_CC_waste_pyrolysis,0.02828651915276245,1072.8214187447725
RELICS - metals extraction - Lithium,kilogram,CL,2030,FE_MDI,133.11885624549777,1072.8214187447725
RELICS - metals extraction - Lithium,kilogram,CL,2030,FE_PBS,0.0,1072.8214187447725
RELICS - metals extraction - Lithium,kilogram,CL,2030,FE_PET,395.2278551177765,1072.8214187447725
RELICS - metals extraction - Lithium,kilogram,CL,2030,FE_PLA,96.05471371582851,1072.8214187447725
RELICS - metals extraction - Lithium,kilogram,CL,2030,FE_PMMA,22.22420046113392,1072.8214187447725
RELICS - metals extraction - Lithium,kilogram,CL,2030,FE_PPP,42.979013785712354,1072.8214187447725
RELICS - metals extraction - Lithium,kilogram,CL,2030,FE_PVC,35.218005648420714,1072.8214187447725
RELICS - metals extraction - Lithium,kilogram,CL,2030,FE_nylon,0.6240862128333078,1072.8214187447725
RELICS - metals extraction - Lithium,kilogram,CL,2030,FE_polyols,165.02518699481635,1072.8214187447725
RELICS - metals extraction - Lithium,kilogram,CL,2030,FE_polyols_lignin,0.0,1072.8214187447725
RELICS - metals extraction - Lithium,kilogram,CL,2030,FE_polyols_retrofit,181.52770568391114,1072.8214187447725
RELICS - metals extraction - Lithium,kilogram,CL,2035,FE_CC_MTO_with_loop,0.13849325578427016,2455.657696129688
RELICS - metals extraction - Lithium,kilogram,CL,2035,FE_CC_gasification,1.148950833722811,2455.657696129688
RELICS - metals extraction - Lithium,kilogram,CL,2035,FE_CC_waste_pyrolysis,0.3993728425435402,2455.657696129688
RELICS - metals extraction - Lithium,kilogram,CL,2035,FE_MDI,298.8989606249237,2455.657696129688
RELICS - metals extraction - Lithium,kilogram,CL,2035,FE_PBS,0.0,2455.657696129688
RELICS - metals extraction - Lithium,kilogram,CL,2035,FE_PET,878.8305542269545,2455.657696129688
RELICS - metals extraction - Lithium,kilogram,CL,2035,FE_PLA,188.5665737424712,2455.657696129688
RELICS - metals extraction - Lithium,kilogram,CL,2035,FE_PMMA,50.21157639825628,2455.657696129688
RELICS - metals extraction - Lithium,kilogram,CL,2035,FE_PPP,40.08832483824221,2455.657696129688
RELICS - metals extraction - Lithium,kilogram,CL,2035,FE_PVC,175.38420236466646,2455.657696129688
RELICS - metals extraction - Lithium,kilogram,CL,2035,FE_nylon,0.4869825825312064,2455.657696129688
RELICS - metals extraction - Lithium,kilogram,CL,2035,FE_polyols,191.04737306605568,2455.657696129688
RELICS - metals extraction - Lithium,kilogram,CL,2035,FE_polyols_lignin,0.0,2455.657696129688
RELICS - metals extraction - Lithium,kilogram,CL,2035,FE_polyols_retrofit,630.4563313535358,2455.657696129688
RELICS - metals extraction - Lithium,kilogram,CL,2040,FE_CC_MTO_with_loop,0.38228353074865734,4835.836171672949
RELICS - metals extraction - Lithium,kilogram,CL,2040,FE_CC_gasification,0.9004985536795762,4835.836171672949
RELICS - metals extraction - Lithium,kilogram,CL,2040,FE_CC_waste_pyrolysis,0.9255476138201829,4835.836171672949
RELICS - metals extraction - Lithium,kilogram,CL,2040,FE_MDI,0.0,4835.836171672949
RELICS - metals extraction - Lithium,kilogram,CL,2040,FE_PBS,0.0,4835.836171672949
RELICS - metals extraction - Lithium,kilogram,CL,2040,FE_PET,1903.4581768785729,4835.836171672949
RELICS - metals extraction - Lithium,kilogram,CL,2040,FE_PLA,319.08958303534405,4835.836171672949
RELICS - metals extraction - Lithium,kilogram,CL,2040,FE_PMMA,97.70031052159253,4835.836171672949
RELICS - metals extraction - Lithium,kilogram,CL,2040,FE_PPP,122.29108676359411,4835.836171672949
RELICS - metals extraction - Lithium,kilogram,CL,2040,FE_PVC,568.561297257347,4835.836171672949
RELICS - metals extraction - Lithium,kilogram,CL,2040,FE_nylon,1.0859199708451392,4835.836171672949
RELICS - metals extraction - Lithium,kilogram,CL,2040,FE_polyols,0.0,4835.836171672949
RELICS - metals extraction - Lithium,kilogram,CL,2040,FE_polyols_lignin,0.0,4835.836171672949
RELICS - metals extraction - Lithium,kilogram,CL,2040,FE_polyols_retrofit,1821.4414675474036,4835.836171672949
RELICS - metals extraction - Lithium,kilogram,CL,2045,FE_CC_MTO_with_loop,0.5596684577570056,7004.14930175356
RELICS - metals extraction - Lithium,kilogram,CL,2045,FE_CC_gasification,1.1591766914283124,7004.14930175356
RELICS - metals extraction - Lithium,kilogram,CL,2045,FE_CC_waste_pyrolysis,1.0286771933473304,7004.14930175356
RELICS - metals extraction - Lithium,kilogram,CL,2045,FE_MDI,572.5246421392742,7004.14930175356
RELICS - metals extraction - Lithium,kilogram,CL,2045,FE_PBS,118.10367158299572,7004.14930175356
RELICS - metals extraction - Lithium,kilogram,CL,2045,FE_PET,2260.7533626635113,7004.14930175356
RELICS - metals extraction - Lithium,kilogram,CL,2045,FE_PLA,520.7199951527241,7004.14930175356
RELICS - metals extraction - Lithium,kilogram,CL,2045,FE_PMMA,115.13422730784634,7004.14930175356
RELICS - metals extraction - Lithium,kilogram,CL,2045,FE_PPP,0.0,7004.14930175356
RELICS - metals extraction - Lithium,kilogram,CL,2045,FE_PVC,882.937672699378,7004.14930175356
RELICS - metals extraction - Lithium,kilogram,CL,2045,FE_nylon,1.4233981686625499,7004.14930175356
RELICS - metals extraction - Lithium,kilogram,CL,2045,FE_polyols,0.0,7004.14930175356
RELICS - metals extraction - Lithium,kilogram,CL,2045,FE_polyols_lignin,0.0,7004.14930175356
RELICS - metals extraction - Lithium,kilogram,CL,2045,FE_polyols_retrofit,2529.804809696635,7004.14930175356
RELICS - metals extraction - Lithium,kilogram,CL,2050,FE_CC_MTO_with_loop,0.6010108846929902,4447.049753029012
RELICS - metals extraction - Lithium,kilogram,CL,2050,FE_CC_gasification,1.858949483576871,4447.049753029012
RELICS - metals extraction - Lithium,kilogram,CL,2050,FE_CC_waste_pyrolysis,1.164263390951812,4447.049753029012
RELICS - metals extraction - Lithium,kilogram,CL,2050,FE_MDI,151.51146925205308,4447.049753029012
RELICS - metals extraction - Lithium,kilogram,CL,2050,FE_PBS,126.77789609581066,4447.049753029012
RELICS - metals extraction - Lithium,kilogram,CL,2050,FE_PET,2409.1458550758393,4447.049753029012
RELICS - metals extraction - Lithium,kilogram,CL,2050,FE_PLA,0.0,4447.049753029012
RELICS - metals extraction - Lithium,kilogram,CL,2050,FE_PMMA,117.67490911909933,4447.049753029012
RELICS - metals extraction - Lithium,kilogram,CL,2050,FE_PPP,599.9408240273931,4447.049753029012
RELICS - metals extraction - Lithium,kilogram,CL,2050,FE_PVC,927.4396181640981,4447.049753029012
RELICS - metals extraction - Lithium,kilogram,CL,2050,FE_nylon,5.849563042547605,4447.049753029012
RELICS - metals extraction - Lithium,kilogram,CL,2050,FE_polyols,0.0,4447.049753029012
RELICS - metals extraction - Lithium,kilogram,CL,2050,FE_polyols_lignin,105.08539449294987,4447.049753029012
RELICS - metals extraction - Lithium,kilogram,CL,2050,FE_polyols_retrofit,0.0,4447.049753029012
RELICS - metals extraction - Lithium,kilogram,OCE,2025,FE_CC_MTO_with_loop,0.0,305.1331149579067
RELICS - metals extraction - Lithium,kilogram,OCE,2025,FE_CC_gasification,0.0,305.1331149579067
RELICS - metals extraction - Lithium,kilogram,OCE,2025,FE_CC_waste_pyrolysis,0.0055863165677705225,305.1331149579067
RELICS - metals extraction - Lithium,kilogram,OCE,2025,FE_MDI,63.43459175849356,305.1331149579067
RELICS - metals extraction - Lithium,kilogram,OCE,2025,FE_PBS,0.0,305.1331149579067
RELICS - metals extraction - Lithium,kilogram,OCE,2025,FE_PET,95.2304714394176,305.1331149579067
RELICS - metals extraction - Lithium,kilogram,OCE,2025,FE_PLA,0.0,305.1331149579067
RELICS - metals extraction - Lithium,kilogram,OCE,2025,FE_PMMA,5.378735038121304,305.1331149579067
RELICS - metals extraction - Lithium,kilogram,OCE,2025,FE_PPP,12.047450569488092,305.1331149579067
RELICS - metals extraction - Lithium,kilogram,OCE,2025,FE_PVC,34.094599123769434,305.1331149579067
RELICS - metals extraction - Lithium,kilogram,OCE,2025,FE_nylon,0.1950098690222945,305.1331149579067
RELICS - metals extraction - Lithium,kilogram,OCE,2025,FE_polyols,69.32683232902168,305.1331149579067
RELICS - metals extraction - Lithium,kilogram,OCE,2025,FE_polyols_lignin,0.0,305.1331149579067
RELICS - metals extraction - Lithium,kilogram,OCE,2025,FE_polyols_retrofit,25.419838514004944,305.1331149579067
RELICS - metals extraction - Lithium,kilogram,OCE,2030,FE_CC_MTO_with_loop,0.01899806627509175,1240.9342832352531
RELICS - metals extraction - Lithium,kilogram,OCE,2030,FE_CC_gasification,0.07602893021960257,1240.9342832352531
RELICS - metals extraction - Lithium,kilogram,OCE,2030,FE_CC_waste_pyrolysis,-2.6034762539960524e-18,1240.9342832352531
RELICS - metals extraction - Lithium,kilogram,OCE,2030,FE_MDI,235.41521643846846,1240.9342832352531
RELICS - metals extraction - Lithium,kilogram,OCE,2030,FE_PBS,0.0,1240.9342832352531
RELICS - metals extraction - Lithium,kilogram,OCE,2030,FE_PET,397.2833212968735,1240.9342832352531
RELICS - metals extraction - Lithium,kilogram,OCE,2030,FE_PLA,63.32373997604972,1240.9342832352531
RELICS - metals extraction - Lithium,kilogram,OCE,2030,FE_PMMA,22.22420803381989,1240.9342832352531
RELICS - metals extraction - Lithium,kilogram,OCE,2030,FE_PPP,45.26892577932884,1240.9342832352531
RELICS - metals extraction - Lithium,kilogram,OCE,2030,FE_PVC,122.69486788345256,1240.9342832352531
RELICS - metals extraction - Lithium,kilogram,OCE,2030,FE_nylon,0.624086364766581,1240.9342832352531
RELICS - metals extraction - Lithium,kilogram,OCE,2030,FE_polyols,168.57375736678654,1240.9342832352531
RELICS - metals extraction - Lithium,kilogram,OCE,2030,FE_polyols_lignin,0.0,1240.9342832352531
RELICS - metals extraction - Lithium,kilogram,OCE,2030,FE_polyols_retrofit,185.4311330992122,1240.9342832352531
RELICS - metals extraction - Lithium,kilogram,OCE,2035,FE_CC_MTO_with_loop,0.08426718195920775,2438.9509324768696
RELICS - metals extraction - Lithium,kilogram,OCE,2035,FE_CC_gasification,1.031669407088413,2438.9509324768696
RELICS - metals extraction - Lithium,kilogram,OCE,2035,FE_CC_waste_pyrolysis,0.34778018231166247,2438.9509324768696
RELICS - metals extraction - Lithium,kilogram,OCE,2035,FE_MDI,415.7461046960538,2438.9509324768696
RELICS - metals extraction - Lithium,kilogram,OCE,2035,FE_PBS,49.61670206153011,2438.9509324768696
RELICS - metals extraction - Lithium,kilogram,OCE,2035,FE_PET,877.3529288900576,2438.9509324768696
RELICS - metals extraction - Lithium,kilogram,OCE,2035,FE_PLA,124.31180470161787,2438.9509324768696
RELICS - metals extraction - Lithium,kilogram,OCE,2035,FE_PMMA,50.211570399125875,2438.9509324768696
RELICS - metals extraction - Lithium,kilogram,OCE,2035,FE_PPP,0.0,2438.9509324768696
RELICS - metals extraction - Lithium,kilogram,OCE,2035,FE_PVC,117.59769835085777,2438.9509324768696
RELICS - metals extraction - Lithium,kilogram,OCE,2035,FE_nylon,1.4679427995029868,2438.9509324768696
RELICS - metals extraction - Lithium,kilogram,OCE,2035,FE_polyols,186.32150324483027,2438.9509324768696
RELICS - metals extraction - Lithium,kilogram,OCE,2035,FE_polyols_lignin,0.0,2438.9509324768696
RELICS - metals extraction - Lithium,kilogram,OCE,2035,FE_polyols_retrofit,614.8609605619341,2438.9509324768696
RELICS - metals extraction - Lithium,kilogram,OCE,2040,FE_CC_MTO_with_loop,0.14850727567871866,5852.6969635144105
RELICS - metals extraction - Lithium,kilogram,OCE,2040,FE_CC_gasification,1.567371718912012,5852.6969635144105
RELICS - metals extraction - Lithium,kilogram,OCE,2040,FE_CC_waste_pyrolysis,0.9423651070171111,5852.6969635144105
RELICS - metals extraction - Lithium,kilogram,OCE,2040,FE_MDI,951.699437389149,5852.6969635144105
RELICS - metals extraction - Lithium,kilogram,OCE,2040,FE_PBS,98.47592676649106,5852.6969635144105
RELICS - metals extraction - Lithium,kilogram,OCE,2040,FE_PET,1995.5446067819314,5852.6969635144105
RELICS - metals extraction - Lithium,kilogram,OCE,2040,FE_PLA,267.34207603261075,5852.6969635144105
RELICS - metals extraction - Lithium,kilogram,OCE,2040,FE_PMMA,97.70039448293069,5852.6969635144105
RELICS - metals extraction - Lithium,kilogram,OCE,2040,FE_PPP,0.0,5852.6969635144105
RELICS - metals extraction - Lithium,kilogram,OCE,2040,FE_PVC,604.1425475350964,5852.6969635144105
RELICS - metals extraction - Lithium,kilogram,OCE,2040,FE_nylon,4.409726813957846,5852.6969635144105
RELICS - metals extraction - Lithium,kilogram,OCE,2040,FE_polyols,0.0,5852.6969635144105
RELICS - metals extraction - Lithium,kilogram,OCE,2040,FE_polyols_lignin,0.0,5852.6969635144105
RELICS - metals extraction - Lithium,kilogram,OCE,2040,FE_polyols_retrofit,1830.7240036106357,5852.6969635144105
RELICS - metals extraction - Lithium,kilogram,OCE,2045,FE_CC_MTO_with_loop,0.9992693949555562,9155.012907508202
RELICS - metals extraction - Lithium,kilogram,OCE,2045,FE_CC_gasification,1.813462823230464,9155.012907508202
RELICS - metals extraction - Lithium,kilogram,OCE,2045,FE_CC_waste_pyrolysis,2.0725542634129437,9155.012907508202
RELICS - metals extraction - Lithium,kilogram,OCE,2045,FE_MDI,1931.7644062271138,9155.012907508202
RELICS - metals extraction - Lithium,kilogram,OCE,2045,FE_PBS,0.0,9155.012907508202
RELICS - metals extraction - Lithium,kilogram,OCE,2045,FE_PET,2511.0933585035523,9155.012907508202
RELICS - metals extraction - Lithium,kilogram,OCE,2045,FE_PLA,346.5641723917991,9155.012907508202
RELICS - metals extraction - Lithium,kilogram,OCE,2045,FE_PMMA,115.13479056368512,9155.012907508202
RELICS - metals extraction - Lithium,kilogram,OCE,2045,FE_PPP,550.2094340671513,9155.012907508202
RELICS - metals extraction - Lithium,kilogram,OCE,2045,FE_PVC,934.391592691124,9155.012907508202
RELICS - metals extraction - Lithium,kilogram,OCE,2045,FE_nylon,5.502808739943943,9155.012907508202
RELICS - metals extraction - Lithium,kilogram,OCE,2045,FE_polyols,0.0,9155.012907508202
RELICS - metals extraction - Lithium,kilogram,OCE,2045,FE_polyols_lignin,0.0,9155.012907508202
RELICS - metals extraction - Lithium,kilogram,OCE,2045,FE_polyols_retrofit,2755.467057842235,9155.012907508202
RELICS - metals extraction - Lithium,kilogram,OCE,2050,FE_CC_MTO_with_loop,1.721650938236251,9978.957268457987
RELICS - metals extraction - Lithium,kilogram,OCE,2050,FE_CC_gasification,1.620880591376789,9978.957268457987
RELICS - metals extraction - Lithium,kilogram,OCE,2050,FE_CC_waste_pyrolysis,2.109963340034174,9978.957268457987
RELICS - metals extraction - Lithium,kilogram,OCE,2050,FE_MDI,2387.948059475956,9978.957268457987
RELICS - metals extraction - Lithium,kilogram,OCE,2050,FE_PBS,0.0,9978.957268457987
RELICS - metals extraction - Lithium,kilogram,OCE,2050,FE_PET,2427.3473715216824,9978.957268457987
RELICS - metals extraction - Lithium,kilogram,OCE,2050,FE_PLA,590.3152021145204,9978.957268457987
RELICS - metals extraction - Lithium,kilogram,OCE,2050,FE_PMMA,117.67509021051869,9978.957268457987
RELICS - metals extraction - Lithium,kilogram,OCE,2050,FE_PPP,584.6596645543234,9978.957268457987
RELICS - metals extraction - Lithium,kilogram,OCE,2050,FE_PVC,958.6987673901643,9978.957268457987
RELICS - metals extraction - Lithium,kilogram,OCE,2050,FE_nylon,6.082126734572055,9978.957268457987
RELICS - metals extraction - Lithium,kilogram,OCE,2050,FE_polyols,0.0,9978.957268457987
RELICS - metals extraction - Lithium,kilogram,OCE,2050,FE_polyols_lignin,0.0,9978.957268457987
RELICS - metals extraction - Lithium,kilogram,OCE,2050,FE_polyols_retrofit,2900.778491586604,9978.957268457987
RELICS - metals extraction - Nickel,kilogram,CL,2025,FE_CC_MTO_with_loop,0.0,2099265.19070835
RELICS - metals extraction - Nickel,kilogram,CL,2025,FE_CC_gasification,15.184062996573688,2099265.19070835
RELICS - metals extraction - Nickel,kilogram,CL,2025,FE_CC_waste_pyrolysis,71.80208525247002,2099265.19070835
RELICS - metals extraction - Nickel,kilogram,CL,2025,FE_MDI,402771.6626152881,2099265.19070835
RELICS - metals extraction - Nickel,kilogram,CL,2025,FE_PBS,0.0,2099265.19070835
RELICS - metals extraction - Nickel,kilogram,CL,2025,FE_PET,538152.5002621417,2099265.19070835
RELICS - metals extraction - Nickel,kilogram,CL,2025,FE_PLA,0.0,2099265.19070835
RELICS - metals extraction - Nickel,kilogram,CL,2025,FE_PMMA,29366.52386210669,2099265.19070835
RELICS - metals extraction - Nickel,kilogram,CL,2025,FE_PPP,88672.5301099272,2099265.19070835
RELICS - metals extraction - Nickel,kilogram,CL,2025,FE_PVC,367070.51578479324,2099265.19070835
RELICS - metals extraction - Nickel,kilogram,CL,2025,FE_nylon,153.35483689561565,2099265.19070835
RELICS - metals extraction - Nickel,kilogram,CL,2025,FE_polyols,492432.524699137,2099265.19070835
RELICS - metals extraction - Nickel,kilogram,CL,2025,FE_polyols_lignin,0.0,2099265.19070835
RELICS - metals extraction - Nickel,kilogram,CL,2025,FE_polyols_retrofit,180558.59238981118,2099265.19070835
RELICS - metals extraction - Nickel,kilogram,CL,2030,FE_CC_MTO_with_loop,241.53161790757474,1808911.9237001783
RELICS - metals extraction - Nickel,kilogram,CL,2030,FE_CC_gasification,2960.524523697156,1808911.9237001783
RELICS - metals extraction - Nickel,kilogram,CL,2030,FE_CC_waste_pyrolysis,114.14501346063832,1808911.9237001783
RELICS - metals extraction - Nickel,kilogram,CL,2030,FE_MDI,206443.93194232663,1808911.9237001783
RELICS - metals extraction - Nickel,kilogram,CL,2030,FE_PBS,0.0,1808911.9237001783
RELICS - metals extraction - Nickel,kilogram,CL,2030,FE_PET,538297.2975429501,1808911.9237001783
RELICS - metals extraction - Nickel,kilogram,CL,2030,FE_PLA,112404.82802101757,1808911.9237001783
RELICS - metals extraction - Nickel,kilogram,CL,2030,FE_PMMA,29389.532948620155,1808911.9237001783
RELICS - metals extraction - Nickel,kilogram,CL,2030,FE_PPP,100004.73538706095,1808911.9237001783
RELICS - metals extraction - Nickel,kilogram,CL,2030,FE_PVC,112507.4581650846,1808911.9237001783
RELICS - metals extraction - Nickel,kilogram,CL,2030,FE_nylon,137.47667119585225,1808911.9237001783
RELICS - metals extraction - Nickel,kilogram,CL,2030,FE_polyols,336385.9342237806,1808911.9237001783
RELICS - metals extraction - Nickel,kilogram,CL,2030,FE_polyols_lignin,0.0,1808911.9237001783
RELICS - metals extraction - Nickel,kilogram,CL,2030,FE_polyols_retrofit,370024.5276430763,1808911.9237001783
RELICS - metals extraction - Nickel,kilogram,CL,2035,FE_CC_MTO_with_loop,309.2604925644866,2022028.4796904125
RELICS - metals extraction - Nickel,kilogram,CL,2035,FE_CC_gasification,2565.6491978242907,2022028.4796904125
RELICS - metals extraction - Nickel,kilogram,CL,2035,FE_CC_waste_pyrolysis,891.8141297995583,2022028.4796904125
RELICS - metals extraction - Nickel,kilogram,CL,2035,FE_MDI,214400.5502438137,2022028.4796904125
RELICS - metals extraction - Nickel,kilogram,CL,2035,FE_PBS,0.0,2022028.4796904125
RELICS - metals extraction - Nickel,kilogram,CL,2035,FE_PET,549943.0510300437,2022028.4796904125
RELICS - metals extraction - Nickel,kilogram,CL,2035,FE_PLA,111940.98506720245,2022028.4796904125
RELICS - metals extraction - Nickel,kilogram,CL,2035,FE_PMMA,31840.675450851602,2022028.4796904125
RELICS - metals extraction - Nickel,kilogram,CL,2035,FE_PPP,48740.34590565587,2022028.4796904125
RELICS - metals extraction - Nickel,kilogram,CL,2035,FE_PVC,257526.23353377194,2022028.4796904125
RELICS - metals extraction - Nickel,kilogram,CL,2035,FE_nylon,48.55514420578925,2022028.4796904125
RELICS - metals extraction - Nickel,kilogram,CL,2035,FE_polyols,186935.19987280082,2022028.4796904125
RELICS - metals extraction - Nickel,kilogram,CL,2035,FE_polyols_lignin,0.0,2022028.4796904125
RELICS - metals extraction - Nickel,kilogram,CL,2035,FE_polyols_retrofit,616886.1596218782,2022028.4796904125
RELICS - metals extraction - Nickel,kilogram,CL,2040,FE_CC_MTO_with_loop,467.35501956318154,2144098.720020332
RELICS - metals extraction - Nickel,kilogram,CL,2040,FE_CC_gasification,1100.891054158968,2144098.720020332
RELICS - metals extraction - Nickel,kilogram,CL,2040,FE_CC_waste_pyrolysis,1131.5144084558608,2144098.720020332
RELICS - metals extraction - Nickel,kilogram,CL,2040,FE_MDI,0.0,2144098.720020332
RELICS - metals extraction - Nickel,kilogram,CL,2040,FE_PBS,0.0,2144098.720020332
RELICS - metals extraction - Nickel,kilogram,CL,2040,FE_PET,611854.907564112,2144098.720020332
RELICS - metals extraction - Nickel,kilogram,CL,2040,FE_PLA,88308.56966375631,2144098.720020332
RELICS - metals extraction - Nickel,kilogram,CL,2040,FE_PMMA,32143.615456889678,2144098.720020332
RELICS - metals extraction - Nickel,kilogram,CL,2040,FE_PPP,82204.10547731604,2144098.720020332
RELICS - metals extraction - Nickel,kilogram,CL,2040,FE_PVC,436881.5763023367,2144098.720020332
RELICS - metals extraction - Nickel,kilogram,CL,2040,FE_nylon,50.434048424049415,2144098.720020332
RELICS - metals extraction - Nickel,kilogram,CL,2040,FE_polyols,0.0,2144098.720020332
RELICS - metals extraction - Nickel,kilogram,CL,2040,FE_polyols_lignin,0.0,2144098.720020332
RELICS - metals extraction - Nickel,kilogram,CL,2040,FE_polyols_retrofit,889955.7510253191,2144098.720020332
RELICS - metals extraction - Nickel,kilogram,CL,2045,FE_CC_MTO_with_loop,597.2457902716012,2715881.312229012
RELICS - metals extraction - Nickel,kilogram,CL,2045,FE_CC_gasification,1237.0062841000793,2715881.312229012
RELICS - metals extraction - Nickel,kilogram,CL,2045,FE_CC_waste_pyrolysis,1097.7447711586474,2715881.312229012
RELICS - metals extraction - Nickel,kilogram,CL,2045,FE_MDI,166830.41550599737,2715881.312229012
RELICS - metals extraction - Nickel,kilogram,CL,2045,FE_PBS,14911.196823748409,2715881.312229012
RELICS - metals extraction - Nickel,kilogram,CL,2045,FE_PET,661201.3432985682,2715881.312229012
RELICS - metals extraction - Nickel,kilogram,CL,2045,FE_PLA,111380.1064169514,2715881.312229012
RELICS - metals extraction - Nickel,kilogram,CL,2045,FE_PMMA,34564.99565260515,2715881.312229012
RELICS - metals extraction - Nickel,kilogram,CL,2045,FE_PPP,0.0,2715881.312229012
RELICS - metals extraction - Nickel,kilogram,CL,2045,FE_PVC,587198.424733097,2715881.312229012
RELICS - metals extraction - Nickel,kilogram,CL,2045,FE_nylon,52.87743908617374,2715881.312229012
RELICS - metals extraction - Nickel,kilogram,CL,2045,FE_polyols,0.0,2715881.312229012
RELICS - metals extraction - Nickel,kilogram,CL,2045,FE_polyols_lignin,0.0,2715881.312229012
RELICS - metals extraction - Nickel,kilogram,CL,2045,FE_polyols_retrofit,1136809.9555134282,2715881.312229012
RELICS - metals extraction - Nickel,kilogram,CL,2050,FE_CC_MTO_with_loop,624.1771666376327,1741208.7062762743
RELICS - metals extraction - Nickel,kilogram,CL,2050,FE_CC_gasification,1930.6037745116087,1741208.7062762743
RELICS - metals extraction - Nickel,kilogram,CL,2050,FE_CC_waste_pyrolysis,1209.1405008803695,1741208.7062762743
RELICS - metals extraction - Nickel,kilogram,CL,2050,FE_MDI,40354.58966744357,1741208.7062762743
RELICS - metals extraction - Nickel,kilogram,CL,2050,FE_PBS,15025.623001041065,1741208.7062762743
RELICS - metals extraction - Nickel,kilogram,CL,2050,FE_PET,625206.642220896,1741208.7062762743
RELICS - metals extraction - Nickel,kilogram,CL,2050,FE_PLA,0.0,1741208.7062762743
RELICS - metals extraction - Nickel,kilogram,CL,2050,FE_PMMA,34640.7933267564,1741208.7062762743
RELICS - metals extraction - Nickel,kilogram,CL,2050,FE_PPP,400379.41457297653,1741208.7062762743
RELICS - metals extraction - Nickel,kilogram,CL,2050,FE_PVC,579774.7739444987,1741208.7062762743
RELICS - metals extraction - Nickel,kilogram,CL,2050,FE_nylon,200.70720835314162,1741208.7062762743
RELICS - metals extraction - Nickel,kilogram,CL,2050,FE_polyols,0.0,1741208.7062762743
RELICS - metals extraction - Nickel,kilogram,CL,2050,FE_polyols_lignin,41862.240892279304,1741208.7062762743
RELICS - metals extraction - Nickel,kilogram,CL,2050,FE_polyols_retrofit,0.0,1741208.7062762743
RELICS - metals extraction - Nickel,kilogram,OCE,2025,FE_CC_MTO_with_loop,0.0,2098963.3071621237
RELICS - metals extraction - Nickel,kilogram,OCE,2025,FE_CC_gasification,0.0,2098963.3071621237
RELICS - metals extraction - Nickel,kilogram,OCE,2025,FE_CC_waste_pyrolysis,71.80208475932929,2098963.3071621237
RELICS - metals extraction - Nickel,kilogram,OCE,2025,FE_MDI,402631.5608541833,2098963.3071621237
RELICS - metals extraction - Nickel,kilogram,OCE,2025,FE_PBS,0.0,2098963.3071621237
RELICS - metals extraction - Nickel,kilogram,OCE,2025,FE_PET,538082.2924980981,2098963.3071621237
RELICS - metals extraction - Nickel,kilogram,OCE,2025,FE_PLA,0.0,2098963.3071621237
RELICS - metals extraction - Nickel,kilogram,OCE,2025,FE_PMMA,29366.5237396645,2098963.3071621237
RELICS - metals extraction - Nickel,kilogram,OCE,2025,FE_PPP,88672.14991558221,2098963.3071621237
RELICS - metals extraction - Nickel,kilogram,OCE,2025,FE_PVC,367070.5081038993,2098963.3071621237
RELICS - metals extraction - Nickel,kilogram,OCE,2025,FE_nylon,153.3548344297383,2098963.3071621237
RELICS - metals extraction - Nickel,kilogram,OCE,2025,FE_polyols,492376.9135083532,2098963.3071621237
RELICS - metals extraction - Nickel,kilogram,OCE,2025,FE_polyols_lignin,0.0,2098963.3071621237
RELICS - metals extraction - Nickel,kilogram,OCE,2025,FE_polyols_retrofit,180538.2016231542,2098963.3071621237
RELICS - metals extraction - Nickel,kilogram,OCE,2030,FE_CC_MTO_with_loop,76.66291426689499,2150486.350951723
RELICS - metals extraction - Nickel,kilogram,OCE,2030,FE_CC_gasification,306.7996119929472,2150486.350951723
RELICS - metals extraction - Nickel,kilogram,OCE,2030,FE_CC_waste_pyrolysis,-1.0505810119000675e-14,2150486.350951723
RELICS - metals extraction - Nickel,kilogram,OCE,2030,FE_MDI,360901.80126287224,2150486.350951723
RELICS - metals extraction - Nickel,kilogram,OCE,2030,FE_PBS,0.0,2150486.350951723
RELICS - metals extraction - Nickel,kilogram,OCE,2030,FE_PET,535358.1555145779,2150486.350951723
RELICS - metals extraction - Nickel,kilogram,OCE,2030,FE_PLA,74102.45280919039,2150486.350951723
RELICS - metals extraction - Nickel,kilogram,OCE,2030,FE_PMMA,29389.52704533743,2150486.350951723
RELICS - metals extraction - Nickel,kilogram,OCE,2030,FE_PPP,90810.81419917106,2150486.350951723
RELICS - metals extraction - Nickel,kilogram,OCE,2030,FE_PVC,368877.478789638,2150486.350951723
RELICS - metals extraction - Nickel,kilogram,OCE,2030,FE_nylon,137.47653855216078,2150486.350951723
RELICS - metals extraction - Nickel,kilogram,OCE,2030,FE_polyols,328821.51537485525,2150486.350951723
RELICS - metals extraction - Nickel,kilogram,OCE,2030,FE_polyols_lignin,0.0,2150486.350951723
RELICS - metals extraction - Nickel,kilogram,OCE,2030,FE_polyols_retrofit,361703.66689126863,2150486.350951723
RELICS - metals extraction - Nickel,kilogram,OCE,2035,FE_CC_MTO_with_loop,188.17224367854547,1934101.8465583816
RELICS - metals extraction - Nickel,kilogram,OCE,2035,FE_CC_gasification,2303.7622156371717,1934101.8465583816
RELICS - metals extraction - Nickel,kilogram,OCE,2035,FE_CC_waste_pyrolysis,776.6081187999393,1934101.8465583816
RELICS - metals extraction - Nickel,kilogram,OCE,2035,FE_MDI,300842.49415889353,1934101.8465583816
RELICS - metals extraction - Nickel,kilogram,OCE,2035,FE_PBS,14902.179077691464,1934101.8465583816
RELICS - metals extraction - Nickel,kilogram,OCE,2035,FE_PET,557209.347046147,1934101.8465583816
RELICS - metals extraction - Nickel,kilogram,OCE,2035,FE_PLA,73796.73837452014,1934101.8465583816
RELICS - metals extraction - Nickel,kilogram,OCE,2035,FE_PMMA,31840.73722456159,1934101.8465583816
RELICS - metals extraction - Nickel,kilogram,OCE,2035,FE_PPP,0.0,1934101.8465583816
RELICS - metals extraction - Nickel,kilogram,OCE,2035,FE_PVC,180565.3769962557,1934101.8465583816
RELICS - metals extraction - Nickel,kilogram,OCE,2035,FE_nylon,146.3633740993433,1934101.8465583816
RELICS - metals extraction - Nickel,kilogram,OCE,2035,FE_polyols,179425.5971374922,1934101.8465583816
RELICS - metals extraction - Nickel,kilogram,OCE,2035,FE_polyols_lignin,0.0,1934101.8465583816
RELICS - metals extraction - Nickel,kilogram,OCE,2035,FE_polyols_retrofit,592104.4705906049,1934101.8465583816
RELICS - metals extraction - Nickel,kilogram,OCE,2040,FE_CC_MTO_with_loop,181.55344584299837,2206058.2612229595
RELICS - metals extraction - Nickel,kilogram,OCE,2040,FE_CC_gasification,1916.146769017411,2206058.2612229595
RELICS - metals extraction - Nickel,kilogram,OCE,2040,FE_CC_waste_pyrolysis,1152.062292181259,2206058.2612229595
RELICS - metals extraction - Nickel,kilogram,OCE,2040,FE_MDI,306179.7971396184,2206058.2612229595
RELICS - metals extraction - Nickel,kilogram,OCE,2040,FE_PBS,14854.712347473002,2206058.2612229595
RELICS - metals extraction - Nickel,kilogram,OCE,2040,FE_PET,555123.8940482308,2206058.2612229595
RELICS - metals extraction - Nickel,kilogram,OCE,2040,FE_PLA,73987.17075202595,2206058.2612229595
RELICS - metals extraction - Nickel,kilogram,OCE,2040,FE_PMMA,32143.469262351242,2206058.2612229595
RELICS - metals extraction - Nickel,kilogram,OCE,2040,FE_PPP,0.0,2206058.2612229595
RELICS - metals extraction - Nickel,kilogram,OCE,2040,FE_PVC,419537.327042377,2206058.2612229595
RELICS - metals extraction - Nickel,kilogram,OCE,2040,FE_nylon,204.8013149394214,2206058.2612229595
RELICS - metals extraction - Nickel,kilogram,OCE,2040,FE_polyols,0.0,2206058.2612229595
RELICS - metals extraction - Nickel,kilogram,OCE,2040,FE_polyols_lignin,0.0,2206058.2612229595
RELICS - metals extraction - Nickel,kilogram,OCE,2040,FE_polyols_retrofit,800777.3268089015,2206058.2612229595
RELICS - metals extraction - Nickel,kilogram,OCE,2045,FE_CC_MTO_with_loop,1066.367247457502,4314544.290665639
RELICS - metals extraction - Nickel,kilogram,OCE,2045,FE_CC_gasification,1935.231247825365,4314544.290665639
RELICS - metals extraction - Nickel,kilogram,OCE,2045,FE_CC_waste_pyrolysis,2211.719877240242,4314544.290665639
RELICS - metals extraction - Nickel,kilogram,OCE,2045,FE_MDI,762740.4592995013,4314544.290665639
RELICS - metals extraction - Nickel,kilogram,OCE,2045,FE_PBS,0.0,4314544.290665639
RELICS - metals extraction - Nickel,kilogram,OCE,2045,FE_PET,964118.6076533704,4314544.290665639
RELICS - metals extraction - Nickel,kilogram,OCE,2045,FE_PLA,74129.56333984087,4314544.290665639
RELICS - metals extraction - Nickel,kilogram,OCE,2045,FE_PMMA,34565.773107912675,4314544.290665639
RELICS - metals extraction - Nickel,kilogram,OCE,2045,FE_PPP,387417.00655716413,4314544.290665639
RELICS - metals extraction - Nickel,kilogram,OCE,2045,FE_PVC,667606.7804645757,4314544.290665639
RELICS - metals extraction - Nickel,kilogram,OCE,2045,FE_nylon,204.43432705228602,4314544.290665639
RELICS - metals extraction - Nickel,kilogram,OCE,2045,FE_polyols,0.0,4314544.290665639
RELICS - metals extraction - Nickel,kilogram,OCE,2045,FE_polyols_lignin,0.0,4314544.290665639
RELICS - metals extraction - Nickel,kilogram,OCE,2045,FE_polyols_retrofit,1418548.3475436985,4314544.290665639
RELICS - metals extraction - Nickel,kilogram,OCE,2050,FE_CC_MTO_with_loop,1788.0392903383233,4180528.3318592487
RELICS - metals extraction - Nickel,kilogram,OCE,2050,FE_CC_gasification,1683.383053273256,4180528.3318592487
RELICS - metals extraction - Nickel,kilogram,OCE,2050,FE_CC_waste_pyrolysis,2191.3251886753105,4180528.3318592487
RELICS - metals extraction - Nickel,kilogram,OCE,2050,FE_MDI,864972.0138617358,4180528.3318592487
RELICS - metals extraction - Nickel,kilogram,OCE,2050,FE_PBS,0.0,4180528.3318592487
RELICS - metals extraction - Nickel,kilogram,OCE,2050,FE_PET,662244.0835797135,4180528.3318592487
RELICS - metals extraction - Nickel,kilogram,OCE,2050,FE_PLA,112818.89418854368,4180528.3318592487
RELICS - metals extraction - Nickel,kilogram,OCE,2050,FE_PMMA,34641.39103431229,4180528.3318592487
RELICS - metals extraction - Nickel,kilogram,OCE,2050,FE_PPP,423932.15324836853,4180528.3318592487
RELICS - metals extraction - Nickel,kilogram,OCE,2050,FE_PVC,643514.4234544841,4180528.3318592487
RELICS - metals extraction - Nickel,kilogram,OCE,2050,FE_nylon,208.69798826015807,4180528.3318592487
RELICS - metals extraction - Nickel,kilogram,OCE,2050,FE_polyols,0.0,4180528.3318592487
RELICS - metals extraction - Nickel,kilogram,OCE,2050,FE_polyols_lignin,0.0,4180528.3318592487
RELICS - metals extraction - Nickel,kilogram,OCE,2050,FE_polyols_retrofit,1432533.9269715438,4180528.3318592487
RELICS - metals extraction - Palladium,kilogram,CL,2025,FE_CC_MTO_with_loop,0.0,8.313763932085639
RELICS - metals extraction - Palladium,kilogram,CL,2025,FE_CC_gasification,4.779232358006232e-06,8.313763932085639
RELICS - metals extraction - Palladium,kilogram,CL,2025,FE_CC_waste_pyrolysis,2.2599935830336504e-05,8.313763932085639
RELICS - metals extraction - Palladium,kilogram,CL,2025,FE_MDI,1.6032099207472212,8.313763932085639
RELICS - metals extraction - Palladium,kilogram,CL,2025,FE_PBS,0.0,8.313763932085639
RELICS - metals extraction - Palladium,kilogram,CL,2025,FE_PET,1.5751266148003733,8.313763932085639
RELICS - metals extraction - Palladium,kilogram,CL,2025,FE_PLA,0.0,8.313763932085639
RELICS - metals extraction - Palladium,kilogram,CL,2025,FE_PMMA,0.1107306692022774,8.313763932085639
RELICS - metals extraction - Palladium,kilogram,CL,2025,FE_PPP,0.31915342831021276,8.313763932085639
RELICS - metals extraction - Palladium,kilogram,CL,2025,FE_PVC,2.088995992620688,8.313763932085639
RELICS - metals extraction - Palladium,kilogram,CL,2025,FE_nylon,0.00027781692421466396,8.313763932085639
RELICS - metals extraction - Palladium,kilogram,CL,2025,FE_polyols,1.914323495373431,8.313763932085639
RELICS - metals extraction - Palladium,kilogram,CL,2025,FE_polyols_lignin,0.0,8.313763932085639
RELICS - metals extraction - Palladium,kilogram,CL,2025,FE_polyols_retrofit,0.7019186149390316,8.313763932085639
RELICS - metals extraction - Palladium,kilogram,CL,2030,FE_CC_MTO_with_loop,9.025947420356722e-05,6.616146711056694
RELICS - metals extraction - Palladium,kilogram,CL,2030,FE_CC_gasification,0.0011063370879765542,6.616146711056694
RELICS - metals extraction - Palladium,kilogram,CL,2030,FE_CC_waste_pyrolysis,4.265557025682859e-05,6.616146711056694
RELICS - metals extraction - Palladium,kilogram,CL,2030,FE_MDI,0.8330504846503728,6.616146711056694
RELICS - metals extraction - Palladium,kilogram,CL,2030,FE_PBS,0.0,6.616146711056694
RELICS - metals extraction - Palladium,kilogram,CL,2030,FE_PET,1.5986544900328814,6.616146711056694
RELICS - metals extraction - Palladium,kilogram,CL,2030,FE_PLA,0.36893982693582617,6.616146711056694
RELICS - metals extraction - Palladium,kilogram,CL,2030,FE_PMMA,0.11132996951293232,6.616146711056694
RELICS - metals extraction - Palladium,kilogram,CL,2030,FE_PPP,0.34797146081706976,6.616146711056694
RELICS - metals extraction - Palladium,kilogram,CL,2030,FE_PVC,0.6307167044908027,6.616146711056694
RELICS - metals extraction - Palladium,kilogram,CL,2030,FE_nylon,0.0003048421095726109,6.616146711056694
RELICS - metals extraction - Palladium,kilogram,CL,2030,FE_polyols,1.29711413350815,6.616146711056694
RELICS - metals extraction - Palladium,kilogram,CL,2030,FE_polyols_lignin,0.0,6.616146711056694
RELICS - metals extraction - Palladium,kilogram,CL,2030,FE_polyols_retrofit,1.42682554686665,6.616146711056694
RELICS - metals extraction - Palladium,kilogram,CL,2035,FE_CC_MTO_with_loop,0.00012487137048002245,7.50047287818568
RELICS - metals extraction - Palladium,kilogram,CL,2035,FE_CC_gasification,0.0010359426688026344,7.50047287818568
RELICS - metals extraction - Palladium,kilogram,CL,2035,FE_CC_waste_pyrolysis,0.00036009142519149713,7.50047287818568
RELICS - metals extraction - Palladium,kilogram,CL,2035,FE_MDI,0.8626798845303507,7.50047287818568
RELICS - metals extraction - Palladium,kilogram,CL,2035,FE_PBS,0.0,7.50047287818568
RELICS - metals extraction - Palladium,kilogram,CL,2035,FE_PET,1.6508912236727118,7.50047287818568
RELICS - metals extraction - Palladium,kilogram,CL,2035,FE_PLA,0.37325331699998454,7.50047287818568
RELICS - metals extraction - Palladium,kilogram,CL,2035,FE_PMMA,0.11741079280055601,7.50047287818568
RELICS - metals extraction - Palladium,kilogram,CL,2035,FE_PPP,0.14829720139996594,7.50047287818568
RELICS - metals extraction - Palladium,kilogram,CL,2035,FE_PVC,1.3732037846353833,7.50047287818568
RELICS - metals extraction - Palladium,kilogram,CL,2035,FE_nylon,0.00013122348206280339,7.50047287818568
RELICS - metals extraction - Palladium,kilogram,CL,2035,FE_polyols,0.6914150105768669,7.50047287818568
RELICS - metals extraction - Palladium,kilogram,CL,2035,FE_polyols_lignin,0.0,7.50047287818568
RELICS - metals extraction - Palladium,kilogram,CL,2035,FE_polyols_retrofit,2.2816695346233242,7.50047287818568
RELICS - metals extraction - Palladium,kilogram,CL,2040,FE_CC_MTO_with_loop,0.00020661611485767926,7.962397667063454
RELICS - metals extraction - Palladium,kilogram,CL,2040,FE_CC_gasification,0.0004867003086772428,7.962397667063454
RELICS - metals extraction - Palladium,kilogram,CL,2040,FE_CC_waste_pyrolysis,0.0005002387926960062,7.962397667063454
RELICS - metals extraction - Palladium,kilogram,CL,2040,FE_MDI,0.0,7.962397667063454
RELICS - metals extraction - Palladium,kilogram,CL,2040,FE_PBS,0.0,7.962397667063454
RELICS - metals extraction - Palladium,kilogram,CL,2040,FE_PET,1.9240678314021167,7.962397667063454
RELICS - metals extraction - Palladium,kilogram,CL,2040,FE_PLA,0.30104728473403086,7.962397667063454
RELICS - metals extraction - Palladium,kilogram,CL,2040,FE_PMMA,0.11779559183523951,7.962397667063454
RELICS - metals extraction - Palladium,kilogram,CL,2040,FE_PPP,0.23691680224507242,7.962397667063454
RELICS - metals extraction - Palladium,kilogram,CL,2040,FE_PVC,2.162864866762912,7.962397667063454
RELICS - metals extraction - Palladium,kilogram,CL,2040,FE_nylon,0.00015546496216013478,7.962397667063454
RELICS - metals extraction - Palladium,kilogram,CL,2040,FE_polyols,0.0,7.962397667063454
RELICS - metals extraction - Palladium,kilogram,CL,2040,FE_polyols_lignin,0.0,7.962397667063454
RELICS - metals extraction - Palladium,kilogram,CL,2040,FE_polyols_retrofit,3.2183562699056916,7.962397667063454
RELICS - metals extraction - Palladium,kilogram,CL,2045,FE_CC_MTO_with_loop,0.00028908172215134334,9.454494865114107
RELICS - metals extraction - Palladium,kilogram,CL,2045,FE_CC_gasification,0.0005987416147299581,9.454494865114107
RELICS - metals extraction - Palladium,kilogram,CL,2045,FE_CC_waste_pyrolysis,0.0005313356017044755,9.454494865114107
RELICS - metals extraction - Palladium,kilogram,CL,2045,FE_MDI,0.6770989881589294,9.454494865114107
RELICS - metals extraction - Palladium,kilogram,CL,2045,FE_PBS,0.051180211925681354,9.454494865114107
RELICS - metals extraction - Palladium,kilogram,CL,2045,FE_PET,2.0237562757573397,9.454494865114107
RELICS - metals extraction - Palladium,kilogram,CL,2045,FE_PLA,0.38762671477550054,9.454494865114107
RELICS - metals extraction - Palladium,kilogram,CL,2045,FE_PMMA,0.12203771760799803,9.454494865114107
RELICS - metals extraction - Palladium,kilogram,CL,2045,FE_PPP,0.0,9.454494865114107
RELICS - metals extraction - Palladium,kilogram,CL,2045,FE_PVC,2.511638005403233,9.454494865114107
RELICS - metals extraction - Palladium,kilogram,CL,2045,FE_nylon,0.00018277131481470442,9.454494865114107
RELICS - metals extraction - Palladium,kilogram,CL,2045,FE_polyols,0.0,9.454494865114107
RELICS - metals extraction - Palladium,kilogram,CL,2045,FE_polyols_lignin,0.0,9.454494865114107
RELICS - metals extraction - Palladium,kilogram,CL,2045,FE_polyols_retrofit,3.6795550212320256,9.454494865114107
RELICS - metals extraction - Palladium,kilogram,CL,2050,FE_CC_MTO_with_loop,0.00031156707507819936,5.672228575433511
RELICS - metals extraction - Palladium,kilogram,CL,2050,FE_CC_gasification,0.0009636888390006096,5.672228575433511
RELICS - metals extraction - Palladium,kilogram,CL,2050,FE_CC_waste_pyrolysis,0.0006035600028127916,5.672228575433511
RELICS - metals extraction - Palladium,kilogram,CL,2050,FE_MDI,0.15459487087203427,5.672228575433511
RELICS - metals extraction - Palladium,kilogram,CL,2050,FE_PBS,0.051436308636914146,5.672228575433511
RELICS - metals extraction - Palladium,kilogram,CL,2050,FE_PET,1.818129145466329,5.672228575433511
RELICS - metals extraction - Palladium,kilogram,CL,2050,FE_PLA,0.0,5.672228575433511
RELICS - metals extraction - Palladium,kilogram,CL,2050,FE_PMMA,0.12080455739624954,5.672228575433511
RELICS - metals extraction - Palladium,kilogram,CL,2050,FE_PPP,0.9285940916709251,5.672228575433511
RELICS - metals extraction - Palladium,kilogram,CL,2050,FE_PVC,2.474434443665005,5.672228575433511
RELICS - metals extraction - Palladium,kilogram,CL,2050,FE_nylon,0.0007193088721788811,5.672228575433511
RELICS - metals extraction - Palladium,kilogram,CL,2050,FE_polyols,0.0,5.672228575433511
RELICS - metals extraction - Palladium,kilogram,CL,2050,FE_polyols_lignin,0.12163703293698398,5.672228575433511
RELICS - metals extraction - Palladium,kilogram,CL,2050,FE_polyols_retrofit,0.0,5.672228575433511
RELICS - metals extraction - Palladium,kilogram,OCE,2025,FE_CC_MTO_with_loop,0.0,8.312368150126547
RELICS - metals extraction - Palladium,kilogram,OCE,2025,FE_CC_gasification,0.0,8.312368150126547
RELICS - metals extraction - Palladium,kilogram,OCE,2025,FE_CC_waste_pyrolysis,2.2599933487110756e-05,8.312368150126547
RELICS - metals extraction - Palladium,kilogram,OCE,2025,FE_MDI,1.602514831364594,8.312368150126547
RELICS - metals extraction - Palladium,kilogram,OCE,2025,FE_PBS,0.0,8.312368150126547
RELICS - metals extraction - Palladium,kilogram,OCE,2025,FE_PET,1.5748058226961386,8.312368150126547
RELICS - metals extraction - Palladium,kilogram,OCE,2025,FE_PLA,0.0,8.312368150126547
RELICS - metals extraction - Palladium,kilogram,OCE,2025,FE_PMMA,0.11073066855212492,8.312368150126547
RELICS - metals extraction - Palladium,kilogram,OCE,2025,FE_PPP,0.31915321065198515,8.312368150126547
RELICS - metals extraction - Palladium,kilogram,OCE,2025,FE_PVC,2.088995954582314,8.312368150126547
RELICS - metals extraction - Palladium,kilogram,OCE,2025,FE_nylon,0.00027781690992544517,8.312368150126547
RELICS - metals extraction - Palladium,kilogram,OCE,2025,FE_polyols,1.9140492039972972,8.312368150126547
RELICS - metals extraction - Palladium,kilogram,OCE,2025,FE_polyols_lignin,0.0,8.312368150126547
RELICS - metals extraction - Palladium,kilogram,OCE,2025,FE_polyols_retrofit,0.7018180414386813,8.312368150126547
RELICS - metals extraction - Palladium,kilogram,OCE,2030,FE_CC_MTO_with_loop,2.8648551375815306e-05,8.511409243052233
RELICS - metals extraction - Palladium,kilogram,OCE,2030,FE_CC_gasification,0.00011464949545599845,8.511409243052233
RELICS - metals extraction - Palladium,kilogram,OCE,2030,FE_CC_waste_pyrolysis,-3.925969210189462e-21,8.511409243052233
RELICS - metals extraction - Palladium,kilogram,OCE,2030,FE_MDI,1.4567201871356177,8.511409243052233
RELICS - metals extraction - Palladium,kilogram,OCE,2030,FE_PBS,0.0,8.511409243052233
RELICS - metals extraction - Palladium,kilogram,OCE,2030,FE_PET,1.5919006815302956,8.511409243052233
RELICS - metals extraction - Palladium,kilogram,OCE,2030,FE_PLA,0.24322219029311107,8.511409243052233
RELICS - metals extraction - Palladium,kilogram,OCE,2030,FE_PMMA,0.11132995713230295,8.511409243052233
RELICS - metals extraction - Palladium,kilogram,OCE,2030,FE_PPP,0.32742398213748675,8.511409243052233
RELICS - metals extraction - Palladium,kilogram,OCE,2030,FE_PVC,2.091523381720343,8.511409243052233
RELICS - metals extraction - Palladium,kilogram,OCE,2030,FE_nylon,0.00030484182345803335,8.511409243052233
RELICS - metals extraction - Palladium,kilogram,OCE,2030,FE_polyols,1.2804003444064689,8.511409243052233
RELICS - metals extraction - Palladium,kilogram,OCE,2030,FE_polyols_lignin,0.0,8.511409243052233
RELICS - metals extraction - Palladium,kilogram,OCE,2030,FE_polyols_retrofit,1.4084403788263178,8.511409243052233
RELICS - metals extraction - Palladium,kilogram,OCE,2035,FE_CC_MTO_with_loop,7.597965785383561e-05,7.122834663925313
RELICS - metals extraction - Palladium,kilogram,OCE,2035,FE_CC_gasification,0.0009302065327318783,7.122834663925313
RELICS - metals extraction - Palladium,kilogram,OCE,2035,FE_CC_waste_pyrolysis,0.0003135766399290191,7.122834663925313
RELICS - metals extraction - Palladium,kilogram,OCE,2035,FE_MDI,1.208599119675623,7.122834663925313
RELICS - metals extraction - Palladium,kilogram,OCE,2035,FE_PBS,0.048713431899614676,7.122834663925313
RELICS - metals extraction - Palladium,kilogram,OCE,2035,FE_PET,1.664022975208139,7.122834663925313
RELICS - metals extraction - Palladium,kilogram,OCE,2035,FE_PLA,0.2460659805867279,7.122834663925313
RELICS - metals extraction - Palladium,kilogram,OCE,2035,FE_PMMA,0.11741091736608762,7.122834663925313
RELICS - metals extraction - Palladium,kilogram,OCE,2035,FE_PPP,0.0,7.122834663925313
RELICS - metals extraction - Palladium,kilogram,OCE,2035,FE_PVC,0.935927014644121,7.122834663925313
RELICS - metals extraction - Palladium,kilogram,OCE,2035,FE_nylon,0.00039555628965063007,7.122834663925313
RELICS - metals extraction - Palladium,kilogram,OCE,2035,FE_polyols,0.6745069542048873,7.122834663925313
RELICS - metals extraction - Palladium,kilogram,OCE,2035,FE_polyols_lignin,0.0,7.122834663925313
RELICS - metals extraction - Palladium,kilogram,OCE,2035,FE_polyols_retrofit,2.225872951219946,7.122834663925313
RELICS - metals extraction - Palladium,kilogram,OCE,2040,FE_CC_MTO_with_loop,8.026253692875872e-05,8.593549743081283
RELICS - metals extraction - Palladium,kilogram,OCE,2040,FE_CC_gasification,0.0008471048285601703,8.593549743081283
RELICS - metals extraction - Palladium,kilogram,OCE,2040,FE_CC_waste_pyrolysis,0.0005093125156948018,8.593549743081283
RELICS - metals extraction - Palladium,kilogram,OCE,2040,FE_MDI,1.2541683314545409,8.593549743081283
RELICS - metals extraction - Palladium,kilogram,OCE,2040,FE_PBS,0.04982495738010375,8.593549743081283
RELICS - metals extraction - Palladium,kilogram,OCE,2040,FE_PET,1.7027836499731628,8.593549743081283
RELICS - metals extraction - Palladium,kilogram,OCE,2040,FE_PLA,0.252225250509694,8.593549743081283
RELICS - metals extraction - Palladium,kilogram,OCE,2040,FE_PMMA,0.11779526575873721,8.593549743081283
RELICS - metals extraction - Palladium,kilogram,OCE,2040,FE_PPP,0.0,8.593549743081283
RELICS - metals extraction - Palladium,kilogram,OCE,2040,FE_PVC,2.193300286056066,8.593549743081283
RELICS - metals extraction - Palladium,kilogram,OCE,2040,FE_nylon,0.0006313100937346086,8.593549743081283
RELICS - metals extraction - Palladium,kilogram,OCE,2040,FE_polyols,0.0,8.593549743081283
RELICS - metals extraction - Palladium,kilogram,OCE,2040,FE_polyols_lignin,0.0,8.593549743081283
RELICS - metals extraction - Palladium,kilogram,OCE,2040,FE_polyols_retrofit,3.0213840119740594,8.593549743081283
RELICS - metals extraction - Palladium,kilogram,OCE,2045,FE_CC_MTO_with_loop,0.0005161750210303642,12.674184423197724
RELICS - metals extraction - Palladium,kilogram,OCE,2045,FE_CC_gasification,0.0009367486038219332,12.674184423197724
RELICS - metals extraction - Palladium,kilogram,OCE,2045,FE_CC_waste_pyrolysis,0.001070582912121132,12.674184423197724
RELICS - metals extraction - Palladium,kilogram,OCE,2045,FE_MDI,2.334109996021709,12.674184423197724
RELICS - metals extraction - Palladium,kilogram,OCE,2045,FE_PBS,0.0,12.674184423197724
RELICS - metals extraction - Palladium,kilogram,OCE,2045,FE_PET,2.2421913247972154,12.674184423197724
RELICS - metals extraction - Palladium,kilogram,OCE,2045,FE_PLA,0.2579849649445351,12.674184423197724
RELICS - metals extraction - Palladium,kilogram,OCE,2045,FE_PMMA,0.12203900479692126,12.674184423197724
RELICS - metals extraction - Palladium,kilogram,OCE,2045,FE_PPP,0.913164805315481,12.674184423197724
RELICS - metals extraction - Palladium,kilogram,OCE,2045,FE_PVC,2.6697308262375357,12.674184423197724
RELICS - metals extraction - Palladium,kilogram,OCE,2045,FE_nylon,0.0007066058969148663,12.674184423197724
RELICS - metals extraction - Palladium,kilogram,OCE,2045,FE_polyols,0.0,12.674184423197724
RELICS - metals extraction - Palladium,kilogram,OCE,2045,FE_polyols_lignin,0.0,12.674184423197724
RELICS - metals extraction - Palladium,kilogram,OCE,2045,FE_polyols_retrofit,4.131733388650439,12.674184423197724
RELICS - metals extraction - Palladium,kilogram,OCE,2050,FE_CC_MTO_with_loop,0.0008925602221936652,12.841657697286749
RELICS - metals extraction - Palladium,kilogram,OCE,2050,FE_CC_gasification,0.0008403175277245461,12.841657697286749
RELICS - metals extraction - Palladium,kilogram,OCE,2050,FE_CC_waste_pyrolysis,0.0010938740084936527,12.841657697286749
RELICS - metals extraction - Palladium,kilogram,OCE,2050,FE_MDI,2.7261731458759138,12.841657697286749
RELICS - metals extraction - Palladium,kilogram,OCE,2050,FE_PBS,0.0,12.841657697286749
RELICS - metals extraction - Palladium,kilogram,OCE,2050,FE_PET,1.8815225194269616,12.841657697286749
RELICS - metals extraction - Palladium,kilogram,OCE,2050,FE_PLA,0.39183776355952493,12.841657697286749
RELICS - metals extraction - Palladium,kilogram,OCE,2050,FE_PMMA,0.1208055712205714,12.841657697286749
RELICS - metals extraction - Palladium,kilogram,OCE,2050,FE_PPP,0.9775262989227032,12.841657697286749
RELICS - metals extraction - Palladium,kilogram,OCE,2050,FE_PVC,2.599328740544894,12.841657697286749
RELICS - metals extraction - Palladium,kilogram,OCE,2050,FE_nylon,0.0007479253402163918,12.841657697286749
RELICS - metals extraction - Palladium,kilogram,OCE,2050,FE_polyols,0.0,12.841657697286749
RELICS - metals extraction - Palladium,kilogram,OCE,2050,FE_polyols_lignin,0.0,12.841657697286749
RELICS - metals extraction - Palladium,kilogram,OCE,2050,FE_polyols_retrofit,4.140888980637551,12.841657697286749
RELICS - metals extraction - Titanium,kilogram,CL,2025,FE_CC_MTO_with_loop,0.0,334809.7133671909
RELICS - metals extraction - Titanium,kilogram,CL,2025,FE_CC_gasification,1.476173370511002,334809.7133671909
RELICS - metals extraction - Titanium,kilogram,CL,2025,FE_CC_waste_pyrolysis,6.980498317400379,334809.7133671909
RELICS - metals extraction - Titanium,kilogram,CL,2025,FE_MDI,38373.84116343941,334809.7133671909
RELICS - metals extraction - Titanium,kilogram,CL,2025,FE_PBS,0.0,334809.7133671909
RELICS - metals extraction - Titanium,kilogram,CL,2025,FE_PET,50402.52353085526,334809.7133671909
RELICS - metals extraction - Titanium,kilogram,CL,2025,FE_PLA,0.0,334809.7133671909
RELICS - metals extraction - Titanium,kilogram,CL,2025,FE_PMMA,2979.574488214658,334809.7133671909
RELICS - metals extraction - Titanium,kilogram,CL,2025,FE_PPP,66219.1648994596,334809.7133671909
RELICS - metals extraction - Titanium,kilogram,CL,2025,FE_PVC,41940.86328283374,334809.7133671909
RELICS - metals extraction - Titanium,kilogram,CL,2025,FE_nylon,55121.41456070237,334809.7133671909
RELICS - metals extraction - Titanium,kilogram,CL,2025,FE_polyols,58363.810807329224,334809.7133671909
RELICS - metals extraction - Titanium,kilogram,CL,2025,FE_polyols_lignin,0.0,334809.7133671909
RELICS - metals extraction - Titanium,kilogram,CL,2025,FE_polyols_retrofit,21400.06396266877,334809.7133671909
RELICS - metals extraction - Titanium,kilogram,CL,2030,FE_CC_MTO_with_loop,16.502157092591833,288806.9804678929
RELICS - metals extraction - Titanium,kilogram,CL,2030,FE_CC_gasification,202.27182346838626,288806.9804678929
RELICS - metals extraction - Titanium,kilogram,CL,2030,FE_CC_waste_pyrolysis,7.798726143553412,288806.9804678929
RELICS - metals extraction - Titanium,kilogram,CL,2030,FE_MDI,19468.77033973464,288806.9804678929
RELICS - metals extraction - Titanium,kilogram,CL,2030,FE_PBS,0.0,288806.9804678929
RELICS - metals extraction - Titanium,kilogram,CL,2030,FE_PET,48747.215038476825,288806.9804678929
RELICS - metals extraction - Titanium,kilogram,CL,2030,FE_PLA,11731.040224397366,288806.9804678929
RELICS - metals extraction - Titanium,kilogram,CL,2030,FE_PMMA,2905.0643763024286,288806.9804678929
RELICS - metals extraction - Titanium,kilogram,CL,2030,FE_PPP,64857.52039305506,288806.9804678929
RELICS - metals extraction - Titanium,kilogram,CL,2030,FE_PVC,12026.473849805498,288806.9804678929
RELICS - metals extraction - Titanium,kilogram,CL,2030,FE_nylon,50671.59630553859,288806.9804678929
RELICS - metals extraction - Titanium,kilogram,CL,2030,FE_polyols,37225.10820754485,288806.9804678929
RELICS - metals extraction - Titanium,kilogram,CL,2030,FE_polyols_lignin,0.0,288806.9804678929
RELICS - metals extraction - Titanium,kilogram,CL,2030,FE_polyols_retrofit,40947.6190263331,288806.9804678929
RELICS - metals extraction - Titanium,kilogram,CL,2035,FE_CC_MTO_with_loop,19.39899706133373,235152.67135367222
RELICS - metals extraction - Titanium,kilogram,CL,2035,FE_CC_gasification,160.935594501431,235152.67135367222
RELICS - metals extraction - Titanium,kilogram,CL,2035,FE_CC_waste_pyrolysis,55.940865712216656,235152.67135367222
RELICS - metals extraction - Titanium,kilogram,CL,2035,FE_MDI,19942.641268677893,235152.67135367222
RELICS - metals extraction - Titanium,kilogram,CL,2035,FE_PBS,0.0,235152.67135367222
RELICS - metals extraction - Titanium,kilogram,CL,2035,FE_PET,49142.14419480952,235152.67135367222
RELICS - metals extraction - Titanium,kilogram,CL,2035,FE_PLA,11350.901910170101,235152.67135367222
RELICS - metals extraction - Titanium,kilogram,CL,2035,FE_PMMA,3100.609202601817,235152.67135367222
RELICS - metals extraction - Titanium,kilogram,CL,2035,FE_PPP,21920.271866504892,235152.67135367222
RELICS - metals extraction - Titanium,kilogram,CL,2035,FE_PVC,26652.69313087694,235152.67135367222
RELICS - metals extraction - Titanium,kilogram,CL,2035,FE_nylon,17877.15591493247,235152.67135367222
RELICS - metals extraction - Titanium,kilogram,CL,2035,FE_polyols,19751.157767496697,235152.67135367222
RELICS - metals extraction - Titanium,kilogram,CL,2035,FE_polyols_lignin,0.0,235152.67135367222
RELICS - metals extraction - Titanium,kilogram,CL,2035,FE_polyols_retrofit,65178.82064032696,235152.67135367222
RELICS - metals extraction - Titanium,kilogram,CL,2040,FE_CC_MTO_with_loop,28.788657595250406,1278607.3730002362
RELICS - metals extraction - Titanium,kilogram,CL,2040,FE_CC_gasification,67.81391935664433,1278607.3730002362
RELICS - metals extraction - Titanium,kilogram,CL,2040,FE_CC_waste_pyrolysis,69.70029101047479,1278607.3730002362
RELICS - metals extraction - Titanium,kilogram,CL,2040,FE_MDI,0.0,1278607.3730002362
RELICS - metals extraction - Titanium,kilogram,CL,2040,FE_PBS,0.0,1278607.3730002362
RELICS - metals extraction - Titanium,kilogram,CL,2040,FE_PET,146902.7573617103,1278607.3730002362
RELICS - metals extraction - Titanium,kilogram,CL,2040,FE_PLA,8783.113130380758,1278607.3730002362
RELICS - metals extraction - Titanium,kilogram,CL,2040,FE_PMMA,3099.359062816608,1278607.3730002362
RELICS - metals extraction - Titanium,kilogram,CL,2040,FE_PPP,181850.87080057434,1278607.3730002362
RELICS - metals extraction - Titanium,kilogram,CL,2040,FE_PVC,245199.1133083838,1278607.3730002362
RELICS - metals extraction - Titanium,kilogram,CL,2040,FE_nylon,18844.167733297374,1278607.3730002362
RELICS - metals extraction - Titanium,kilogram,CL,2040,FE_polyols,0.0,1278607.3730002362
RELICS - metals extraction - Titanium,kilogram,CL,2040,FE_polyols_lignin,0.0,1278607.3730002362
RELICS - metals extraction - Titanium,kilogram,CL,2040,FE_polyols_retrofit,673761.6887351108,1278607.3730002362
RELICS - metals extraction - Titanium,kilogram,CL,2045,FE_CC_MTO_with_loop,35.700023230544375,1293488.1673541956
RELICS - metals extraction - Titanium,kilogram,CL,2045,FE_CC_gasification,73.94133838465213,1293488.1673541956
RELICS - metals extraction - Titanium,kilogram,CL,2045,FE_CC_waste_pyrolysis,65.61706164504967,1293488.1673541956
RELICS - metals extraction - Titanium,kilogram,CL,2045,FE_MDI,15775.938954716446,1293488.1673541956
RELICS - metals extraction - Titanium,kilogram,CL,2045,FE_PBS,96722.62658164588,1293488.1673541956
RELICS - metals extraction - Titanium,kilogram,CL,2045,FE_PET,147590.8511429985,1293488.1673541956
RELICS - metals extraction - Titanium,kilogram,CL,2045,FE_PLA,10717.909783828733,1293488.1673541956
RELICS - metals extraction - Titanium,kilogram,CL,2045,FE_PMMA,3156.480777046644,1293488.1673541956
RELICS - metals extraction - Titanium,kilogram,CL,2045,FE_PPP,0.0,1293488.1673541956
RELICS - metals extraction - Titanium,kilogram,CL,2045,FE_PVC,262649.4722854611,1293488.1673541956
RELICS - metals extraction - Titanium,kilogram,CL,2045,FE_nylon,19793.74910364322,1293488.1673541956
RELICS - metals extraction - Titanium,kilogram,CL,2045,FE_polyols,0.0,1293488.1673541956
RELICS - metals extraction - Titanium,kilogram,CL,2045,FE_polyols_lignin,0.0,1293488.1673541956
RELICS - metals extraction - Titanium,kilogram,CL,2045,FE_polyols_retrofit,736905.8803015949,1293488.1673541956
RELICS - metals extraction - Titanium,kilogram,CL,2050,FE_CC_MTO_with_loop,34.734025912810004,1118363.9092923412
RELICS - metals extraction - Titanium,kilogram,CL,2050,FE_CC_gasification,107.43366633729279,1118363.9092923412
RELICS - metals extraction - Titanium,kilogram,CL,2050,FE_CC_waste_pyrolysis,67.28589191753856,1118363.9092923412
RELICS - metals extraction - Titanium,kilogram,CL,2050,FE_MDI,3422.604741841471,1118363.9092923412
RELICS - metals extraction - Titanium,kilogram,CL,2050,FE_PBS,94739.21311482495,1118363.9092923412
RELICS - metals extraction - Titanium,kilogram,CL,2050,FE_PET,127653.1888579052,1118363.9092923412
RELICS - metals extraction - Titanium,kilogram,CL,2050,FE_PLA,0.0,1118363.9092923412
RELICS - metals extraction - Titanium,kilogram,CL,2050,FE_PMMA,2945.0435904866054,1118363.9092923412
RELICS - metals extraction - Titanium,kilogram,CL,2050,FE_PPP,550527.0617268191,1118363.9092923412
RELICS - metals extraction - Titanium,kilogram,CL,2050,FE_PVC,233110.19772740128,1118363.9092923412
RELICS - metals extraction - Titanium,kilogram,CL,2050,FE_nylon,73594.69186726186,1118363.9092923412
RELICS - metals extraction - Titanium,kilogram,CL,2050,FE_polyols,0.0,1118363.9092923412
RELICS - metals extraction - Titanium,kilogram,CL,2050,FE_polyols_lignin,32162.454081633186,1118363.9092923412
RELICS - metals extraction - Titanium,kilogram,CL,2050,FE_polyols_retrofit,0.0,1118363.9092923412
RELICS - metals extraction - Titanium,kilogram,OCE,2025,FE_CC_MTO_with_loop,0.0,334742.456426756
RELICS - metals extraction - Titanium,kilogram,OCE,2025,FE_CC_gasification,0.0,334742.456426756
RELICS - metals extraction - Titanium,kilogram,OCE,2025,FE_CC_waste_pyrolysis,6.980498192377906,334742.456426756
RELICS - metals extraction - Titanium,kilogram,OCE,2025,FE_MDI,38338.296804331236,334742.456426756
RELICS - metals extraction - Titanium,kilogram,OCE,2025,FE_PBS,0.0,334742.456426756
RELICS - metals extraction - Titanium,kilogram,OCE,2025,FE_PET,50389.766373699604,334742.456426756
RELICS - metals extraction - Titanium,kilogram,OCE,2025,FE_PLA,0.0,334742.456426756
RELICS - metals extraction - Titanium,kilogram,OCE,2025,FE_PMMA,2979.574456231375,334742.456426756
RELICS - metals extraction - Titanium,kilogram,OCE,2025,FE_PPP,66219.8874581167,334742.456426756
RELICS - metals extraction - Titanium,kilogram,OCE,2025,FE_PVC,41940.861332800196,334742.456426756
RELICS - metals extraction - Titanium,kilogram,OCE,2025,FE_nylon,55121.4145600585,334742.456426756
RELICS - metals extraction - Titanium,kilogram,OCE,2025,FE_polyols,58350.49386087956,334742.456426756
RELICS - metals extraction - Titanium,kilogram,OCE,2025,FE_polyols_lignin,0.0,334742.456426756
RELICS - metals extraction - Titanium,kilogram,OCE,2025,FE_polyols_retrofit,21395.18108244645,334742.456426756
RELICS - metals extraction - Titanium,kilogram,OCE,2030,FE_CC_MTO_with_loop,5.237844139229389,328668.95571694826
RELICS - metals extraction - Titanium,kilogram,OCE,2030,FE_CC_gasification,20.961485281766425,328668.95571694826
RELICS - metals extraction - Titanium,kilogram,OCE,2030,FE_CC_waste_pyrolysis,-7.17788991918307e-16,328668.95571694826
RELICS - metals extraction - Titanium,kilogram,OCE,2030,FE_MDI,34090.659718104,328668.95571694826
RELICS - metals extraction - Titanium,kilogram,OCE,2030,FE_PBS,0.0,328668.95571694826
RELICS - metals extraction - Titanium,kilogram,OCE,2030,FE_PET,48866.035691948025,328668.95571694826
RELICS - metals extraction - Titanium,kilogram,OCE,2030,FE_PLA,7733.646347309366,328668.95571694826
RELICS - metals extraction - Titanium,kilogram,OCE,2030,FE_PMMA,2905.0647316355803,328668.95571694826
RELICS - metals extraction - Titanium,kilogram,OCE,2030,FE_PPP,65138.31566361057,328668.95571694826
RELICS - metals extraction - Titanium,kilogram,OCE,2030,FE_PVC,40482.08742850945,328668.95571694826
RELICS - metals extraction - Titanium,kilogram,OCE,2030,FE_nylon,50671.59631281327,328668.95571694826
RELICS - metals extraction - Titanium,kilogram,OCE,2030,FE_polyols,37502.54785461012,328668.95571694826
RELICS - metals extraction - Titanium,kilogram,OCE,2030,FE_polyols_lignin,0.0,328668.95571694826
RELICS - metals extraction - Titanium,kilogram,OCE,2030,FE_polyols_retrofit,41252.80263898685,328668.95571694826
RELICS - metals extraction - Titanium,kilogram,OCE,2035,FE_CC_MTO_with_loop,11.803479583720009,343642.87665736466
RELICS - metals extraction - Titanium,kilogram,OCE,2035,FE_CC_gasification,144.5080833753875,343642.87665736466
RELICS - metals extraction - Titanium,kilogram,OCE,2035,FE_CC_waste_pyrolysis,48.71429438263529,343642.87665736466
RELICS - metals extraction - Titanium,kilogram,OCE,2035,FE_MDI,27723.066057711632,343642.87665736466
RELICS - metals extraction - Titanium,kilogram,OCE,2035,FE_PBS,100678.36869754869,343642.87665736466
RELICS - metals extraction - Titanium,kilogram,OCE,2035,FE_PET,49391.448691324644,343642.87665736466
RELICS - metals extraction - Titanium,kilogram,OCE,2035,FE_PLA,7483.0421962619885,343642.87665736466
RELICS - metals extraction - Titanium,kilogram,OCE,2035,FE_PMMA,3100.611921152072,343642.87665736466
RELICS - metals extraction - Titanium,kilogram,OCE,2035,FE_PPP,0.0,343642.87665736466
RELICS - metals extraction - Titanium,kilogram,OCE,2035,FE_PVC,18253.534136209793,343642.87665736466
RELICS - metals extraction - Titanium,kilogram,OCE,2035,FE_nylon,53888.26093700425,343642.87665736466
RELICS - metals extraction - Titanium,kilogram,OCE,2035,FE_polyols,19283.608873800164,343642.87665736466
RELICS - metals extraction - Titanium,kilogram,OCE,2035,FE_polyols_lignin,0.0,343642.87665736466
RELICS - metals extraction - Titanium,kilogram,OCE,2035,FE_polyols_retrofit,63635.9092890097,343642.87665736466
RELICS - metals extraction - Titanium,kilogram,OCE,2040,FE_CC_MTO_with_loop,11.185554950899622,1543352.2556929158
RELICS - metals extraction - Titanium,kilogram,OCE,2040,FE_CC_gasification,118.0543000959329,1543352.2556929158
RELICS - metals extraction - Titanium,kilogram,OCE,2040,FE_CC_waste_pyrolysis,70.97885703201041,1543352.2556929158
RELICS - metals extraction - Titanium,kilogram,OCE,2040,FE_MDI,29638.12222860433,1543352.2556929158
RELICS - metals extraction - Titanium,kilogram,OCE,2040,FE_PBS,98710.66888197623,1543352.2556929158
RELICS - metals extraction - Titanium,kilogram,OCE,2040,FE_PET,178295.39044027057,1543352.2556929158
RELICS - metals extraction - Titanium,kilogram,OCE,2040,FE_PLA,7359.035080170979,1543352.2556929158
RELICS - metals extraction - Titanium,kilogram,OCE,2040,FE_PMMA,3099.679890829794,1543352.2556929158
RELICS - metals extraction - Titanium,kilogram,OCE,2040,FE_PPP,0.0,1543352.2556929158
RELICS - metals extraction - Titanium,kilogram,OCE,2040,FE_PVC,353535.1914544935,1543352.2556929158
RELICS - metals extraction - Titanium,kilogram,OCE,2040,FE_nylon,76522.76941988198,1543352.2556929158
RELICS - metals extraction - Titanium,kilogram,OCE,2040,FE_polyols,0.0,1543352.2556929158
RELICS - metals extraction - Titanium,kilogram,OCE,2040,FE_polyols_lignin,0.0,1543352.2556929158
RELICS - metals extraction - Titanium,kilogram,OCE,2040,FE_polyols_retrofit,795991.1795846096,1543352.2556929158
RELICS - metals extraction - Titanium,kilogram,OCE,2045,FE_CC_MTO_with_loop,63.733441208553444,1433174.7594993385
RELICS - metals extraction - Titanium,kilogram,OCE,2045,FE_CC_gasification,115.66272994660183,1433174.7594993385
RELICS - metals extraction - Titanium,kilogram,OCE,2045,FE_CC_waste_pyrolysis,132.18759209026538,1433174.7594993385
RELICS - metals extraction - Titanium,kilogram,OCE,2045,FE_MDI,59024.33427033085,1433174.7594993385
RELICS - metals extraction - Titanium,kilogram,OCE,2045,FE_PBS,0.0,1433174.7594993385
RELICS - metals extraction - Titanium,kilogram,OCE,2045,FE_PET,134463.563249903,1433174.7594993385
RELICS - metals extraction - Titanium,kilogram,OCE,2045,FE_PLA,7133.101214205397,1433174.7594993385
RELICS - metals extraction - Titanium,kilogram,OCE,2045,FE_PMMA,3156.1657692798785,1433174.7594993385
RELICS - metals extraction - Titanium,kilogram,OCE,2045,FE_PPP,356015.11267597246,1433174.7594993385
RELICS - metals extraction - Titanium,kilogram,OCE,2045,FE_PVC,205793.56246179139,1433174.7594993385
RELICS - metals extraction - Titanium,kilogram,OCE,2045,FE_nylon,76521.82687488683,1433174.7594993385
RELICS - metals extraction - Titanium,kilogram,OCE,2045,FE_polyols,0.0,1433174.7594993385
RELICS - metals extraction - Titanium,kilogram,OCE,2045,FE_polyols_lignin,0.0,1433174.7594993385
RELICS - metals extraction - Titanium,kilogram,OCE,2045,FE_polyols_retrofit,590755.5092197233,1433174.7594993385
RELICS - metals extraction - Titanium,kilogram,OCE,2050,FE_CC_MTO_with_loop,99.47780500101231,1039704.427062653
RELICS - metals extraction - Titanium,kilogram,OCE,2050,FE_CC_gasification,93.65524107695526,1039704.427062653
RELICS - metals extraction - Titanium,kilogram,OCE,2050,FE_CC_waste_pyrolysis,121.91466968737375,1039704.427062653
RELICS - metals extraction - Titanium,kilogram,OCE,2050,FE_MDI,61588.90164209629,1039704.427062653
RELICS - metals extraction - Titanium,kilogram,OCE,2050,FE_PBS,0.0,1039704.427062653
RELICS - metals extraction - Titanium,kilogram,OCE,2050,FE_PET,86451.63090312992,1039704.427062653
RELICS - metals extraction - Titanium,kilogram,OCE,2050,FE_PLA,10430.172709476581,1039704.427062653
RELICS - metals extraction - Titanium,kilogram,OCE,2050,FE_PMMA,2944.461166389073,1039704.427062653
RELICS - metals extraction - Titanium,kilogram,OCE,2050,FE_PPP,258839.37576460984,1039704.427062653
RELICS - metals extraction - Titanium,kilogram,OCE,2050,FE_PVC,132293.30918082406,1039704.427062653
RELICS - metals extraction - Titanium,kilogram,OCE,2050,FE_nylon,76520.57680731341,1039704.427062653
RELICS - metals extraction - Titanium,kilogram,OCE,2050,FE_polyols,0.0,1039704.427062653
RELICS - metals extraction - Titanium,kilogram,OCE,2050,FE_polyols_lignin,0.0,1039704.427062653
RELICS - metals extraction - Titanium,kilogram,OCE,2050,FE_polyols_retrofit,410320.9511730484,1039704.427062653
